reactants,products,id,family,type,depth,status,verdict,decided
F2_v + Ar,F2 + Ar,cand_F2_v_Ar_vt,neutral_neutral,vibrational_relaxation,2,candidate,"conserved, species proposed",yes
FO_v + Ar,FO + Ar,cand_FO_v_Ar_vt,neutral_neutral,vibrational_relaxation,3,candidate,"conserved, species proposed",yes
O2_v + Ar,O2 + Ar,cand_O2_v_Ar_vt,neutral_neutral,vibrational_relaxation,1,candidate,"conserved, species proposed",yes
SF2_v + Ar,SF2 + Ar,cand_SF2_v_Ar_vt,neutral_neutral,vibrational_relaxation,2,candidate,"conserved, species proposed",yes
SF3_v + Ar,SF3 + Ar,cand_SF3_v_Ar_vt,neutral_neutral,vibrational_relaxation,2,candidate,"conserved, species proposed",yes
SF4_v + Ar,SF4 + Ar,cand_SF4_v_Ar_vt,neutral_neutral,vibrational_relaxation,2,candidate,"conserved, species proposed",yes
SF5_v + Ar,SF5 + Ar,cand_SF5_v_Ar_vt,neutral_neutral,vibrational_relaxation,2,candidate,"conserved, species proposed",yes
SF6_v + Ar,SF6 + Ar,cand_SF6_v_Ar_vt,neutral_neutral,vibrational_relaxation,1,candidate,"conserved, species proposed",yes
SF_v + Ar,SF + Ar,cand_SF_v_Ar_vt,neutral_neutral,vibrational_relaxation,2,candidate,"conserved, species proposed",yes
SO2F2_v + Ar,SO2F2 + Ar,cand_SO2F2_v_Ar_vt,neutral_neutral,vibrational_relaxation,4,candidate,"conserved, species proposed",yes
SO2_v + Ar,SO2 + Ar,cand_SO2_v_Ar_vt,neutral_neutral,vibrational_relaxation,4,candidate,"conserved, species proposed",yes
SOF2_v + Ar,SOF2 + Ar,cand_SOF2_v_Ar_vt,neutral_neutral,vibrational_relaxation,3,candidate,"conserved, species proposed",yes
SOF3_v + Ar,SOF3 + Ar,cand_SOF3_v_Ar_vt,neutral_neutral,vibrational_relaxation,3,candidate,"conserved, species proposed",yes
SOF4_v + Ar,SOF4 + Ar,cand_SOF4_v_Ar_vt,neutral_neutral,vibrational_relaxation,3,candidate,"conserved, species proposed",yes
SOF_v + Ar,SOF + Ar,cand_SOF_v_Ar_vt,neutral_neutral,vibrational_relaxation,3,candidate,"conserved, species proposed",yes
SO_v + Ar,SO + Ar,cand_SO_v_Ar_vt,neutral_neutral,vibrational_relaxation,3,candidate,"conserved, species proposed",yes
F2_v + Ar_4s,F2 + Ar_4s,cand_F2_v_Ar_4s_vt,neutral_neutral,vibrational_relaxation,2,candidate,"conserved, species proposed",yes
FO_v + Ar_4s,FO + Ar_4s,cand_FO_v_Ar_4s_vt,neutral_neutral,vibrational_relaxation,3,candidate,"conserved, species proposed",yes
O2_v + Ar_4s,O2 + Ar_4s,cand_O2_v_Ar_4s_vt,neutral_neutral,vibrational_relaxation,1,candidate,"conserved, species proposed",yes
Ar_4s + S,Ar + S+ + e,cand_Ar_4s_S_penning,neutral_neutral,penning_ionization,2,candidate,"conserved, species proposed",yes
Ar_4s + SF,Ar + SF+ + e,cand_Ar_4s_SF_penning,neutral_neutral,penning_ionization,1,candidate,"conserved, species proposed",yes
Ar_4s + SF2,Ar + SF2+ + e,cand_Ar_4s_SF2_penning,neutral_neutral,penning_ionization,1,candidate,"conserved, species proposed",yes
SF2_v + Ar_4s,SF2 + Ar_4s,cand_SF2_v_Ar_4s_vt,neutral_neutral,vibrational_relaxation,2,candidate,"conserved, species proposed",yes
Ar_4s + SF3,Ar + SF3+ + e,cand_Ar_4s_SF3_penning,neutral_neutral,penning_ionization,1,candidate,"conserved, species proposed",yes
SF3_v + Ar_4s,SF3 + Ar_4s,cand_SF3_v_Ar_4s_vt,neutral_neutral,vibrational_relaxation,2,candidate,"conserved, species proposed",yes
SF4_v + Ar_4s,SF4 + Ar_4s,cand_SF4_v_Ar_4s_vt,neutral_neutral,vibrational_relaxation,2,candidate,"conserved, species proposed",yes
Ar_4s + SF5,Ar + SF5+ + e,cand_Ar_4s_SF5_penning,neutral_neutral,penning_ionization,1,candidate,"conserved, species proposed",yes
SF5_v + Ar_4s,SF5 + Ar_4s,cand_SF5_v_Ar_4s_vt,neutral_neutral,vibrational_relaxation,2,candidate,"conserved, species proposed",yes
SF6_v + Ar_4s,SF6 + Ar_4s,cand_SF6_v_Ar_4s_vt,neutral_neutral,vibrational_relaxation,1,candidate,"conserved, species proposed",yes
SF_v + Ar_4s,SF + Ar_4s,cand_SF_v_Ar_4s_vt,neutral_neutral,vibrational_relaxation,2,candidate,"conserved, species proposed",yes
SO2F2_v + Ar_4s,SO2F2 + Ar_4s,cand_SO2F2_v_Ar_4s_vt,neutral_neutral,vibrational_relaxation,4,candidate,"conserved, species proposed",yes
SO2_v + Ar_4s,SO2 + Ar_4s,cand_SO2_v_Ar_4s_vt,neutral_neutral,vibrational_relaxation,4,candidate,"conserved, species proposed",yes
SOF2_v + Ar_4s,SOF2 + Ar_4s,cand_SOF2_v_Ar_4s_vt,neutral_neutral,vibrational_relaxation,3,candidate,"conserved, species proposed",yes
SOF3_v + Ar_4s,SOF3 + Ar_4s,cand_SOF3_v_Ar_4s_vt,neutral_neutral,vibrational_relaxation,3,candidate,"conserved, species proposed",yes
SOF4_v + Ar_4s,SOF4 + Ar_4s,cand_SOF4_v_Ar_4s_vt,neutral_neutral,vibrational_relaxation,3,candidate,"conserved, species proposed",yes
SOF_v + Ar_4s,SOF + Ar_4s,cand_SOF_v_Ar_4s_vt,neutral_neutral,vibrational_relaxation,3,candidate,"conserved, species proposed",yes
SO_v + Ar_4s,SO + Ar_4s,cand_SO_v_Ar_4s_vt,neutral_neutral,vibrational_relaxation,3,candidate,"conserved, species proposed",yes
F2_v + F,F2 + F,cand_F2_v_F_vt,neutral_neutral,vibrational_relaxation,2,candidate,"conserved, species proposed",yes
FO_v + F,FO + F,cand_FO_v_F_vt,neutral_neutral,vibrational_relaxation,3,candidate,"conserved, species proposed",yes
O2_v + F,O2 + F,cand_O2_v_F_vt,neutral_neutral,vibrational_relaxation,1,candidate,"conserved, species proposed",yes
SF2_v + F,SF2 + F,cand_SF2_v_F_vt,neutral_neutral,vibrational_relaxation,2,candidate,"conserved, species proposed",yes
SF3_v + F,SF3 + F,cand_SF3_v_F_vt,neutral_neutral,vibrational_relaxation,2,candidate,"conserved, species proposed",yes
SF4_v + F,SF4 + F,cand_SF4_v_F_vt,neutral_neutral,vibrational_relaxation,2,candidate,"conserved, species proposed",yes
SF5_v + F,SF5 + F,cand_SF5_v_F_vt,neutral_neutral,vibrational_relaxation,2,candidate,"conserved, species proposed",yes
SF6_v + F,SF6 + F,cand_SF6_v_F_vt,neutral_neutral,vibrational_relaxation,1,candidate,"conserved, species proposed",yes
SF_v + F,SF + F,cand_SF_v_F_vt,neutral_neutral,vibrational_relaxation,2,candidate,"conserved, species proposed",yes
SO2F2_v + F,SO2F2 + F,cand_SO2F2_v_F_vt,neutral_neutral,vibrational_relaxation,4,candidate,"conserved, species proposed",yes
SO2_v + F,SO2 + F,cand_SO2_v_F_vt,neutral_neutral,vibrational_relaxation,4,candidate,"conserved, species proposed",yes
SOF2_v + F,SOF2 + F,cand_SOF2_v_F_vt,neutral_neutral,vibrational_relaxation,3,candidate,"conserved, species proposed",yes
SOF3_v + F,SOF3 + F,cand_SOF3_v_F_vt,neutral_neutral,vibrational_relaxation,3,candidate,"conserved, species proposed",yes
SOF4_v + F,SOF4 + F,cand_SOF4_v_F_vt,neutral_neutral,vibrational_relaxation,3,candidate,"conserved, species proposed",yes
SOF_v + F,SOF + F,cand_SOF_v_F_vt,neutral_neutral,vibrational_relaxation,3,candidate,"conserved, species proposed",yes
SO_v + F,SO + F,cand_SO_v_F_vt,neutral_neutral,vibrational_relaxation,3,candidate,"conserved, species proposed",yes
F2_v + F*,F2 + F*,cand_F2_v_F*_vt,neutral_neutral,vibrational_relaxation,2,candidate,"conserved, species proposed",yes
FO_v + F*,FO + F*,cand_FO_v_F*_vt,neutral_neutral,vibrational_relaxation,3,candidate,"conserved, species proposed",yes
O2_v + F*,O2 + F*,cand_O2_v_F*_vt,neutral_neutral,vibrational_relaxation,2,candidate,"conserved, species proposed",yes
SF2_v + F*,SF2 + F*,cand_SF2_v_F*_vt,neutral_neutral,vibrational_relaxation,2,candidate,"conserved, species proposed",yes
SF3_v + F*,SF3 + F*,cand_SF3_v_F*_vt,neutral_neutral,vibrational_relaxation,2,candidate,"conserved, species proposed",yes
SF4_v + F*,SF4 + F*,cand_SF4_v_F*_vt,neutral_neutral,vibrational_relaxation,2,candidate,"conserved, species proposed",yes
SF5_v + F*,SF5 + F*,cand_SF5_v_F*_vt,neutral_neutral,vibrational_relaxation,2,candidate,"conserved, species proposed",yes
SF6_v + F*,SF6 + F*,cand_SF6_v_F*_vt,neutral_neutral,vibrational_relaxation,2,candidate,"conserved, species proposed",yes
SF_v + F*,SF + F*,cand_SF_v_F*_vt,neutral_neutral,vibrational_relaxation,2,candidate,"conserved, species proposed",yes
SO2F2_v + F*,SO2F2 + F*,cand_SO2F2_v_F*_vt,neutral_neutral,vibrational_relaxation,4,candidate,"conserved, species proposed",yes
SO2_v + F*,SO2 + F*,cand_SO2_v_F*_vt,neutral_neutral,vibrational_relaxation,4,candidate,"conserved, species proposed",yes
SOF2_v + F*,SOF2 + F*,cand_SOF2_v_F*_vt,neutral_neutral,vibrational_relaxation,3,candidate,"conserved, species proposed",yes
SOF3_v + F*,SOF3 + F*,cand_SOF3_v_F*_vt,neutral_neutral,vibrational_relaxation,3,candidate,"conserved, species proposed",yes
SOF4_v + F*,SOF4 + F*,cand_SOF4_v_F*_vt,neutral_neutral,vibrational_relaxation,3,candidate,"conserved, species proposed",yes
SOF_v + F*,SOF + F*,cand_SOF_v_F*_vt,neutral_neutral,vibrational_relaxation,3,candidate,"conserved, species proposed",yes
SO_v + F*,SO + F*,cand_SO_v_F*_vt,neutral_neutral,vibrational_relaxation,3,candidate,"conserved, species proposed",yes
F2_v + F2,F2 + F2,cand_F2_v_F2_vt,neutral_neutral,vibrational_relaxation,2,candidate,"conserved, species proposed",yes
FO_v + F2,FO + F2,cand_FO_v_F2_vt,neutral_neutral,vibrational_relaxation,3,candidate,"conserved, species proposed",yes
F2 + O,FO + F,F2_O_to_FO_F,neutral_neutral,reactive_scattering,1,literature_supported,conserved,yes
O2_v + F2,O2 + F2,cand_O2_v_F2_vt,neutral_neutral,vibrational_relaxation,1,candidate,"conserved, species proposed",yes
F2 + O_1D,FO + F,F2_O1D_to_FO_F,neutral_neutral,reactive_scattering,1,literature_supported,conserved,yes
S + F2,SF + F,S_F2_to_SF_F,neutral_neutral,reactive_scattering,2,literature_supported,conserved,yes
SF + F2,SF2 + F,SF_F2_to_SF2_F,neutral_neutral,reactive_scattering,1,literature_supported,conserved,yes
SF2 + F2,SF3 + F,SF2_F2_to_SF3_F,neutral_neutral,reactive_scattering,1,literature_supported,conserved,yes
SF2_v + F2,SF2 + F2,cand_SF2_v_F2_vt,neutral_neutral,vibrational_relaxation,2,candidate,"conserved, species proposed",yes
SF3 + F2,SF4 + F,SF3_F2_to_SF4_F,neutral_neutral,reactive_scattering,1,literature_supported,conserved,yes
SF3_v + F2,SF3 + F2,cand_SF3_v_F2_vt,neutral_neutral,vibrational_relaxation,2,candidate,"conserved, species proposed",yes
SF4 + F2,SF5 + F,SF4_F2_to_SF5_F,neutral_neutral,reactive_scattering,1,literature_supported,conserved,yes
SF4_v + F2,SF4 + F2,cand_SF4_v_F2_vt,neutral_neutral,vibrational_relaxation,2,candidate,"conserved, species proposed",yes
SF5 + F2,SF6 + F,SF5_F2_to_SF6_F,neutral_neutral,reactive_scattering,1,literature_supported,conserved,yes
SF5_v + F2,SF5 + F2,cand_SF5_v_F2_vt,neutral_neutral,vibrational_relaxation,2,candidate,"conserved, species proposed",yes
SF6_v + F2,SF6 + F2,cand_SF6_v_F2_vt,neutral_neutral,vibrational_relaxation,1,candidate,"conserved, species proposed",yes
SF_v + F2,SF + F2,cand_SF_v_F2_vt,neutral_neutral,vibrational_relaxation,2,candidate,"conserved, species proposed",yes
SO2F2_v + F2,SO2F2 + F2,cand_SO2F2_v_F2_vt,neutral_neutral,vibrational_relaxation,4,candidate,"conserved, species proposed",yes
SO2_v + F2,SO2 + F2,cand_SO2_v_F2_vt,neutral_neutral,vibrational_relaxation,4,candidate,"conserved, species proposed",yes
SOF2_v + F2,SOF2 + F2,cand_SOF2_v_F2_vt,neutral_neutral,vibrational_relaxation,3,candidate,"conserved, species proposed",yes
SOF3_v + F2,SOF3 + F2,cand_SOF3_v_F2_vt,neutral_neutral,vibrational_relaxation,3,candidate,"conserved, species proposed",yes
SOF4_v + F2,SOF4 + F2,cand_SOF4_v_F2_vt,neutral_neutral,vibrational_relaxation,3,candidate,"conserved, species proposed",yes
SOF_v + F2,SOF + F2,cand_SOF_v_F2_vt,neutral_neutral,vibrational_relaxation,3,candidate,"conserved, species proposed",yes
SO_v + F2,SO + F2,cand_SO_v_F2_vt,neutral_neutral,vibrational_relaxation,3,candidate,"conserved, species proposed",yes
F2_v + F2*,F2 + F2*,cand_F2_v_F2*_vt,neutral_neutral,vibrational_relaxation,2,candidate,"conserved, species proposed",yes
FO_v + F2*,FO + F2*,cand_FO_v_F2*_vt,neutral_neutral,vibrational_relaxation,3,candidate,"conserved, species proposed",yes
O2_v + F2*,O2 + F2*,cand_O2_v_F2*_vt,neutral_neutral,vibrational_relaxation,2,candidate,"conserved, species proposed",yes
SF2_v + F2*,SF2 + F2*,cand_SF2_v_F2*_vt,neutral_neutral,vibrational_relaxation,2,candidate,"conserved, species proposed",yes
SF3_v + F2*,SF3 + F2*,cand_SF3_v_F2*_vt,neutral_neutral,vibrational_relaxation,2,candidate,"conserved, species proposed",yes
SF4_v + F2*,SF4 + F2*,cand_SF4_v_F2*_vt,neutral_neutral,vibrational_relaxation,2,candidate,"conserved, species proposed",yes
SF5_v + F2*,SF5 + F2*,cand_SF5_v_F2*_vt,neutral_neutral,vibrational_relaxation,2,candidate,"conserved, species proposed",yes
SF6_v + F2*,SF6 + F2*,cand_SF6_v_F2*_vt,neutral_neutral,vibrational_relaxation,2,candidate,"conserved, species proposed",yes
SF_v + F2*,SF + F2*,cand_SF_v_F2*_vt,neutral_neutral,vibrational_relaxation,2,candidate,"conserved, species proposed",yes
SO2F2_v + F2*,SO2F2 + F2*,cand_SO2F2_v_F2*_vt,neutral_neutral,vibrational_relaxation,4,candidate,"conserved, species proposed",yes
SO2_v + F2*,SO2 + F2*,cand_SO2_v_F2*_vt,neutral_neutral,vibrational_relaxation,4,candidate,"conserved, species proposed",yes
SOF2_v + F2*,SOF2 + F2*,cand_SOF2_v_F2*_vt,neutral_neutral,vibrational_relaxation,3,candidate,"conserved, species proposed",yes
SOF3_v + F2*,SOF3 + F2*,cand_SOF3_v_F2*_vt,neutral_neutral,vibrational_relaxation,3,candidate,"conserved, species proposed",yes
SOF4_v + F2*,SOF4 + F2*,cand_SOF4_v_F2*_vt,neutral_neutral,vibrational_relaxation,3,candidate,"conserved, species proposed",yes
SOF_v + F2*,SOF + F2*,cand_SOF_v_F2*_vt,neutral_neutral,vibrational_relaxation,3,candidate,"conserved, species proposed",yes
SO_v + F2*,SO + F2*,cand_SO_v_F2*_vt,neutral_neutral,vibrational_relaxation,3,candidate,"conserved, species proposed",yes
F2_v + FO,F2 + FO,cand_F2_v_FO_vt,neutral_neutral,vibrational_relaxation,2,candidate,"conserved, species proposed",yes
F2_v + FO*,F2 + FO*,cand_F2_v_FO*_vt,neutral_neutral,vibrational_relaxation,3,candidate,"conserved, species proposed",yes
F2_v + FO_v,F2 + FO_v,cand_F2_v_FO_v_vt,neutral_neutral,vibrational_relaxation,3,candidate,"conserved, species proposed",yes
FO_v + F2_v,FO + F2_v,cand_FO_v_F2_v_vt,neutral_neutral,vibrational_relaxation,3,candidate,"conserved, species proposed",yes
F2_v + O,F2 + O,cand_F2_v_O_vt,neutral_neutral,vibrational_relaxation,2,candidate,"conserved, species proposed",yes
F2_v + O2,F2 + O2,cand_F2_v_O2_vt,neutral_neutral,vibrational_relaxation,2,candidate,"conserved, species proposed",yes
F2_v + O2_a1Delta,F2 + O2_a1Delta,cand_F2_v_O2_a1Delta_vt,neutral_neutral,vibrational_relaxation,2,candidate,"conserved, species proposed",yes
F2_v + O2_b1Sigma,F2 + O2_b1Sigma,cand_F2_v_O2_b1Sigma_vt,neutral_neutral,vibrational_relaxation,2,candidate,"conserved, species proposed",yes
F2_v + O2_v,F2 + O2_v,cand_F2_v_O2_v_vt,neutral_neutral,vibrational_relaxation,2,candidate,"conserved, species proposed",yes
O2_v + F2_v,O2 + F2_v,cand_O2_v_F2_v_vt,neutral_neutral,vibrational_relaxation,2,candidate,"conserved, species proposed",yes
F2_v + O_1D,F2 + O_1D,cand_F2_v_O_1D_vt,neutral_neutral,vibrational_relaxation,2,candidate,"conserved, species proposed",yes
F2_v + O_1S,F2 + O_1S,cand_F2_v_O_1S_vt,neutral_neutral,vibrational_relaxation,2,candidate,"conserved, species proposed",yes
F2_v + S,F2 + S,cand_F2_v_S_vt,neutral_neutral,vibrational_relaxation,2,candidate,"conserved, species proposed",yes
F2_v + SF,F2 + SF,cand_F2_v_SF_vt,neutral_neutral,vibrational_relaxation,2,candidate,"conserved, species proposed",yes
F2_v + SF*,F2 + SF*,cand_F2_v_SF*_vt,neutral_neutral,vibrational_relaxation,2,candidate,"conserved, species proposed",yes
F2_v + SF2,F2 + SF2,cand_F2_v_SF2_vt,neutral_neutral,vibrational_relaxation,2,candidate,"conserved, species proposed",yes
F2_v + SF2*,F2 + SF2*,cand_F2_v_SF2*_vt,neutral_neutral,vibrational_relaxation,2,candidate,"conserved, species proposed",yes
F2_v + SF2_v,F2 + SF2_v,cand_F2_v_SF2_v_vt,neutral_neutral,vibrational_relaxation,2,candidate,"conserved, species proposed",yes
SF2_v + F2_v,SF2 + F2_v,cand_SF2_v_F2_v_vt,neutral_neutral,vibrational_relaxation,2,candidate,"conserved, species proposed",yes
F2_v + SF3,F2 + SF3,cand_F2_v_SF3_vt,neutral_neutral,vibrational_relaxation,2,candidate,"conserved, species proposed",yes
F2_v + SF3*,F2 + SF3*,cand_F2_v_SF3*_vt,neutral_neutral,vibrational_relaxation,2,candidate,"conserved, species proposed",yes
F2_v + SF3_v,F2 + SF3_v,cand_F2_v_SF3_v_vt,neutral_neutral,vibrational_relaxation,2,candidate,"conserved, species proposed",yes
SF3_v + F2_v,SF3 + F2_v,cand_SF3_v_F2_v_vt,neutral_neutral,vibrational_relaxation,2,candidate,"conserved, species proposed",yes
F2_v + SF4,F2 + SF4,cand_F2_v_SF4_vt,neutral_neutral,vibrational_relaxation,2,candidate,"conserved, species proposed",yes
F2_v + SF4*,F2 + SF4*,cand_F2_v_SF4*_vt,neutral_neutral,vibrational_relaxation,2,candidate,"conserved, species proposed",yes
F2_v + SF4_v,F2 + SF4_v,cand_F2_v_SF4_v_vt,neutral_neutral,vibrational_relaxation,2,candidate,"conserved, species proposed",yes
SF4_v + F2_v,SF4 + F2_v,cand_SF4_v_F2_v_vt,neutral_neutral,vibrational_relaxation,2,candidate,"conserved, species proposed",yes
F2_v + SF5,F2 + SF5,cand_F2_v_SF5_vt,neutral_neutral,vibrational_relaxation,2,candidate,"conserved, species proposed",yes
F2_v + SF5*,F2 + SF5*,cand_F2_v_SF5*_vt,neutral_neutral,vibrational_relaxation,2,candidate,"conserved, species proposed",yes
F2_v + SF5_v,F2 + SF5_v,cand_F2_v_SF5_v_vt,neutral_neutral,vibrational_relaxation,2,candidate,"conserved, species proposed",yes
SF5_v + F2_v,SF5 + F2_v,cand_SF5_v_F2_v_vt,neutral_neutral,vibrational_relaxation,2,candidate,"conserved, species proposed",yes
F2_v + SF6,F2 + SF6,cand_F2_v_SF6_vt,neutral_neutral,vibrational_relaxation,2,candidate,"conserved, species proposed",yes
F2_v + SF6*,F2 + SF6*,cand_F2_v_SF6*_vt,neutral_neutral,vibrational_relaxation,2,candidate,"conserved, species proposed",yes
F2_v + SF6_v,F2 + SF6_v,cand_F2_v_SF6_v_vt,neutral_neutral,vibrational_relaxation,2,candidate,"conserved, species proposed",yes
SF6_v + F2_v,SF6 + F2_v,cand_SF6_v_F2_v_vt,neutral_neutral,vibrational_relaxation,2,candidate,"conserved, species proposed",yes
F2_v + SF_v,F2 + SF_v,cand_F2_v_SF_v_vt,neutral_neutral,vibrational_relaxation,2,candidate,"conserved, species proposed",yes
SF_v + F2_v,SF + F2_v,cand_SF_v_F2_v_vt,neutral_neutral,vibrational_relaxation,2,candidate,"conserved, species proposed",yes
F2_v + SO,F2 + SO,cand_F2_v_SO_vt,neutral_neutral,vibrational_relaxation,2,candidate,"conserved, species proposed",yes
F2_v + SO*,F2 + SO*,cand_F2_v_SO*_vt,neutral_neutral,vibrational_relaxation,3,candidate,"conserved, species proposed",yes
F2_v + SO2,F2 + SO2,cand_F2_v_SO2_vt,neutral_neutral,vibrational_relaxation,3,candidate,"conserved, species proposed",yes
F2_v + SO2*,F2 + SO2*,cand_F2_v_SO2*_vt,neutral_neutral,vibrational_relaxation,4,candidate,"conserved, species proposed",yes
F2_v + SO2F2,F2 + SO2F2,cand_F2_v_SO2F2_vt,neutral_neutral,vibrational_relaxation,3,candidate,"conserved, species proposed",yes
F2_v + SO2F2*,F2 + SO2F2*,cand_F2_v_SO2F2*_vt,neutral_neutral,vibrational_relaxation,4,candidate,"conserved, species proposed",yes
F2_v + SO2F2_v,F2 + SO2F2_v,cand_F2_v_SO2F2_v_vt,neutral_neutral,vibrational_relaxation,4,candidate,"conserved, species proposed",yes
SO2F2_v + F2_v,SO2F2 + F2_v,cand_SO2F2_v_F2_v_vt,neutral_neutral,vibrational_relaxation,4,candidate,"conserved, species proposed",yes
F2_v + SO2_v,F2 + SO2_v,cand_F2_v_SO2_v_vt,neutral_neutral,vibrational_relaxation,4,candidate,"conserved, species proposed",yes
SO2_v + F2_v,SO2 + F2_v,cand_SO2_v_F2_v_vt,neutral_neutral,vibrational_relaxation,4,candidate,"conserved, species proposed",yes
F2_v + SOF,F2 + SOF,cand_F2_v_SOF_vt,neutral_neutral,vibrational_relaxation,2,candidate,"conserved, species proposed",yes
F2_v + SOF*,F2 + SOF*,cand_F2_v_SOF*_vt,neutral_neutral,vibrational_relaxation,3,candidate,"conserved, species proposed",yes
F2_v + SOF2,F2 + SOF2,cand_F2_v_SOF2_vt,neutral_neutral,vibrational_relaxation,2,candidate,"conserved, species proposed",yes
F2_v + SOF2*,F2 + SOF2*,cand_F2_v_SOF2*_vt,neutral_neutral,vibrational_relaxation,3,candidate,"conserved, species proposed",yes
F2_v + SOF2_v,F2 + SOF2_v,cand_F2_v_SOF2_v_vt,neutral_neutral,vibrational_relaxation,3,candidate,"conserved, species proposed",yes
SOF2_v + F2_v,SOF2 + F2_v,cand_SOF2_v_F2_v_vt,neutral_neutral,vibrational_relaxation,3,candidate,"conserved, species proposed",yes
F2_v + SOF3,F2 + SOF3,cand_F2_v_SOF3_vt,neutral_neutral,vibrational_relaxation,2,candidate,"conserved, species proposed",yes
F2_v + SOF3*,F2 + SOF3*,cand_F2_v_SOF3*_vt,neutral_neutral,vibrational_relaxation,3,candidate,"conserved, species proposed",yes
F2_v + SOF3_v,F2 + SOF3_v,cand_F2_v_SOF3_v_vt,neutral_neutral,vibrational_relaxation,3,candidate,"conserved, species proposed",yes
SOF3_v + F2_v,SOF3 + F2_v,cand_SOF3_v_F2_v_vt,neutral_neutral,vibrational_relaxation,3,candidate,"conserved, species proposed",yes
F2_v + SOF4,F2 + SOF4,cand_F2_v_SOF4_vt,neutral_neutral,vibrational_relaxation,2,candidate,"conserved, species proposed",yes
F2_v + SOF4*,F2 + SOF4*,cand_F2_v_SOF4*_vt,neutral_neutral,vibrational_relaxation,3,candidate,"conserved, species proposed",yes
F2_v + SOF4_v,F2 + SOF4_v,cand_F2_v_SOF4_v_vt,neutral_neutral,vibrational_relaxation,3,candidate,"conserved, species proposed",yes
SOF4_v + F2_v,SOF4 + F2_v,cand_SOF4_v_F2_v_vt,neutral_neutral,vibrational_relaxation,3,candidate,"conserved, species proposed",yes
F2_v + SOF_v,F2 + SOF_v,cand_F2_v_SOF_v_vt,neutral_neutral,vibrational_relaxation,3,candidate,"conserved, species proposed",yes
SOF_v + F2_v,SOF + F2_v,cand_SOF_v_F2_v_vt,neutral_neutral,vibrational_relaxation,3,candidate,"conserved, species proposed",yes
F2_v + SO_v,F2 + SO_v,cand_F2_v_SO_v_vt,neutral_neutral,vibrational_relaxation,3,candidate,"conserved, species proposed",yes
SO_v + F2_v,SO + F2_v,cand_SO_v_F2_v_vt,neutral_neutral,vibrational_relaxation,3,candidate,"conserved, species proposed",yes
F2_v + S_1D,F2 + S_1D,cand_F2_v_S_1D_vt,neutral_neutral,vibrational_relaxation,2,candidate,"conserved, species proposed",yes
F2_v + S_1S,F2 + S_1S,cand_F2_v_S_1S_vt,neutral_neutral,vibrational_relaxation,2,candidate,"conserved, species proposed",yes
FO + FO,F + O2,FO_FO_to_2F_O2,neutral_neutral,reactive_scattering,2,literature_supported,conserved,yes
FO + FO,F2 + O2,FO_FO_to_F2_O2,neutral_neutral,reactive_scattering,2,literature_supported,conserved,yes
FO_v + FO,FO + FO,cand_FO_v_FO_vt,neutral_neutral,vibrational_relaxation,3,candidate,"conserved, species proposed",yes
FO + O,F + O2,FO_O_to_F_O2,neutral_neutral,reactive_scattering,2,literature_supported,conserved,yes
O2_v + FO,O2 + FO,cand_O2_v_FO_vt,neutral_neutral,vibrational_relaxation,2,candidate,"conserved, species proposed",yes
FO + O_1D,F + O2,FO_O1D_to_F_O2,neutral_neutral,reactive_scattering,2,literature_supported,conserved,yes
SF2_v + FO,SF2 + FO,cand_SF2_v_FO_vt,neutral_neutral,vibrational_relaxation,2,candidate,"conserved, species proposed",yes
SF3_v + FO,SF3 + FO,cand_SF3_v_FO_vt,neutral_neutral,vibrational_relaxation,2,candidate,"conserved, species proposed",yes
SF4_v + FO,SF4 + FO,cand_SF4_v_FO_vt,neutral_neutral,vibrational_relaxation,2,candidate,"conserved, species proposed",yes
SF5_v + FO,SF5 + FO,cand_SF5_v_FO_vt,neutral_neutral,vibrational_relaxation,2,candidate,"conserved, species proposed",yes
SF6_v + FO,SF6 + FO,cand_SF6_v_FO_vt,neutral_neutral,vibrational_relaxation,2,candidate,"conserved, species proposed",yes
SF_v + FO,SF + FO,cand_SF_v_FO_vt,neutral_neutral,vibrational_relaxation,2,candidate,"conserved, species proposed",yes
SO2F2_v + FO,SO2F2 + FO,cand_SO2F2_v_FO_vt,neutral_neutral,vibrational_relaxation,4,candidate,"conserved, species proposed",yes
SO2_v + FO,SO2 + FO,cand_SO2_v_FO_vt,neutral_neutral,vibrational_relaxation,4,candidate,"conserved, species proposed",yes
SOF2_v + FO,SOF2 + FO,cand_SOF2_v_FO_vt,neutral_neutral,vibrational_relaxation,3,candidate,"conserved, species proposed",yes
SOF3_v + FO,SOF3 + FO,cand_SOF3_v_FO_vt,neutral_neutral,vibrational_relaxation,3,candidate,"conserved, species proposed",yes
SOF4_v + FO,SOF4 + FO,cand_SOF4_v_FO_vt,neutral_neutral,vibrational_relaxation,3,candidate,"conserved, species proposed",yes
SOF_v + FO,SOF + FO,cand_SOF_v_FO_vt,neutral_neutral,vibrational_relaxation,3,candidate,"conserved, species proposed",yes
SO_v + FO,SO + FO,cand_SO_v_FO_vt,neutral_neutral,vibrational_relaxation,3,candidate,"conserved, species proposed",yes
FO_v + FO*,FO + FO*,cand_FO_v_FO*_vt,neutral_neutral,vibrational_relaxation,3,candidate,"conserved, species proposed",yes
O2_v + FO*,O2 + FO*,cand_O2_v_FO*_vt,neutral_neutral,vibrational_relaxation,3,candidate,"conserved, species proposed",yes
SF2_v + FO*,SF2 + FO*,cand_SF2_v_FO*_vt,neutral_neutral,vibrational_relaxation,3,candidate,"conserved, species proposed",yes
SF3_v + FO*,SF3 + FO*,cand_SF3_v_FO*_vt,neutral_neutral,vibrational_relaxation,3,candidate,"conserved, species proposed",yes
SF4_v + FO*,SF4 + FO*,cand_SF4_v_FO*_vt,neutral_neutral,vibrational_relaxation,3,candidate,"conserved, species proposed",yes
SF5_v + FO*,SF5 + FO*,cand_SF5_v_FO*_vt,neutral_neutral,vibrational_relaxation,3,candidate,"conserved, species proposed",yes
SF6_v + FO*,SF6 + FO*,cand_SF6_v_FO*_vt,neutral_neutral,vibrational_relaxation,3,candidate,"conserved, species proposed",yes
SF_v + FO*,SF + FO*,cand_SF_v_FO*_vt,neutral_neutral,vibrational_relaxation,3,candidate,"conserved, species proposed",yes
SO2F2_v + FO*,SO2F2 + FO*,cand_SO2F2_v_FO*_vt,neutral_neutral,vibrational_relaxation,4,candidate,"conserved, species proposed",yes
SO2_v + FO*,SO2 + FO*,cand_SO2_v_FO*_vt,neutral_neutral,vibrational_relaxation,4,candidate,"conserved, species proposed",yes
SOF2_v + FO*,SOF2 + FO*,cand_SOF2_v_FO*_vt,neutral_neutral,vibrational_relaxation,3,candidate,"conserved, species proposed",yes
SOF3_v + FO*,SOF3 + FO*,cand_SOF3_v_FO*_vt,neutral_neutral,vibrational_relaxation,3,candidate,"conserved, species proposed",yes
SOF4_v + FO*,SOF4 + FO*,cand_SOF4_v_FO*_vt,neutral_neutral,vibrational_relaxation,3,candidate,"conserved, species proposed",yes
SOF_v + FO*,SOF + FO*,cand_SOF_v_FO*_vt,neutral_neutral,vibrational_relaxation,3,candidate,"conserved, species proposed",yes
SO_v + FO*,SO + FO*,cand_SO_v_FO*_vt,neutral_neutral,vibrational_relaxation,3,candidate,"conserved, species proposed",yes
FO_v + O,FO + O,cand_FO_v_O_vt,neutral_neutral,vibrational_relaxation,3,candidate,"conserved, species proposed",yes
FO_v + O2,FO + O2,cand_FO_v_O2_vt,neutral_neutral,vibrational_relaxation,3,candidate,"conserved, species proposed",yes
FO_v + O2_a1Delta,FO + O2_a1Delta,cand_FO_v_O2_a1Delta_vt,neutral_neutral,vibrational_relaxation,3,candidate,"conserved, species proposed",yes
FO_v + O2_b1Sigma,FO + O2_b1Sigma,cand_FO_v_O2_b1Sigma_vt,neutral_neutral,vibrational_relaxation,3,candidate,"conserved, species proposed",yes
FO_v + O2_v,FO + O2_v,cand_FO_v_O2_v_vt,neutral_neutral,vibrational_relaxation,3,candidate,"conserved, species proposed",yes
O2_v + FO_v,O2 + FO_v,cand_O2_v_FO_v_vt,neutral_neutral,vibrational_relaxation,3,candidate,"conserved, species proposed",yes
FO_v + O_1D,FO + O_1D,cand_FO_v_O_1D_vt,neutral_neutral,vibrational_relaxation,3,candidate,"conserved, species proposed",yes
FO_v + O_1S,FO + O_1S,cand_FO_v_O_1S_vt,neutral_neutral,vibrational_relaxation,3,candidate,"conserved, species proposed",yes
FO_v + S,FO + S,cand_FO_v_S_vt,neutral_neutral,vibrational_relaxation,3,candidate,"conserved, species proposed",yes
FO_v + SF,FO + SF,cand_FO_v_SF_vt,neutral_neutral,vibrational_relaxation,3,candidate,"conserved, species proposed",yes
FO_v + SF*,FO + SF*,cand_FO_v_SF*_vt,neutral_neutral,vibrational_relaxation,3,candidate,"conserved, species proposed",yes
FO_v + SF2,FO + SF2,cand_FO_v_SF2_vt,neutral_neutral,vibrational_relaxation,3,candidate,"conserved, species proposed",yes
FO_v + SF2*,FO + SF2*,cand_FO_v_SF2*_vt,neutral_neutral,vibrational_relaxation,3,candidate,"conserved, species proposed",yes
FO_v + SF2_v,FO + SF2_v,cand_FO_v_SF2_v_vt,neutral_neutral,vibrational_relaxation,3,candidate,"conserved, species proposed",yes
SF2_v + FO_v,SF2 + FO_v,cand_SF2_v_FO_v_vt,neutral_neutral,vibrational_relaxation,3,candidate,"conserved, species proposed",yes
FO_v + SF3,FO + SF3,cand_FO_v_SF3_vt,neutral_neutral,vibrational_relaxation,3,candidate,"conserved, species proposed",yes
FO_v + SF3*,FO + SF3*,cand_FO_v_SF3*_vt,neutral_neutral,vibrational_relaxation,3,candidate,"conserved, species proposed",yes
FO_v + SF3_v,FO + SF3_v,cand_FO_v_SF3_v_vt,neutral_neutral,vibrational_relaxation,3,candidate,"conserved, species proposed",yes
SF3_v + FO_v,SF3 + FO_v,cand_SF3_v_FO_v_vt,neutral_neutral,vibrational_relaxation,3,candidate,"conserved, species proposed",yes
FO_v + SF4,FO + SF4,cand_FO_v_SF4_vt,neutral_neutral,vibrational_relaxation,3,candidate,"conserved, species proposed",yes
FO_v + SF4*,FO + SF4*,cand_FO_v_SF4*_vt,neutral_neutral,vibrational_relaxation,3,candidate,"conserved, species proposed",yes
FO_v + SF4_v,FO + SF4_v,cand_FO_v_SF4_v_vt,neutral_neutral,vibrational_relaxation,3,candidate,"conserved, species proposed",yes
SF4_v + FO_v,SF4 + FO_v,cand_SF4_v_FO_v_vt,neutral_neutral,vibrational_relaxation,3,candidate,"conserved, species proposed",yes
FO_v + SF5,FO + SF5,cand_FO_v_SF5_vt,neutral_neutral,vibrational_relaxation,3,candidate,"conserved, species proposed",yes
FO_v + SF5*,FO + SF5*,cand_FO_v_SF5*_vt,neutral_neutral,vibrational_relaxation,3,candidate,"conserved, species proposed",yes
FO_v + SF5_v,FO + SF5_v,cand_FO_v_SF5_v_vt,neutral_neutral,vibrational_relaxation,3,candidate,"conserved, species proposed",yes
SF5_v + FO_v,SF5 + FO_v,cand_SF5_v_FO_v_vt,neutral_neutral,vibrational_relaxation,3,candidate,"conserved, species proposed",yes
FO_v + SF6,FO + SF6,cand_FO_v_SF6_vt,neutral_neutral,vibrational_relaxation,3,candidate,"conserved, species proposed",yes
FO_v + SF6*,FO + SF6*,cand_FO_v_SF6*_vt,neutral_neutral,vibrational_relaxation,3,candidate,"conserved, species proposed",yes
FO_v + SF6_v,FO + SF6_v,cand_FO_v_SF6_v_vt,neutral_neutral,vibrational_relaxation,3,candidate,"conserved, species proposed",yes
SF6_v + FO_v,SF6 + FO_v,cand_SF6_v_FO_v_vt,neutral_neutral,vibrational_relaxation,3,candidate,"conserved, species proposed",yes
FO_v + SF_v,FO + SF_v,cand_FO_v_SF_v_vt,neutral_neutral,vibrational_relaxation,3,candidate,"conserved, species proposed",yes
SF_v + FO_v,SF + FO_v,cand_SF_v_FO_v_vt,neutral_neutral,vibrational_relaxation,3,candidate,"conserved, species proposed",yes
FO_v + SO,FO + SO,cand_FO_v_SO_vt,neutral_neutral,vibrational_relaxation,3,candidate,"conserved, species proposed",yes
FO_v + SO*,FO + SO*,cand_FO_v_SO*_vt,neutral_neutral,vibrational_relaxation,3,candidate,"conserved, species proposed",yes
FO_v + SO2,FO + SO2,cand_FO_v_SO2_vt,neutral_neutral,vibrational_relaxation,3,candidate,"conserved, species proposed",yes
FO_v + SO2*,FO + SO2*,cand_FO_v_SO2*_vt,neutral_neutral,vibrational_relaxation,4,candidate,"conserved, species proposed",yes
FO_v + SO2F2,FO + SO2F2,cand_FO_v_SO2F2_vt,neutral_neutral,vibrational_relaxation,3,candidate,"conserved, species proposed",yes
FO_v + SO2F2*,FO + SO2F2*,cand_FO_v_SO2F2*_vt,neutral_neutral,vibrational_relaxation,4,candidate,"conserved, species proposed",yes
FO_v + SO2F2_v,FO + SO2F2_v,cand_FO_v_SO2F2_v_vt,neutral_neutral,vibrational_relaxation,4,candidate,"conserved, species proposed",yes
SO2F2_v + FO_v,SO2F2 + FO_v,cand_SO2F2_v_FO_v_vt,neutral_neutral,vibrational_relaxation,4,candidate,"conserved, species proposed",yes
FO_v + SO2_v,FO + SO2_v,cand_FO_v_SO2_v_vt,neutral_neutral,vibrational_relaxation,4,candidate,"conserved, species proposed",yes
SO2_v + FO_v,SO2 + FO_v,cand_SO2_v_FO_v_vt,neutral_neutral,vibrational_relaxation,4,candidate,"conserved, species proposed",yes
FO_v + SOF,FO + SOF,cand_FO_v_SOF_vt,neutral_neutral,vibrational_relaxation,3,candidate,"conserved, species proposed",yes
FO_v + SOF*,FO + SOF*,cand_FO_v_SOF*_vt,neutral_neutral,vibrational_relaxation,3,candidate,"conserved, species proposed",yes
FO_v + SOF2,FO + SOF2,cand_FO_v_SOF2_vt,neutral_neutral,vibrational_relaxation,3,candidate,"conserved, species proposed",yes
FO_v + SOF2*,FO + SOF2*,cand_FO_v_SOF2*_vt,neutral_neutral,vibrational_relaxation,3,candidate,"conserved, species proposed",yes
FO_v + SOF2_v,FO + SOF2_v,cand_FO_v_SOF2_v_vt,neutral_neutral,vibrational_relaxation,3,candidate,"conserved, species proposed",yes
SOF2_v + FO_v,SOF2 + FO_v,cand_SOF2_v_FO_v_vt,neutral_neutral,vibrational_relaxation,3,candidate,"conserved, species proposed",yes
FO_v + SOF3,FO + SOF3,cand_FO_v_SOF3_vt,neutral_neutral,vibrational_relaxation,3,candidate,"conserved, species proposed",yes
FO_v + SOF3*,FO + SOF3*,cand_FO_v_SOF3*_vt,neutral_neutral,vibrational_relaxation,3,candidate,"conserved, species proposed",yes
FO_v + SOF3_v,FO + SOF3_v,cand_FO_v_SOF3_v_vt,neutral_neutral,vibrational_relaxation,3,candidate,"conserved, species proposed",yes
SOF3_v + FO_v,SOF3 + FO_v,cand_SOF3_v_FO_v_vt,neutral_neutral,vibrational_relaxation,3,candidate,"conserved, species proposed",yes
FO_v + SOF4,FO + SOF4,cand_FO_v_SOF4_vt,neutral_neutral,vibrational_relaxation,3,candidate,"conserved, species proposed",yes
FO_v + SOF4*,FO + SOF4*,cand_FO_v_SOF4*_vt,neutral_neutral,vibrational_relaxation,3,candidate,"conserved, species proposed",yes
FO_v + SOF4_v,FO + SOF4_v,cand_FO_v_SOF4_v_vt,neutral_neutral,vibrational_relaxation,3,candidate,"conserved, species proposed",yes
SOF4_v + FO_v,SOF4 + FO_v,cand_SOF4_v_FO_v_vt,neutral_neutral,vibrational_relaxation,3,candidate,"conserved, species proposed",yes
FO_v + SOF_v,FO + SOF_v,cand_FO_v_SOF_v_vt,neutral_neutral,vibrational_relaxation,3,candidate,"conserved, species proposed",yes
SOF_v + FO_v,SOF + FO_v,cand_SOF_v_FO_v_vt,neutral_neutral,vibrational_relaxation,3,candidate,"conserved, species proposed",yes
FO_v + SO_v,FO + SO_v,cand_FO_v_SO_v_vt,neutral_neutral,vibrational_relaxation,3,candidate,"conserved, species proposed",yes
SO_v + FO_v,SO + FO_v,cand_SO_v_FO_v_vt,neutral_neutral,vibrational_relaxation,3,candidate,"conserved, species proposed",yes
FO_v + S_1D,FO + S_1D,cand_FO_v_S_1D_vt,neutral_neutral,vibrational_relaxation,3,candidate,"conserved, species proposed",yes
FO_v + S_1S,FO + S_1S,cand_FO_v_S_1S_vt,neutral_neutral,vibrational_relaxation,3,candidate,"conserved, species proposed",yes
O2_v + O,O2 + O,cand_O2_v_O_vt,neutral_neutral,vibrational_relaxation,1,candidate,"conserved, species proposed",yes
SF + O,SO + F,SF_O_R121,neutral_neutral,reactive_scattering,1,literature_supported,conserved,yes
SF + O,SOF,SF_O_R136,neutral_neutral,reactive_scattering,1,literature_supported,conserved,yes
SF2 + O,SOF + F,SF2_O_R120,neutral_neutral,reactive_scattering,1,literature_supported,conserved,yes
SF2 + O,SOF2,SF2_O_R135,neutral_neutral,reactive_scattering,1,literature_supported,conserved,yes
SF2_v + O,SF2 + O,cand_SF2_v_O_vt,neutral_neutral,vibrational_relaxation,2,candidate,"conserved, species proposed",yes
SF3 + O,SOF2 + F,SF3_O_R119,neutral_neutral,reactive_scattering,1,literature_supported,conserved,yes
SF3 + O,SOF3,SF3_O_R134,neutral_neutral,reactive_scattering,1,literature_supported,conserved,yes
SF3_v + O,SF3 + O,cand_SF3_v_O_vt,neutral_neutral,vibrational_relaxation,2,candidate,"conserved, species proposed",yes
SF4 + O,SOF4,SF4_O_R133,neutral_neutral,reactive_scattering,1,literature_supported,conserved,yes
SF4_v + O,SF4 + O,cand_SF4_v_O_vt,neutral_neutral,vibrational_relaxation,2,candidate,"conserved, species proposed",yes
SF5 + O,SOF4 + F,SF5_O_R132,neutral_neutral,reactive_scattering,1,literature_supported,conserved,yes
SF5_v + O,SF5 + O,cand_SF5_v_O_vt,neutral_neutral,vibrational_relaxation,2,candidate,"conserved, species proposed",yes
SF6_v + O,SF6 + O,cand_SF6_v_O_vt,neutral_neutral,vibrational_relaxation,1,candidate,"conserved, species proposed",yes
SF_v + O,SF + O,cand_SF_v_O_vt,neutral_neutral,vibrational_relaxation,2,candidate,"conserved, species proposed",yes
SO + O,SO2,SO_O_R130,neutral_neutral,reactive_scattering,2,literature_supported,conserved,yes
SO2F2 + O,SOF2 + O2,SO2F2_O_R137,neutral_neutral,reactive_scattering,3,literature_supported,conserved,yes
SO2F2_v + O,SO2F2 + O,cand_SO2F2_v_O_vt,neutral_neutral,vibrational_relaxation,4,candidate,"conserved, species proposed",yes
SO2_v + O,SO2 + O,cand_SO2_v_O_vt,neutral_neutral,vibrational_relaxation,4,candidate,"conserved, species proposed",yes
SOF + O,SO2 + F,SOF_O_R122,neutral_neutral,reactive_scattering,2,literature_supported,conserved,yes
SOF2 + O,SO2F2,SOF2_O_R131,neutral_neutral,reactive_scattering,2,literature_supported,conserved,yes
SOF2_v + O,SOF2 + O,cand_SOF2_v_O_vt,neutral_neutral,vibrational_relaxation,3,candidate,"conserved, species proposed",yes
SOF3 + O,SO2F2 + F,SOF3_O_R123,neutral_neutral,reactive_scattering,2,literature_supported,conserved,yes
SOF3_v + O,SOF3 + O,cand_SOF3_v_O_vt,neutral_neutral,vibrational_relaxation,3,candidate,"conserved, species proposed",yes
SOF4_v + O,SOF4 + O,cand_SOF4_v_O_vt,neutral_neutral,vibrational_relaxation,3,candidate,"conserved, species proposed",yes
SOF_v + O,SOF + O,cand_SOF_v_O_vt,neutral_neutral,vibrational_relaxation,3,candidate,"conserved, species proposed",yes
SO_v + O,SO + O,cand_SO_v_O_vt,neutral_neutral,vibrational_relaxation,3,candidate,"conserved, species proposed",yes
O2 + O2_a1Delta,O2,O2a_O2_self_quenching,neutral_neutral,reactive_scattering,1,literature_supported,conserved,yes
O2_v + O2,O2 + O2,cand_O2_v_O2_vt,neutral_neutral,vibrational_relaxation,1,candidate,"conserved, species proposed",yes
O_1D + O2,O + O2_a1Delta,O1D_O2_quenching_O2_a1Delta,neutral_neutral,reactive_scattering,1,literature_supported,conserved,yes
O_1D + O2,O + O2_b1Sigma,O1D_O2_quenching_O2_b1Sigma,neutral_neutral,reactive_scattering,1,literature_supported,conserved,yes
SF2_v + O2,SF2 + O2,cand_SF2_v_O2_vt,neutral_neutral,vibrational_relaxation,2,candidate,"conserved, species proposed",yes
SF3_v + O2,SF3 + O2,cand_SF3_v_O2_vt,neutral_neutral,vibrational_relaxation,2,candidate,"conserved, species proposed",yes
SF4_v + O2,SF4 + O2,cand_SF4_v_O2_vt,neutral_neutral,vibrational_relaxation,2,candidate,"conserved, species proposed",yes
SF5_v + O2,SF5 + O2,cand_SF5_v_O2_vt,neutral_neutral,vibrational_relaxation,2,candidate,"conserved, species proposed",yes
SF6_v + O2,SF6 + O2,cand_SF6_v_O2_vt,neutral_neutral,vibrational_relaxation,1,candidate,"conserved, species proposed",yes
SF_v + O2,SF + O2,cand_SF_v_O2_vt,neutral_neutral,vibrational_relaxation,2,candidate,"conserved, species proposed",yes
SO2F2_v + O2,SO2F2 + O2,cand_SO2F2_v_O2_vt,neutral_neutral,vibrational_relaxation,4,candidate,"conserved, species proposed",yes
SO2_v + O2,SO2 + O2,cand_SO2_v_O2_vt,neutral_neutral,vibrational_relaxation,4,candidate,"conserved, species proposed",yes
SOF2_v + O2,SOF2 + O2,cand_SOF2_v_O2_vt,neutral_neutral,vibrational_relaxation,3,candidate,"conserved, species proposed",yes
SOF3_v + O2,SOF3 + O2,cand_SOF3_v_O2_vt,neutral_neutral,vibrational_relaxation,3,candidate,"conserved, species proposed",yes
SOF4_v + O2,SOF4 + O2,cand_SOF4_v_O2_vt,neutral_neutral,vibrational_relaxation,3,candidate,"conserved, species proposed",yes
SOF_v + O2,SOF + O2,cand_SOF_v_O2_vt,neutral_neutral,vibrational_relaxation,3,candidate,"conserved, species proposed",yes
SO_v + O2,SO + O2,cand_SO_v_O2_vt,neutral_neutral,vibrational_relaxation,3,candidate,"conserved, species proposed",yes
O2_v + O2_a1Delta,O2 + O2_a1Delta,cand_O2_v_O2_a1Delta_vt,neutral_neutral,vibrational_relaxation,1,candidate,"conserved, species proposed",yes
SF2_v + O2_a1Delta,SF2 + O2_a1Delta,cand_SF2_v_O2_a1Delta_vt,neutral_neutral,vibrational_relaxation,2,candidate,"conserved, species proposed",yes
SF3_v + O2_a1Delta,SF3 + O2_a1Delta,cand_SF3_v_O2_a1Delta_vt,neutral_neutral,vibrational_relaxation,2,candidate,"conserved, species proposed",yes
SF4_v + O2_a1Delta,SF4 + O2_a1Delta,cand_SF4_v_O2_a1Delta_vt,neutral_neutral,vibrational_relaxation,2,candidate,"conserved, species proposed",yes
SF5_v + O2_a1Delta,SF5 + O2_a1Delta,cand_SF5_v_O2_a1Delta_vt,neutral_neutral,vibrational_relaxation,2,candidate,"conserved, species proposed",yes
SF6_v + O2_a1Delta,SF6 + O2_a1Delta,cand_SF6_v_O2_a1Delta_vt,neutral_neutral,vibrational_relaxation,1,candidate,"conserved, species proposed",yes
SF_v + O2_a1Delta,SF + O2_a1Delta,cand_SF_v_O2_a1Delta_vt,neutral_neutral,vibrational_relaxation,2,candidate,"conserved, species proposed",yes
SO2F2_v + O2_a1Delta,SO2F2 + O2_a1Delta,cand_SO2F2_v_O2_a1Delta_vt,neutral_neutral,vibrational_relaxation,4,candidate,"conserved, species proposed",yes
SO2_v + O2_a1Delta,SO2 + O2_a1Delta,cand_SO2_v_O2_a1Delta_vt,neutral_neutral,vibrational_relaxation,4,candidate,"conserved, species proposed",yes
SOF2_v + O2_a1Delta,SOF2 + O2_a1Delta,cand_SOF2_v_O2_a1Delta_vt,neutral_neutral,vibrational_relaxation,3,candidate,"conserved, species proposed",yes
SOF3_v + O2_a1Delta,SOF3 + O2_a1Delta,cand_SOF3_v_O2_a1Delta_vt,neutral_neutral,vibrational_relaxation,3,candidate,"conserved, species proposed",yes
SOF4_v + O2_a1Delta,SOF4 + O2_a1Delta,cand_SOF4_v_O2_a1Delta_vt,neutral_neutral,vibrational_relaxation,3,candidate,"conserved, species proposed",yes
SOF_v + O2_a1Delta,SOF + O2_a1Delta,cand_SOF_v_O2_a1Delta_vt,neutral_neutral,vibrational_relaxation,3,candidate,"conserved, species proposed",yes
SO_v + O2_a1Delta,SO + O2_a1Delta,cand_SO_v_O2_a1Delta_vt,neutral_neutral,vibrational_relaxation,3,candidate,"conserved, species proposed",yes
O2_v + O2_b1Sigma,O2 + O2_b1Sigma,cand_O2_v_O2_b1Sigma_vt,neutral_neutral,vibrational_relaxation,1,candidate,"conserved, species proposed",yes
SF2_v + O2_b1Sigma,SF2 + O2_b1Sigma,cand_SF2_v_O2_b1Sigma_vt,neutral_neutral,vibrational_relaxation,2,candidate,"conserved, species proposed",yes
SF3_v + O2_b1Sigma,SF3 + O2_b1Sigma,cand_SF3_v_O2_b1Sigma_vt,neutral_neutral,vibrational_relaxation,2,candidate,"conserved, species proposed",yes
SF4_v + O2_b1Sigma,SF4 + O2_b1Sigma,cand_SF4_v_O2_b1Sigma_vt,neutral_neutral,vibrational_relaxation,2,candidate,"conserved, species proposed",yes
SF5_v + O2_b1Sigma,SF5 + O2_b1Sigma,cand_SF5_v_O2_b1Sigma_vt,neutral_neutral,vibrational_relaxation,2,candidate,"conserved, species proposed",yes
SF6_v + O2_b1Sigma,SF6 + O2_b1Sigma,cand_SF6_v_O2_b1Sigma_vt,neutral_neutral,vibrational_relaxation,1,candidate,"conserved, species proposed",yes
SF_v + O2_b1Sigma,SF + O2_b1Sigma,cand_SF_v_O2_b1Sigma_vt,neutral_neutral,vibrational_relaxation,2,candidate,"conserved, species proposed",yes
SO2F2_v + O2_b1Sigma,SO2F2 + O2_b1Sigma,cand_SO2F2_v_O2_b1Sigma_vt,neutral_neutral,vibrational_relaxation,4,candidate,"conserved, species proposed",yes
SO2_v + O2_b1Sigma,SO2 + O2_b1Sigma,cand_SO2_v_O2_b1Sigma_vt,neutral_neutral,vibrational_relaxation,4,candidate,"conserved, species proposed",yes
SOF2_v + O2_b1Sigma,SOF2 + O2_b1Sigma,cand_SOF2_v_O2_b1Sigma_vt,neutral_neutral,vibrational_relaxation,3,candidate,"conserved, species proposed",yes
SOF3_v + O2_b1Sigma,SOF3 + O2_b1Sigma,cand_SOF3_v_O2_b1Sigma_vt,neutral_neutral,vibrational_relaxation,3,candidate,"conserved, species proposed",yes
SOF4_v + O2_b1Sigma,SOF4 + O2_b1Sigma,cand_SOF4_v_O2_b1Sigma_vt,neutral_neutral,vibrational_relaxation,3,candidate,"conserved, species proposed",yes
SOF_v + O2_b1Sigma,SOF + O2_b1Sigma,cand_SOF_v_O2_b1Sigma_vt,neutral_neutral,vibrational_relaxation,3,candidate,"conserved, species proposed",yes
SO_v + O2_b1Sigma,SO + O2_b1Sigma,cand_SO_v_O2_b1Sigma_vt,neutral_neutral,vibrational_relaxation,3,candidate,"conserved, species proposed",yes
O2_v + O_1D,O2 + O_1D,cand_O2_v_O_1D_vt,neutral_neutral,vibrational_relaxation,1,candidate,"conserved, species proposed",yes
O2_v + O_1S,O2 + O_1S,cand_O2_v_O_1S_vt,neutral_neutral,vibrational_relaxation,1,candidate,"conserved, species proposed",yes
O2_v + S,O2 + S,cand_O2_v_S_vt,neutral_neutral,vibrational_relaxation,2,candidate,"conserved, species proposed",yes
O2_v + SF,O2 + SF,cand_O2_v_SF_vt,neutral_neutral,vibrational_relaxation,1,candidate,"conserved, species proposed",yes
O2_v + SF*,O2 + SF*,cand_O2_v_SF*_vt,neutral_neutral,vibrational_relaxation,2,candidate,"conserved, species proposed",yes
O2_v + SF2,O2 + SF2,cand_O2_v_SF2_vt,neutral_neutral,vibrational_relaxation,1,candidate,"conserved, species proposed",yes
O2_v + SF2*,O2 + SF2*,cand_O2_v_SF2*_vt,neutral_neutral,vibrational_relaxation,2,candidate,"conserved, species proposed",yes
O2_v + SF2_v,O2 + SF2_v,cand_O2_v_SF2_v_vt,neutral_neutral,vibrational_relaxation,2,candidate,"conserved, species proposed",yes
SF2_v + O2_v,SF2 + O2_v,cand_SF2_v_O2_v_vt,neutral_neutral,vibrational_relaxation,2,candidate,"conserved, species proposed",yes
O2_v + SF3,O2 + SF3,cand_O2_v_SF3_vt,neutral_neutral,vibrational_relaxation,1,candidate,"conserved, species proposed",yes
O2_v + SF3*,O2 + SF3*,cand_O2_v_SF3*_vt,neutral_neutral,vibrational_relaxation,2,candidate,"conserved, species proposed",yes
O2_v + SF3_v,O2 + SF3_v,cand_O2_v_SF3_v_vt,neutral_neutral,vibrational_relaxation,2,candidate,"conserved, species proposed",yes
SF3_v + O2_v,SF3 + O2_v,cand_SF3_v_O2_v_vt,neutral_neutral,vibrational_relaxation,2,candidate,"conserved, species proposed",yes
O2_v + SF4,O2 + SF4,cand_O2_v_SF4_vt,neutral_neutral,vibrational_relaxation,1,candidate,"conserved, species proposed",yes
O2_v + SF4*,O2 + SF4*,cand_O2_v_SF4*_vt,neutral_neutral,vibrational_relaxation,2,candidate,"conserved, species proposed",yes
O2_v + SF4_v,O2 + SF4_v,cand_O2_v_SF4_v_vt,neutral_neutral,vibrational_relaxation,2,candidate,"conserved, species proposed",yes
SF4_v + O2_v,SF4 + O2_v,cand_SF4_v_O2_v_vt,neutral_neutral,vibrational_relaxation,2,candidate,"conserved, species proposed",yes
O2_v + SF5,O2 + SF5,cand_O2_v_SF5_vt,neutral_neutral,vibrational_relaxation,1,candidate,"conserved, species proposed",yes
O2_v + SF5*,O2 + SF5*,cand_O2_v_SF5*_vt,neutral_neutral,vibrational_relaxation,2,candidate,"conserved, species proposed",yes
O2_v + SF5_v,O2 + SF5_v,cand_O2_v_SF5_v_vt,neutral_neutral,vibrational_relaxation,2,candidate,"conserved, species proposed",yes
SF5_v + O2_v,SF5 + O2_v,cand_SF5_v_O2_v_vt,neutral_neutral,vibrational_relaxation,2,candidate,"conserved, species proposed",yes
O2_v + SF6,O2 + SF6,cand_O2_v_SF6_vt,neutral_neutral,vibrational_relaxation,1,candidate,"conserved, species proposed",yes
O2_v + SF6*,O2 + SF6*,cand_O2_v_SF6*_vt,neutral_neutral,vibrational_relaxation,1,candidate,"conserved, species proposed",yes
O2_v + SF6_v,O2 + SF6_v,cand_O2_v_SF6_v_vt,neutral_neutral,vibrational_relaxation,1,candidate,"conserved, species proposed",yes
SF6_v + O2_v,SF6 + O2_v,cand_SF6_v_O2_v_vt,neutral_neutral,vibrational_relaxation,1,candidate,"conserved, species proposed",yes
O2_v + SF_v,O2 + SF_v,cand_O2_v_SF_v_vt,neutral_neutral,vibrational_relaxation,2,candidate,"conserved, species proposed",yes
SF_v + O2_v,SF + O2_v,cand_SF_v_O2_v_vt,neutral_neutral,vibrational_relaxation,2,candidate,"conserved, species proposed",yes
O2_v + SO,O2 + SO,cand_O2_v_SO_vt,neutral_neutral,vibrational_relaxation,2,candidate,"conserved, species proposed",yes
O2_v + SO*,O2 + SO*,cand_O2_v_SO*_vt,neutral_neutral,vibrational_relaxation,3,candidate,"conserved, species proposed",yes
O2_v + SO2,O2 + SO2,cand_O2_v_SO2_vt,neutral_neutral,vibrational_relaxation,3,candidate,"conserved, species proposed",yes
O2_v + SO2*,O2 + SO2*,cand_O2_v_SO2*_vt,neutral_neutral,vibrational_relaxation,4,candidate,"conserved, species proposed",yes
O2_v + SO2F2,O2 + SO2F2,cand_O2_v_SO2F2_vt,neutral_neutral,vibrational_relaxation,3,candidate,"conserved, species proposed",yes
O2_v + SO2F2*,O2 + SO2F2*,cand_O2_v_SO2F2*_vt,neutral_neutral,vibrational_relaxation,4,candidate,"conserved, species proposed",yes
O2_v + SO2F2_v,O2 + SO2F2_v,cand_O2_v_SO2F2_v_vt,neutral_neutral,vibrational_relaxation,4,candidate,"conserved, species proposed",yes
SO2F2_v + O2_v,SO2F2 + O2_v,cand_SO2F2_v_O2_v_vt,neutral_neutral,vibrational_relaxation,4,candidate,"conserved, species proposed",yes
O2_v + SO2_v,O2 + SO2_v,cand_O2_v_SO2_v_vt,neutral_neutral,vibrational_relaxation,4,candidate,"conserved, species proposed",yes
SO2_v + O2_v,SO2 + O2_v,cand_SO2_v_O2_v_vt,neutral_neutral,vibrational_relaxation,4,candidate,"conserved, species proposed",yes
O2_v + SOF,O2 + SOF,cand_O2_v_SOF_vt,neutral_neutral,vibrational_relaxation,2,candidate,"conserved, species proposed",yes
O2_v + SOF*,O2 + SOF*,cand_O2_v_SOF*_vt,neutral_neutral,vibrational_relaxation,3,candidate,"conserved, species proposed",yes
O2_v + SOF2,O2 + SOF2,cand_O2_v_SOF2_vt,neutral_neutral,vibrational_relaxation,2,candidate,"conserved, species proposed",yes
O2_v + SOF2*,O2 + SOF2*,cand_O2_v_SOF2*_vt,neutral_neutral,vibrational_relaxation,3,candidate,"conserved, species proposed",yes
O2_v + SOF2_v,O2 + SOF2_v,cand_O2_v_SOF2_v_vt,neutral_neutral,vibrational_relaxation,3,candidate,"conserved, species proposed",yes
SOF2_v + O2_v,SOF2 + O2_v,cand_SOF2_v_O2_v_vt,neutral_neutral,vibrational_relaxation,3,candidate,"conserved, species proposed",yes
O2_v + SOF3,O2 + SOF3,cand_O2_v_SOF3_vt,neutral_neutral,vibrational_relaxation,2,candidate,"conserved, species proposed",yes
O2_v + SOF3*,O2 + SOF3*,cand_O2_v_SOF3*_vt,neutral_neutral,vibrational_relaxation,3,candidate,"conserved, species proposed",yes
O2_v + SOF3_v,O2 + SOF3_v,cand_O2_v_SOF3_v_vt,neutral_neutral,vibrational_relaxation,3,candidate,"conserved, species proposed",yes
SOF3_v + O2_v,SOF3 + O2_v,cand_SOF3_v_O2_v_vt,neutral_neutral,vibrational_relaxation,3,candidate,"conserved, species proposed",yes
O2_v + SOF4,O2 + SOF4,cand_O2_v_SOF4_vt,neutral_neutral,vibrational_relaxation,2,candidate,"conserved, species proposed",yes
O2_v + SOF4*,O2 + SOF4*,cand_O2_v_SOF4*_vt,neutral_neutral,vibrational_relaxation,3,candidate,"conserved, species proposed",yes
O2_v + SOF4_v,O2 + SOF4_v,cand_O2_v_SOF4_v_vt,neutral_neutral,vibrational_relaxation,3,candidate,"conserved, species proposed",yes
SOF4_v + O2_v,SOF4 + O2_v,cand_SOF4_v_O2_v_vt,neutral_neutral,vibrational_relaxation,3,candidate,"conserved, species proposed",yes
O2_v + SOF_v,O2 + SOF_v,cand_O2_v_SOF_v_vt,neutral_neutral,vibrational_relaxation,3,candidate,"conserved, species proposed",yes
SOF_v + O2_v,SOF + O2_v,cand_SOF_v_O2_v_vt,neutral_neutral,vibrational_relaxation,3,candidate,"conserved, species proposed",yes
O2_v + SO_v,O2 + SO_v,cand_O2_v_SO_v_vt,neutral_neutral,vibrational_relaxation,3,candidate,"conserved, species proposed",yes
SO_v + O2_v,SO + O2_v,cand_SO_v_O2_v_vt,neutral_neutral,vibrational_relaxation,3,candidate,"conserved, species proposed",yes
O2_v + S_1D,O2 + S_1D,cand_O2_v_S_1D_vt,neutral_neutral,vibrational_relaxation,2,candidate,"conserved, species proposed",yes
O2_v + S_1S,O2 + S_1S,cand_O2_v_S_1S_vt,neutral_neutral,vibrational_relaxation,2,candidate,"conserved, species proposed",yes
SF + O_1D,SO + F,SF_O1D_R121,neutral_neutral,reactive_scattering,1,literature_supported,conserved,yes
SF + O_1D,SOF,SF_O1D_R136,neutral_neutral,reactive_scattering,1,literature_supported,conserved,yes
SF2 + O_1D,SOF + F,SF2_O1D_R120,neutral_neutral,reactive_scattering,1,literature_supported,conserved,yes
SF2 + O_1D,SOF2,SF2_O1D_R135,neutral_neutral,reactive_scattering,1,literature_supported,conserved,yes
SF2_v + O_1D,SF2 + O_1D,cand_SF2_v_O_1D_vt,neutral_neutral,vibrational_relaxation,2,candidate,"conserved, species proposed",yes
SF3 + O_1D,SOF2 + F,SF3_O1D_R119,neutral_neutral,reactive_scattering,1,literature_supported,conserved,yes
SF3 + O_1D,SOF3,SF3_O1D_R134,neutral_neutral,reactive_scattering,1,literature_supported,conserved,yes
SF3_v + O_1D,SF3 + O_1D,cand_SF3_v_O_1D_vt,neutral_neutral,vibrational_relaxation,2,candidate,"conserved, species proposed",yes
SF4 + O_1D,SOF4,SF4_O1D_R133,neutral_neutral,reactive_scattering,1,literature_supported,conserved,yes
SF4_v + O_1D,SF4 + O_1D,cand_SF4_v_O_1D_vt,neutral_neutral,vibrational_relaxation,2,candidate,"conserved, species proposed",yes
SF5 + O_1D,SOF4 + F,SF5_O1D_R132,neutral_neutral,reactive_scattering,1,literature_supported,conserved,yes
SF5_v + O_1D,SF5 + O_1D,cand_SF5_v_O_1D_vt,neutral_neutral,vibrational_relaxation,2,candidate,"conserved, species proposed",yes
SF6_v + O_1D,SF6 + O_1D,cand_SF6_v_O_1D_vt,neutral_neutral,vibrational_relaxation,1,candidate,"conserved, species proposed",yes
SF_v + O_1D,SF + O_1D,cand_SF_v_O_1D_vt,neutral_neutral,vibrational_relaxation,2,candidate,"conserved, species proposed",yes
SO + O_1D,SO2,SO_O1D_R130,neutral_neutral,reactive_scattering,2,literature_supported,conserved,yes
SO2F2 + O_1D,SOF2 + O2,SO2F2_O1D_R137,neutral_neutral,reactive_scattering,3,literature_supported,conserved,yes
SO2F2_v + O_1D,SO2F2 + O_1D,cand_SO2F2_v_O_1D_vt,neutral_neutral,vibrational_relaxation,4,candidate,"conserved, species proposed",yes
SO2_v + O_1D,SO2 + O_1D,cand_SO2_v_O_1D_vt,neutral_neutral,vibrational_relaxation,4,candidate,"conserved, species proposed",yes
SOF + O_1D,SO2 + F,SOF_O1D_R122,neutral_neutral,reactive_scattering,2,literature_supported,conserved,yes
SOF2 + O_1D,SO2F2,SOF2_O1D_R131,neutral_neutral,reactive_scattering,2,literature_supported,conserved,yes
SOF2_v + O_1D,SOF2 + O_1D,cand_SOF2_v_O_1D_vt,neutral_neutral,vibrational_relaxation,3,candidate,"conserved, species proposed",yes
SOF3 + O_1D,SO2F2 + F,SOF3_O1D_R123,neutral_neutral,reactive_scattering,2,literature_supported,conserved,yes
SOF3_v + O_1D,SOF3 + O_1D,cand_SOF3_v_O_1D_vt,neutral_neutral,vibrational_relaxation,3,candidate,"conserved, species proposed",yes
SOF4_v + O_1D,SOF4 + O_1D,cand_SOF4_v_O_1D_vt,neutral_neutral,vibrational_relaxation,3,candidate,"conserved, species proposed",yes
SOF_v + O_1D,SOF + O_1D,cand_SOF_v_O_1D_vt,neutral_neutral,vibrational_relaxation,3,candidate,"conserved, species proposed",yes
SO_v + O_1D,SO + O_1D,cand_SO_v_O_1D_vt,neutral_neutral,vibrational_relaxation,3,candidate,"conserved, species proposed",yes
SF2_v + O_1S,SF2 + O_1S,cand_SF2_v_O_1S_vt,neutral_neutral,vibrational_relaxation,2,candidate,"conserved, species proposed",yes
SF3_v + O_1S,SF3 + O_1S,cand_SF3_v_O_1S_vt,neutral_neutral,vibrational_relaxation,2,candidate,"conserved, species proposed",yes
SF4_v + O_1S,SF4 + O_1S,cand_SF4_v_O_1S_vt,neutral_neutral,vibrational_relaxation,2,candidate,"conserved, species proposed",yes
SF5_v + O_1S,SF5 + O_1S,cand_SF5_v_O_1S_vt,neutral_neutral,vibrational_relaxation,2,candidate,"conserved, species proposed",yes
SF6_v + O_1S,SF6 + O_1S,cand_SF6_v_O_1S_vt,neutral_neutral,vibrational_relaxation,1,candidate,"conserved, species proposed",yes
SF_v + O_1S,SF + O_1S,cand_SF_v_O_1S_vt,neutral_neutral,vibrational_relaxation,2,candidate,"conserved, species proposed",yes
SO2F2_v + O_1S,SO2F2 + O_1S,cand_SO2F2_v_O_1S_vt,neutral_neutral,vibrational_relaxation,4,candidate,"conserved, species proposed",yes
SO2_v + O_1S,SO2 + O_1S,cand_SO2_v_O_1S_vt,neutral_neutral,vibrational_relaxation,4,candidate,"conserved, species proposed",yes
SOF2_v + O_1S,SOF2 + O_1S,cand_SOF2_v_O_1S_vt,neutral_neutral,vibrational_relaxation,3,candidate,"conserved, species proposed",yes
SOF3_v + O_1S,SOF3 + O_1S,cand_SOF3_v_O_1S_vt,neutral_neutral,vibrational_relaxation,3,candidate,"conserved, species proposed",yes
SOF4_v + O_1S,SOF4 + O_1S,cand_SOF4_v_O_1S_vt,neutral_neutral,vibrational_relaxation,3,candidate,"conserved, species proposed",yes
SOF_v + O_1S,SOF + O_1S,cand_SOF_v_O_1S_vt,neutral_neutral,vibrational_relaxation,3,candidate,"conserved, species proposed",yes
SO_v + O_1S,SO + O_1S,cand_SO_v_O_1S_vt,neutral_neutral,vibrational_relaxation,3,candidate,"conserved, species proposed",yes
SF2_v + S,SF2 + S,cand_SF2_v_S_vt,neutral_neutral,vibrational_relaxation,2,candidate,"conserved, species proposed",yes
SF3_v + S,SF3 + S,cand_SF3_v_S_vt,neutral_neutral,vibrational_relaxation,2,candidate,"conserved, species proposed",yes
SF4_v + S,SF4 + S,cand_SF4_v_S_vt,neutral_neutral,vibrational_relaxation,2,candidate,"conserved, species proposed",yes
SF5_v + S,SF5 + S,cand_SF5_v_S_vt,neutral_neutral,vibrational_relaxation,2,candidate,"conserved, species proposed",yes
SF6_v + S,SF6 + S,cand_SF6_v_S_vt,neutral_neutral,vibrational_relaxation,2,candidate,"conserved, species proposed",yes
SF_v + S,SF + S,cand_SF_v_S_vt,neutral_neutral,vibrational_relaxation,2,candidate,"conserved, species proposed",yes
SO2F2_v + S,SO2F2 + S,cand_SO2F2_v_S_vt,neutral_neutral,vibrational_relaxation,4,candidate,"conserved, species proposed",yes
SO2_v + S,SO2 + S,cand_SO2_v_S_vt,neutral_neutral,vibrational_relaxation,4,candidate,"conserved, species proposed",yes
SOF2_v + S,SOF2 + S,cand_SOF2_v_S_vt,neutral_neutral,vibrational_relaxation,3,candidate,"conserved, species proposed",yes
SOF3_v + S,SOF3 + S,cand_SOF3_v_S_vt,neutral_neutral,vibrational_relaxation,3,candidate,"conserved, species proposed",yes
SOF4_v + S,SOF4 + S,cand_SOF4_v_S_vt,neutral_neutral,vibrational_relaxation,3,candidate,"conserved, species proposed",yes
SOF_v + S,SOF + S,cand_SOF_v_S_vt,neutral_neutral,vibrational_relaxation,3,candidate,"conserved, species proposed",yes
SO_v + S,SO + S,cand_SO_v_S_vt,neutral_neutral,vibrational_relaxation,3,candidate,"conserved, species proposed",yes
SF + SF,S + SF2,SF_SF_to_S_SF2,neutral_neutral,reactive_scattering,1,literature_supported,conserved,yes
SF2_v + SF,SF2 + SF,cand_SF2_v_SF_vt,neutral_neutral,vibrational_relaxation,2,candidate,"conserved, species proposed",yes
SF3_v + SF,SF3 + SF,cand_SF3_v_SF_vt,neutral_neutral,vibrational_relaxation,2,candidate,"conserved, species proposed",yes
SF4_v + SF,SF4 + SF,cand_SF4_v_SF_vt,neutral_neutral,vibrational_relaxation,2,candidate,"conserved, species proposed",yes
SF5_v + SF,SF5 + SF,cand_SF5_v_SF_vt,neutral_neutral,vibrational_relaxation,2,candidate,"conserved, species proposed",yes
SF6_v + SF,SF6 + SF,cand_SF6_v_SF_vt,neutral_neutral,vibrational_relaxation,1,candidate,"conserved, species proposed",yes
SF_v + SF,SF + SF,cand_SF_v_SF_vt,neutral_neutral,vibrational_relaxation,2,candidate,"conserved, species proposed",yes
SO2F2_v + SF,SO2F2 + SF,cand_SO2F2_v_SF_vt,neutral_neutral,vibrational_relaxation,4,candidate,"conserved, species proposed",yes
SO2_v + SF,SO2 + SF,cand_SO2_v_SF_vt,neutral_neutral,vibrational_relaxation,4,candidate,"conserved, species proposed",yes
SOF2_v + SF,SOF2 + SF,cand_SOF2_v_SF_vt,neutral_neutral,vibrational_relaxation,3,candidate,"conserved, species proposed",yes
SOF3_v + SF,SOF3 + SF,cand_SOF3_v_SF_vt,neutral_neutral,vibrational_relaxation,3,candidate,"conserved, species proposed",yes
SOF4_v + SF,SOF4 + SF,cand_SOF4_v_SF_vt,neutral_neutral,vibrational_relaxation,3,candidate,"conserved, species proposed",yes
SOF_v + SF,SOF + SF,cand_SOF_v_SF_vt,neutral_neutral,vibrational_relaxation,3,candidate,"conserved, species proposed",yes
SO_v + SF,SO + SF,cand_SO_v_SF_vt,neutral_neutral,vibrational_relaxation,3,candidate,"conserved, species proposed",yes
SF2_v + SF*,SF2 + SF*,cand_SF2_v_SF*_vt,neutral_neutral,vibrational_relaxation,2,candidate,"conserved, species proposed",yes
SF3_v + SF*,SF3 + SF*,cand_SF3_v_SF*_vt,neutral_neutral,vibrational_relaxation,2,candidate,"conserved, species proposed",yes
SF4_v + SF*,SF4 + SF*,cand_SF4_v_SF*_vt,neutral_neutral,vibrational_relaxation,2,candidate,"conserved, species proposed",yes
SF5_v + SF*,SF5 + SF*,cand_SF5_v_SF*_vt,neutral_neutral,vibrational_relaxation,2,candidate,"conserved, species proposed",yes
SF6_v + SF*,SF6 + SF*,cand_SF6_v_SF*_vt,neutral_neutral,vibrational_relaxation,2,candidate,"conserved, species proposed",yes
SF_v + SF*,SF + SF*,cand_SF_v_SF*_vt,neutral_neutral,vibrational_relaxation,2,candidate,"conserved, species proposed",yes
SO2F2_v + SF*,SO2F2 + SF*,cand_SO2F2_v_SF*_vt,neutral_neutral,vibrational_relaxation,4,candidate,"conserved, species proposed",yes
SO2_v + SF*,SO2 + SF*,cand_SO2_v_SF*_vt,neutral_neutral,vibrational_relaxation,4,candidate,"conserved, species proposed",yes
SOF2_v + SF*,SOF2 + SF*,cand_SOF2_v_SF*_vt,neutral_neutral,vibrational_relaxation,3,candidate,"conserved, species proposed",yes
SOF3_v + SF*,SOF3 + SF*,cand_SOF3_v_SF*_vt,neutral_neutral,vibrational_relaxation,3,candidate,"conserved, species proposed",yes
SOF4_v + SF*,SOF4 + SF*,cand_SOF4_v_SF*_vt,neutral_neutral,vibrational_relaxation,3,candidate,"conserved, species proposed",yes
SOF_v + SF*,SOF + SF*,cand_SOF_v_SF*_vt,neutral_neutral,vibrational_relaxation,3,candidate,"conserved, species proposed",yes
SO_v + SF*,SO + SF*,cand_SO_v_SF*_vt,neutral_neutral,vibrational_relaxation,3,candidate,"conserved, species proposed",yes
SF2_v + SF2,SF2 + SF2,cand_SF2_v_SF2_vt,neutral_neutral,vibrational_relaxation,2,candidate,"conserved, species proposed",yes
SF3_v + SF2,SF3 + SF2,cand_SF3_v_SF2_vt,neutral_neutral,vibrational_relaxation,2,candidate,"conserved, species proposed",yes
SF4_v + SF2,SF4 + SF2,cand_SF4_v_SF2_vt,neutral_neutral,vibrational_relaxation,2,candidate,"conserved, species proposed",yes
SF5_v + SF2,SF5 + SF2,cand_SF5_v_SF2_vt,neutral_neutral,vibrational_relaxation,2,candidate,"conserved, species proposed",yes
SF6_v + SF2,SF6 + SF2,cand_SF6_v_SF2_vt,neutral_neutral,vibrational_relaxation,1,candidate,"conserved, species proposed",yes
SF_v + SF2,SF + SF2,cand_SF_v_SF2_vt,neutral_neutral,vibrational_relaxation,2,candidate,"conserved, species proposed",yes
SO2F2_v + SF2,SO2F2 + SF2,cand_SO2F2_v_SF2_vt,neutral_neutral,vibrational_relaxation,4,candidate,"conserved, species proposed",yes
SO2_v + SF2,SO2 + SF2,cand_SO2_v_SF2_vt,neutral_neutral,vibrational_relaxation,4,candidate,"conserved, species proposed",yes
SOF2_v + SF2,SOF2 + SF2,cand_SOF2_v_SF2_vt,neutral_neutral,vibrational_relaxation,3,candidate,"conserved, species proposed",yes
SOF3_v + SF2,SOF3 + SF2,cand_SOF3_v_SF2_vt,neutral_neutral,vibrational_relaxation,3,candidate,"conserved, species proposed",yes
SOF4_v + SF2,SOF4 + SF2,cand_SOF4_v_SF2_vt,neutral_neutral,vibrational_relaxation,3,candidate,"conserved, species proposed",yes
SOF_v + SF2,SOF + SF2,cand_SOF_v_SF2_vt,neutral_neutral,vibrational_relaxation,3,candidate,"conserved, species proposed",yes
SO_v + SF2,SO + SF2,cand_SO_v_SF2_vt,neutral_neutral,vibrational_relaxation,3,candidate,"conserved, species proposed",yes
SF2_v + SF2*,SF2 + SF2*,cand_SF2_v_SF2*_vt,neutral_neutral,vibrational_relaxation,2,candidate,"conserved, species proposed",yes
SF3_v + SF2*,SF3 + SF2*,cand_SF3_v_SF2*_vt,neutral_neutral,vibrational_relaxation,2,candidate,"conserved, species proposed",yes
SF4_v + SF2*,SF4 + SF2*,cand_SF4_v_SF2*_vt,neutral_neutral,vibrational_relaxation,2,candidate,"conserved, species proposed",yes
SF5_v + SF2*,SF5 + SF2*,cand_SF5_v_SF2*_vt,neutral_neutral,vibrational_relaxation,2,candidate,"conserved, species proposed",yes
SF6_v + SF2*,SF6 + SF2*,cand_SF6_v_SF2*_vt,neutral_neutral,vibrational_relaxation,2,candidate,"conserved, species proposed",yes
SF_v + SF2*,SF + SF2*,cand_SF_v_SF2*_vt,neutral_neutral,vibrational_relaxation,2,candidate,"conserved, species proposed",yes
SO2F2_v + SF2*,SO2F2 + SF2*,cand_SO2F2_v_SF2*_vt,neutral_neutral,vibrational_relaxation,4,candidate,"conserved, species proposed",yes
SO2_v + SF2*,SO2 + SF2*,cand_SO2_v_SF2*_vt,neutral_neutral,vibrational_relaxation,4,candidate,"conserved, species proposed",yes
SOF2_v + SF2*,SOF2 + SF2*,cand_SOF2_v_SF2*_vt,neutral_neutral,vibrational_relaxation,3,candidate,"conserved, species proposed",yes
SOF3_v + SF2*,SOF3 + SF2*,cand_SOF3_v_SF2*_vt,neutral_neutral,vibrational_relaxation,3,candidate,"conserved, species proposed",yes
SOF4_v + SF2*,SOF4 + SF2*,cand_SOF4_v_SF2*_vt,neutral_neutral,vibrational_relaxation,3,candidate,"conserved, species proposed",yes
SOF_v + SF2*,SOF + SF2*,cand_SOF_v_SF2*_vt,neutral_neutral,vibrational_relaxation,3,candidate,"conserved, species proposed",yes
SO_v + SF2*,SO + SF2*,cand_SO_v_SF2*_vt,neutral_neutral,vibrational_relaxation,3,candidate,"conserved, species proposed",yes
SF2_v + SF3,SF2 + SF3,cand_SF2_v_SF3_vt,neutral_neutral,vibrational_relaxation,2,candidate,"conserved, species proposed",yes
SF2_v + SF3*,SF2 + SF3*,cand_SF2_v_SF3*_vt,neutral_neutral,vibrational_relaxation,2,candidate,"conserved, species proposed",yes
SF2_v + SF3_v,SF2 + SF3_v,cand_SF2_v_SF3_v_vt,neutral_neutral,vibrational_relaxation,2,candidate,"conserved, species proposed",yes
SF3_v + SF2_v,SF3 + SF2_v,cand_SF3_v_SF2_v_vt,neutral_neutral,vibrational_relaxation,2,candidate,"conserved, species proposed",yes
SF2_v + SF4,SF2 + SF4,cand_SF2_v_SF4_vt,neutral_neutral,vibrational_relaxation,2,candidate,"conserved, species proposed",yes
SF2_v + SF4*,SF2 + SF4*,cand_SF2_v_SF4*_vt,neutral_neutral,vibrational_relaxation,2,candidate,"conserved, species proposed",yes
SF2_v + SF4_v,SF2 + SF4_v,cand_SF2_v_SF4_v_vt,neutral_neutral,vibrational_relaxation,2,candidate,"conserved, species proposed",yes
SF4_v + SF2_v,SF4 + SF2_v,cand_SF4_v_SF2_v_vt,neutral_neutral,vibrational_relaxation,2,candidate,"conserved, species proposed",yes
SF2_v + SF5,SF2 + SF5,cand_SF2_v_SF5_vt,neutral_neutral,vibrational_relaxation,2,candidate,"conserved, species proposed",yes
SF2_v + SF5*,SF2 + SF5*,cand_SF2_v_SF5*_vt,neutral_neutral,vibrational_relaxation,2,candidate,"conserved, species proposed",yes
SF2_v + SF5_v,SF2 + SF5_v,cand_SF2_v_SF5_v_vt,neutral_neutral,vibrational_relaxation,2,candidate,"conserved, species proposed",yes
SF5_v + SF2_v,SF5 + SF2_v,cand_SF5_v_SF2_v_vt,neutral_neutral,vibrational_relaxation,2,candidate,"conserved, species proposed",yes
SF2_v + SF6,SF2 + SF6,cand_SF2_v_SF6_vt,neutral_neutral,vibrational_relaxation,2,candidate,"conserved, species proposed",yes
SF2_v + SF6*,SF2 + SF6*,cand_SF2_v_SF6*_vt,neutral_neutral,vibrational_relaxation,2,candidate,"conserved, species proposed",yes
SF2_v + SF6_v,SF2 + SF6_v,cand_SF2_v_SF6_v_vt,neutral_neutral,vibrational_relaxation,2,candidate,"conserved, species proposed",yes
SF6_v + SF2_v,SF6 + SF2_v,cand_SF6_v_SF2_v_vt,neutral_neutral,vibrational_relaxation,2,candidate,"conserved, species proposed",yes
SF2_v + SF_v,SF2 + SF_v,cand_SF2_v_SF_v_vt,neutral_neutral,vibrational_relaxation,2,candidate,"conserved, species proposed",yes
SF_v + SF2_v,SF + SF2_v,cand_SF_v_SF2_v_vt,neutral_neutral,vibrational_relaxation,2,candidate,"conserved, species proposed",yes
SF2_v + SO,SF2 + SO,cand_SF2_v_SO_vt,neutral_neutral,vibrational_relaxation,2,candidate,"conserved, species proposed",yes
SF2_v + SO*,SF2 + SO*,cand_SF2_v_SO*_vt,neutral_neutral,vibrational_relaxation,3,candidate,"conserved, species proposed",yes
SF2_v + SO2,SF2 + SO2,cand_SF2_v_SO2_vt,neutral_neutral,vibrational_relaxation,3,candidate,"conserved, species proposed",yes
SF2_v + SO2*,SF2 + SO2*,cand_SF2_v_SO2*_vt,neutral_neutral,vibrational_relaxation,4,candidate,"conserved, species proposed",yes
SF2_v + SO2F2,SF2 + SO2F2,cand_SF2_v_SO2F2_vt,neutral_neutral,vibrational_relaxation,3,candidate,"conserved, species proposed",yes
SF2_v + SO2F2*,SF2 + SO2F2*,cand_SF2_v_SO2F2*_vt,neutral_neutral,vibrational_relaxation,4,candidate,"conserved, species proposed",yes
SF2_v + SO2F2_v,SF2 + SO2F2_v,cand_SF2_v_SO2F2_v_vt,neutral_neutral,vibrational_relaxation,4,candidate,"conserved, species proposed",yes
SO2F2_v + SF2_v,SO2F2 + SF2_v,cand_SO2F2_v_SF2_v_vt,neutral_neutral,vibrational_relaxation,4,candidate,"conserved, species proposed",yes
SF2_v + SO2_v,SF2 + SO2_v,cand_SF2_v_SO2_v_vt,neutral_neutral,vibrational_relaxation,4,candidate,"conserved, species proposed",yes
SO2_v + SF2_v,SO2 + SF2_v,cand_SO2_v_SF2_v_vt,neutral_neutral,vibrational_relaxation,4,candidate,"conserved, species proposed",yes
SF2_v + SOF,SF2 + SOF,cand_SF2_v_SOF_vt,neutral_neutral,vibrational_relaxation,2,candidate,"conserved, species proposed",yes
SF2_v + SOF*,SF2 + SOF*,cand_SF2_v_SOF*_vt,neutral_neutral,vibrational_relaxation,3,candidate,"conserved, species proposed",yes
SF2_v + SOF2,SF2 + SOF2,cand_SF2_v_SOF2_vt,neutral_neutral,vibrational_relaxation,2,candidate,"conserved, species proposed",yes
SF2_v + SOF2*,SF2 + SOF2*,cand_SF2_v_SOF2*_vt,neutral_neutral,vibrational_relaxation,3,candidate,"conserved, species proposed",yes
SF2_v + SOF2_v,SF2 + SOF2_v,cand_SF2_v_SOF2_v_vt,neutral_neutral,vibrational_relaxation,3,candidate,"conserved, species proposed",yes
SOF2_v + SF2_v,SOF2 + SF2_v,cand_SOF2_v_SF2_v_vt,neutral_neutral,vibrational_relaxation,3,candidate,"conserved, species proposed",yes
SF2_v + SOF3,SF2 + SOF3,cand_SF2_v_SOF3_vt,neutral_neutral,vibrational_relaxation,2,candidate,"conserved, species proposed",yes
SF2_v + SOF3*,SF2 + SOF3*,cand_SF2_v_SOF3*_vt,neutral_neutral,vibrational_relaxation,3,candidate,"conserved, species proposed",yes
SF2_v + SOF3_v,SF2 + SOF3_v,cand_SF2_v_SOF3_v_vt,neutral_neutral,vibrational_relaxation,3,candidate,"conserved, species proposed",yes
SOF3_v + SF2_v,SOF3 + SF2_v,cand_SOF3_v_SF2_v_vt,neutral_neutral,vibrational_relaxation,3,candidate,"conserved, species proposed",yes
SF2_v + SOF4,SF2 + SOF4,cand_SF2_v_SOF4_vt,neutral_neutral,vibrational_relaxation,2,candidate,"conserved, species proposed",yes
SF2_v + SOF4*,SF2 + SOF4*,cand_SF2_v_SOF4*_vt,neutral_neutral,vibrational_relaxation,3,candidate,"conserved, species proposed",yes
SF2_v + SOF4_v,SF2 + SOF4_v,cand_SF2_v_SOF4_v_vt,neutral_neutral,vibrational_relaxation,3,candidate,"conserved, species proposed",yes
SOF4_v + SF2_v,SOF4 + SF2_v,cand_SOF4_v_SF2_v_vt,neutral_neutral,vibrational_relaxation,3,candidate,"conserved, species proposed",yes
SF2_v + SOF_v,SF2 + SOF_v,cand_SF2_v_SOF_v_vt,neutral_neutral,vibrational_relaxation,3,candidate,"conserved, species proposed",yes
SOF_v + SF2_v,SOF + SF2_v,cand_SOF_v_SF2_v_vt,neutral_neutral,vibrational_relaxation,3,candidate,"conserved, species proposed",yes
SF2_v + SO_v,SF2 + SO_v,cand_SF2_v_SO_v_vt,neutral_neutral,vibrational_relaxation,3,candidate,"conserved, species proposed",yes
SO_v + SF2_v,SO + SF2_v,cand_SO_v_SF2_v_vt,neutral_neutral,vibrational_relaxation,3,candidate,"conserved, species proposed",yes
SF2_v + S_1D,SF2 + S_1D,cand_SF2_v_S_1D_vt,neutral_neutral,vibrational_relaxation,2,candidate,"conserved, species proposed",yes
SF2_v + S_1S,SF2 + S_1S,cand_SF2_v_S_1S_vt,neutral_neutral,vibrational_relaxation,2,candidate,"conserved, species proposed",yes
SF3 + SF3,SF2 + SF4,SF3_SF3_to_SF2_SF4,neutral_neutral,reactive_scattering,1,literature_supported,conserved,yes
SF3_v + SF3,SF3 + SF3,cand_SF3_v_SF3_vt,neutral_neutral,vibrational_relaxation,2,candidate,"conserved, species proposed",yes
SF4_v + SF3,SF4 + SF3,cand_SF4_v_SF3_vt,neutral_neutral,vibrational_relaxation,2,candidate,"conserved, species proposed",yes
SF5_v + SF3,SF5 + SF3,cand_SF5_v_SF3_vt,neutral_neutral,vibrational_relaxation,2,candidate,"conserved, species proposed",yes
SF6_v + SF3,SF6 + SF3,cand_SF6_v_SF3_vt,neutral_neutral,vibrational_relaxation,1,candidate,"conserved, species proposed",yes
SF_v + SF3,SF + SF3,cand_SF_v_SF3_vt,neutral_neutral,vibrational_relaxation,2,candidate,"conserved, species proposed",yes
SO2F2_v + SF3,SO2F2 + SF3,cand_SO2F2_v_SF3_vt,neutral_neutral,vibrational_relaxation,4,candidate,"conserved, species proposed",yes
SO2_v + SF3,SO2 + SF3,cand_SO2_v_SF3_vt,neutral_neutral,vibrational_relaxation,4,candidate,"conserved, species proposed",yes
SOF2_v + SF3,SOF2 + SF3,cand_SOF2_v_SF3_vt,neutral_neutral,vibrational_relaxation,3,candidate,"conserved, species proposed",yes
SOF3_v + SF3,SOF3 + SF3,cand_SOF3_v_SF3_vt,neutral_neutral,vibrational_relaxation,3,candidate,"conserved, species proposed",yes
SOF4_v + SF3,SOF4 + SF3,cand_SOF4_v_SF3_vt,neutral_neutral,vibrational_relaxation,3,candidate,"conserved, species proposed",yes
SOF_v + SF3,SOF + SF3,cand_SOF_v_SF3_vt,neutral_neutral,vibrational_relaxation,3,candidate,"conserved, species proposed",yes
SO_v + SF3,SO + SF3,cand_SO_v_SF3_vt,neutral_neutral,vibrational_relaxation,3,candidate,"conserved, species proposed",yes
SF3_v + SF3*,SF3 + SF3*,cand_SF3_v_SF3*_vt,neutral_neutral,vibrational_relaxation,2,candidate,"conserved, species proposed",yes
SF4_v + SF3*,SF4 + SF3*,cand_SF4_v_SF3*_vt,neutral_neutral,vibrational_relaxation,2,candidate,"conserved, species proposed",yes
SF5_v + SF3*,SF5 + SF3*,cand_SF5_v_SF3*_vt,neutral_neutral,vibrational_relaxation,2,candidate,"conserved, species proposed",yes
SF6_v + SF3*,SF6 + SF3*,cand_SF6_v_SF3*_vt,neutral_neutral,vibrational_relaxation,2,candidate,"conserved, species proposed",yes
SF_v + SF3*,SF + SF3*,cand_SF_v_SF3*_vt,neutral_neutral,vibrational_relaxation,2,candidate,"conserved, species proposed",yes
SO2F2_v + SF3*,SO2F2 + SF3*,cand_SO2F2_v_SF3*_vt,neutral_neutral,vibrational_relaxation,4,candidate,"conserved, species proposed",yes
SO2_v + SF3*,SO2 + SF3*,cand_SO2_v_SF3*_vt,neutral_neutral,vibrational_relaxation,4,candidate,"conserved, species proposed",yes
SOF2_v + SF3*,SOF2 + SF3*,cand_SOF2_v_SF3*_vt,neutral_neutral,vibrational_relaxation,3,candidate,"conserved, species proposed",yes
SOF3_v + SF3*,SOF3 + SF3*,cand_SOF3_v_SF3*_vt,neutral_neutral,vibrational_relaxation,3,candidate,"conserved, species proposed",yes
SOF4_v + SF3*,SOF4 + SF3*,cand_SOF4_v_SF3*_vt,neutral_neutral,vibrational_relaxation,3,candidate,"conserved, species proposed",yes
SOF_v + SF3*,SOF + SF3*,cand_SOF_v_SF3*_vt,neutral_neutral,vibrational_relaxation,3,candidate,"conserved, species proposed",yes
SO_v + SF3*,SO + SF3*,cand_SO_v_SF3*_vt,neutral_neutral,vibrational_relaxation,3,candidate,"conserved, species proposed",yes
SF3_v + SF4,SF3 + SF4,cand_SF3_v_SF4_vt,neutral_neutral,vibrational_relaxation,2,candidate,"conserved, species proposed",yes
SF3_v + SF4*,SF3 + SF4*,cand_SF3_v_SF4*_vt,neutral_neutral,vibrational_relaxation,2,candidate,"conserved, species proposed",yes
SF3_v + SF4_v,SF3 + SF4_v,cand_SF3_v_SF4_v_vt,neutral_neutral,vibrational_relaxation,2,candidate,"conserved, species proposed",yes
SF4_v + SF3_v,SF4 + SF3_v,cand_SF4_v_SF3_v_vt,neutral_neutral,vibrational_relaxation,2,candidate,"conserved, species proposed",yes
SF3_v + SF5,SF3 + SF5,cand_SF3_v_SF5_vt,neutral_neutral,vibrational_relaxation,2,candidate,"conserved, species proposed",yes
SF3_v + SF5*,SF3 + SF5*,cand_SF3_v_SF5*_vt,neutral_neutral,vibrational_relaxation,2,candidate,"conserved, species proposed",yes
SF3_v + SF5_v,SF3 + SF5_v,cand_SF3_v_SF5_v_vt,neutral_neutral,vibrational_relaxation,2,candidate,"conserved, species proposed",yes
SF5_v + SF3_v,SF5 + SF3_v,cand_SF5_v_SF3_v_vt,neutral_neutral,vibrational_relaxation,2,candidate,"conserved, species proposed",yes
SF3_v + SF6,SF3 + SF6,cand_SF3_v_SF6_vt,neutral_neutral,vibrational_relaxation,2,candidate,"conserved, species proposed",yes
SF3_v + SF6*,SF3 + SF6*,cand_SF3_v_SF6*_vt,neutral_neutral,vibrational_relaxation,2,candidate,"conserved, species proposed",yes
SF3_v + SF6_v,SF3 + SF6_v,cand_SF3_v_SF6_v_vt,neutral_neutral,vibrational_relaxation,2,candidate,"conserved, species proposed",yes
SF6_v + SF3_v,SF6 + SF3_v,cand_SF6_v_SF3_v_vt,neutral_neutral,vibrational_relaxation,2,candidate,"conserved, species proposed",yes
SF3_v + SF_v,SF3 + SF_v,cand_SF3_v_SF_v_vt,neutral_neutral,vibrational_relaxation,2,candidate,"conserved, species proposed",yes
SF_v + SF3_v,SF + SF3_v,cand_SF_v_SF3_v_vt,neutral_neutral,vibrational_relaxation,2,candidate,"conserved, species proposed",yes
SF3_v + SO,SF3 + SO,cand_SF3_v_SO_vt,neutral_neutral,vibrational_relaxation,2,candidate,"conserved, species proposed",yes
SF3_v + SO*,SF3 + SO*,cand_SF3_v_SO*_vt,neutral_neutral,vibrational_relaxation,3,candidate,"conserved, species proposed",yes
SF3_v + SO2,SF3 + SO2,cand_SF3_v_SO2_vt,neutral_neutral,vibrational_relaxation,3,candidate,"conserved, species proposed",yes
SF3_v + SO2*,SF3 + SO2*,cand_SF3_v_SO2*_vt,neutral_neutral,vibrational_relaxation,4,candidate,"conserved, species proposed",yes
SF3_v + SO2F2,SF3 + SO2F2,cand_SF3_v_SO2F2_vt,neutral_neutral,vibrational_relaxation,3,candidate,"conserved, species proposed",yes
SF3_v + SO2F2*,SF3 + SO2F2*,cand_SF3_v_SO2F2*_vt,neutral_neutral,vibrational_relaxation,4,candidate,"conserved, species proposed",yes
SF3_v + SO2F2_v,SF3 + SO2F2_v,cand_SF3_v_SO2F2_v_vt,neutral_neutral,vibrational_relaxation,4,candidate,"conserved, species proposed",yes
SO2F2_v + SF3_v,SO2F2 + SF3_v,cand_SO2F2_v_SF3_v_vt,neutral_neutral,vibrational_relaxation,4,candidate,"conserved, species proposed",yes
SF3_v + SO2_v,SF3 + SO2_v,cand_SF3_v_SO2_v_vt,neutral_neutral,vibrational_relaxation,4,candidate,"conserved, species proposed",yes
SO2_v + SF3_v,SO2 + SF3_v,cand_SO2_v_SF3_v_vt,neutral_neutral,vibrational_relaxation,4,candidate,"conserved, species proposed",yes
SF3_v + SOF,SF3 + SOF,cand_SF3_v_SOF_vt,neutral_neutral,vibrational_relaxation,2,candidate,"conserved, species proposed",yes
SF3_v + SOF*,SF3 + SOF*,cand_SF3_v_SOF*_vt,neutral_neutral,vibrational_relaxation,3,candidate,"conserved, species proposed",yes
SF3_v + SOF2,SF3 + SOF2,cand_SF3_v_SOF2_vt,neutral_neutral,vibrational_relaxation,2,candidate,"conserved, species proposed",yes
SF3_v + SOF2*,SF3 + SOF2*,cand_SF3_v_SOF2*_vt,neutral_neutral,vibrational_relaxation,3,candidate,"conserved, species proposed",yes
SF3_v + SOF2_v,SF3 + SOF2_v,cand_SF3_v_SOF2_v_vt,neutral_neutral,vibrational_relaxation,3,candidate,"conserved, species proposed",yes
SOF2_v + SF3_v,SOF2 + SF3_v,cand_SOF2_v_SF3_v_vt,neutral_neutral,vibrational_relaxation,3,candidate,"conserved, species proposed",yes
SF3_v + SOF3,SF3 + SOF3,cand_SF3_v_SOF3_vt,neutral_neutral,vibrational_relaxation,2,candidate,"conserved, species proposed",yes
SF3_v + SOF3*,SF3 + SOF3*,cand_SF3_v_SOF3*_vt,neutral_neutral,vibrational_relaxation,3,candidate,"conserved, species proposed",yes
SF3_v + SOF3_v,SF3 + SOF3_v,cand_SF3_v_SOF3_v_vt,neutral_neutral,vibrational_relaxation,3,candidate,"conserved, species proposed",yes
SOF3_v + SF3_v,SOF3 + SF3_v,cand_SOF3_v_SF3_v_vt,neutral_neutral,vibrational_relaxation,3,candidate,"conserved, species proposed",yes
SF3_v + SOF4,SF3 + SOF4,cand_SF3_v_SOF4_vt,neutral_neutral,vibrational_relaxation,2,candidate,"conserved, species proposed",yes
SF3_v + SOF4*,SF3 + SOF4*,cand_SF3_v_SOF4*_vt,neutral_neutral,vibrational_relaxation,3,candidate,"conserved, species proposed",yes
SF3_v + SOF4_v,SF3 + SOF4_v,cand_SF3_v_SOF4_v_vt,neutral_neutral,vibrational_relaxation,3,candidate,"conserved, species proposed",yes
SOF4_v + SF3_v,SOF4 + SF3_v,cand_SOF4_v_SF3_v_vt,neutral_neutral,vibrational_relaxation,3,candidate,"conserved, species proposed",yes
SF3_v + SOF_v,SF3 + SOF_v,cand_SF3_v_SOF_v_vt,neutral_neutral,vibrational_relaxation,3,candidate,"conserved, species proposed",yes
SOF_v + SF3_v,SOF + SF3_v,cand_SOF_v_SF3_v_vt,neutral_neutral,vibrational_relaxation,3,candidate,"conserved, species proposed",yes
SF3_v + SO_v,SF3 + SO_v,cand_SF3_v_SO_v_vt,neutral_neutral,vibrational_relaxation,3,candidate,"conserved, species proposed",yes
SO_v + SF3_v,SO + SF3_v,cand_SO_v_SF3_v_vt,neutral_neutral,vibrational_relaxation,3,candidate,"conserved, species proposed",yes
SF3_v + S_1D,SF3 + S_1D,cand_SF3_v_S_1D_vt,neutral_neutral,vibrational_relaxation,2,candidate,"conserved, species proposed",yes
SF3_v + S_1S,SF3 + S_1S,cand_SF3_v_S_1S_vt,neutral_neutral,vibrational_relaxation,2,candidate,"conserved, species proposed",yes
SF4_v + SF4,SF4 + SF4,cand_SF4_v_SF4_vt,neutral_neutral,vibrational_relaxation,2,candidate,"conserved, species proposed",yes
SF5_v + SF4,SF5 + SF4,cand_SF5_v_SF4_vt,neutral_neutral,vibrational_relaxation,2,candidate,"conserved, species proposed",yes
SF6_v + SF4,SF6 + SF4,cand_SF6_v_SF4_vt,neutral_neutral,vibrational_relaxation,1,candidate,"conserved, species proposed",yes
SF_v + SF4,SF + SF4,cand_SF_v_SF4_vt,neutral_neutral,vibrational_relaxation,2,candidate,"conserved, species proposed",yes
SO2F2_v + SF4,SO2F2 + SF4,cand_SO2F2_v_SF4_vt,neutral_neutral,vibrational_relaxation,4,candidate,"conserved, species proposed",yes
SO2_v + SF4,SO2 + SF4,cand_SO2_v_SF4_vt,neutral_neutral,vibrational_relaxation,4,candidate,"conserved, species proposed",yes
SOF2_v + SF4,SOF2 + SF4,cand_SOF2_v_SF4_vt,neutral_neutral,vibrational_relaxation,3,candidate,"conserved, species proposed",yes
SOF3_v + SF4,SOF3 + SF4,cand_SOF3_v_SF4_vt,neutral_neutral,vibrational_relaxation,3,candidate,"conserved, species proposed",yes
SOF4_v + SF4,SOF4 + SF4,cand_SOF4_v_SF4_vt,neutral_neutral,vibrational_relaxation,3,candidate,"conserved, species proposed",yes
SOF_v + SF4,SOF + SF4,cand_SOF_v_SF4_vt,neutral_neutral,vibrational_relaxation,3,candidate,"conserved, species proposed",yes
SO_v + SF4,SO + SF4,cand_SO_v_SF4_vt,neutral_neutral,vibrational_relaxation,3,candidate,"conserved, species proposed",yes
SF4_v + SF4*,SF4 + SF4*,cand_SF4_v_SF4*_vt,neutral_neutral,vibrational_relaxation,2,candidate,"conserved, species proposed",yes
SF5_v + SF4*,SF5 + SF4*,cand_SF5_v_SF4*_vt,neutral_neutral,vibrational_relaxation,2,candidate,"conserved, species proposed",yes
SF6_v + SF4*,SF6 + SF4*,cand_SF6_v_SF4*_vt,neutral_neutral,vibrational_relaxation,2,candidate,"conserved, species proposed",yes
SF_v + SF4*,SF + SF4*,cand_SF_v_SF4*_vt,neutral_neutral,vibrational_relaxation,2,candidate,"conserved, species proposed",yes
SO2F2_v + SF4*,SO2F2 + SF4*,cand_SO2F2_v_SF4*_vt,neutral_neutral,vibrational_relaxation,4,candidate,"conserved, species proposed",yes
SO2_v + SF4*,SO2 + SF4*,cand_SO2_v_SF4*_vt,neutral_neutral,vibrational_relaxation,4,candidate,"conserved, species proposed",yes
SOF2_v + SF4*,SOF2 + SF4*,cand_SOF2_v_SF4*_vt,neutral_neutral,vibrational_relaxation,3,candidate,"conserved, species proposed",yes
SOF3_v + SF4*,SOF3 + SF4*,cand_SOF3_v_SF4*_vt,neutral_neutral,vibrational_relaxation,3,candidate,"conserved, species proposed",yes
SOF4_v + SF4*,SOF4 + SF4*,cand_SOF4_v_SF4*_vt,neutral_neutral,vibrational_relaxation,3,candidate,"conserved, species proposed",yes
SOF_v + SF4*,SOF + SF4*,cand_SOF_v_SF4*_vt,neutral_neutral,vibrational_relaxation,3,candidate,"conserved, species proposed",yes
SO_v + SF4*,SO + SF4*,cand_SO_v_SF4*_vt,neutral_neutral,vibrational_relaxation,3,candidate,"conserved, species proposed",yes
SF4_v + SF5,SF4 + SF5,cand_SF4_v_SF5_vt,neutral_neutral,vibrational_relaxation,2,candidate,"conserved, species proposed",yes
SF4_v + SF5*,SF4 + SF5*,cand_SF4_v_SF5*_vt,neutral_neutral,vibrational_relaxation,2,candidate,"conserved, species proposed",yes
SF4_v + SF5_v,SF4 + SF5_v,cand_SF4_v_SF5_v_vt,neutral_neutral,vibrational_relaxation,2,candidate,"conserved, species proposed",yes
SF5_v + SF4_v,SF5 + SF4_v,cand_SF5_v_SF4_v_vt,neutral_neutral,vibrational_relaxation,2,candidate,"conserved, species proposed",yes
SF4_v + SF6,SF4 + SF6,cand_SF4_v_SF6_vt,neutral_neutral,vibrational_relaxation,2,candidate,"conserved, species proposed",yes
SF4_v + SF6*,SF4 + SF6*,cand_SF4_v_SF6*_vt,neutral_neutral,vibrational_relaxation,2,candidate,"conserved, species proposed",yes
SF4_v + SF6_v,SF4 + SF6_v,cand_SF4_v_SF6_v_vt,neutral_neutral,vibrational_relaxation,2,candidate,"conserved, species proposed",yes
SF6_v + SF4_v,SF6 + SF4_v,cand_SF6_v_SF4_v_vt,neutral_neutral,vibrational_relaxation,2,candidate,"conserved, species proposed",yes
SF4_v + SF_v,SF4 + SF_v,cand_SF4_v_SF_v_vt,neutral_neutral,vibrational_relaxation,2,candidate,"conserved, species proposed",yes
SF_v + SF4_v,SF + SF4_v,cand_SF_v_SF4_v_vt,neutral_neutral,vibrational_relaxation,2,candidate,"conserved, species proposed",yes
SF4_v + SO,SF4 + SO,cand_SF4_v_SO_vt,neutral_neutral,vibrational_relaxation,2,candidate,"conserved, species proposed",yes
SF4_v + SO*,SF4 + SO*,cand_SF4_v_SO*_vt,neutral_neutral,vibrational_relaxation,3,candidate,"conserved, species proposed",yes
SF4_v + SO2,SF4 + SO2,cand_SF4_v_SO2_vt,neutral_neutral,vibrational_relaxation,3,candidate,"conserved, species proposed",yes
SF4_v + SO2*,SF4 + SO2*,cand_SF4_v_SO2*_vt,neutral_neutral,vibrational_relaxation,4,candidate,"conserved, species proposed",yes
SF4_v + SO2F2,SF4 + SO2F2,cand_SF4_v_SO2F2_vt,neutral_neutral,vibrational_relaxation,3,candidate,"conserved, species proposed",yes
SF4_v + SO2F2*,SF4 + SO2F2*,cand_SF4_v_SO2F2*_vt,neutral_neutral,vibrational_relaxation,4,candidate,"conserved, species proposed",yes
SF4_v + SO2F2_v,SF4 + SO2F2_v,cand_SF4_v_SO2F2_v_vt,neutral_neutral,vibrational_relaxation,4,candidate,"conserved, species proposed",yes
SO2F2_v + SF4_v,SO2F2 + SF4_v,cand_SO2F2_v_SF4_v_vt,neutral_neutral,vibrational_relaxation,4,candidate,"conserved, species proposed",yes
SF4_v + SO2_v,SF4 + SO2_v,cand_SF4_v_SO2_v_vt,neutral_neutral,vibrational_relaxation,4,candidate,"conserved, species proposed",yes
SO2_v + SF4_v,SO2 + SF4_v,cand_SO2_v_SF4_v_vt,neutral_neutral,vibrational_relaxation,4,candidate,"conserved, species proposed",yes
SF4_v + SOF,SF4 + SOF,cand_SF4_v_SOF_vt,neutral_neutral,vibrational_relaxation,2,candidate,"conserved, species proposed",yes
SF4_v + SOF*,SF4 + SOF*,cand_SF4_v_SOF*_vt,neutral_neutral,vibrational_relaxation,3,candidate,"conserved, species proposed",yes
SF4_v + SOF2,SF4 + SOF2,cand_SF4_v_SOF2_vt,neutral_neutral,vibrational_relaxation,2,candidate,"conserved, species proposed",yes
SF4_v + SOF2*,SF4 + SOF2*,cand_SF4_v_SOF2*_vt,neutral_neutral,vibrational_relaxation,3,candidate,"conserved, species proposed",yes
SF4_v + SOF2_v,SF4 + SOF2_v,cand_SF4_v_SOF2_v_vt,neutral_neutral,vibrational_relaxation,3,candidate,"conserved, species proposed",yes
SOF2_v + SF4_v,SOF2 + SF4_v,cand_SOF2_v_SF4_v_vt,neutral_neutral,vibrational_relaxation,3,candidate,"conserved, species proposed",yes
SF4_v + SOF3,SF4 + SOF3,cand_SF4_v_SOF3_vt,neutral_neutral,vibrational_relaxation,2,candidate,"conserved, species proposed",yes
SF4_v + SOF3*,SF4 + SOF3*,cand_SF4_v_SOF3*_vt,neutral_neutral,vibrational_relaxation,3,candidate,"conserved, species proposed",yes
SF4_v + SOF3_v,SF4 + SOF3_v,cand_SF4_v_SOF3_v_vt,neutral_neutral,vibrational_relaxation,3,candidate,"conserved, species proposed",yes
SOF3_v + SF4_v,SOF3 + SF4_v,cand_SOF3_v_SF4_v_vt,neutral_neutral,vibrational_relaxation,3,candidate,"conserved, species proposed",yes
SF4_v + SOF4,SF4 + SOF4,cand_SF4_v_SOF4_vt,neutral_neutral,vibrational_relaxation,2,candidate,"conserved, species proposed",yes
SF4_v + SOF4*,SF4 + SOF4*,cand_SF4_v_SOF4*_vt,neutral_neutral,vibrational_relaxation,3,candidate,"conserved, species proposed",yes
SF4_v + SOF4_v,SF4 + SOF4_v,cand_SF4_v_SOF4_v_vt,neutral_neutral,vibrational_relaxation,3,candidate,"conserved, species proposed",yes
SOF4_v + SF4_v,SOF4 + SF4_v,cand_SOF4_v_SF4_v_vt,neutral_neutral,vibrational_relaxation,3,candidate,"conserved, species proposed",yes
SF4_v + SOF_v,SF4 + SOF_v,cand_SF4_v_SOF_v_vt,neutral_neutral,vibrational_relaxation,3,candidate,"conserved, species proposed",yes
SOF_v + SF4_v,SOF + SF4_v,cand_SOF_v_SF4_v_vt,neutral_neutral,vibrational_relaxation,3,candidate,"conserved, species proposed",yes
SF4_v + SO_v,SF4 + SO_v,cand_SF4_v_SO_v_vt,neutral_neutral,vibrational_relaxation,3,candidate,"conserved, species proposed",yes
SO_v + SF4_v,SO + SF4_v,cand_SO_v_SF4_v_vt,neutral_neutral,vibrational_relaxation,3,candidate,"conserved, species proposed",yes
SF4_v + S_1D,SF4 + S_1D,cand_SF4_v_S_1D_vt,neutral_neutral,vibrational_relaxation,2,candidate,"conserved, species proposed",yes
SF4_v + S_1S,SF4 + S_1S,cand_SF4_v_S_1S_vt,neutral_neutral,vibrational_relaxation,2,candidate,"conserved, species proposed",yes
SF5 + SF5,SF4 + SF6,SF5_SF5_to_SF4_SF6,neutral_neutral,reactive_scattering,1,literature_supported,conserved,yes
SF5_v + SF5,SF5 + SF5,cand_SF5_v_SF5_vt,neutral_neutral,vibrational_relaxation,2,candidate,"conserved, species proposed",yes
SF6_v + SF5,SF6 + SF5,cand_SF6_v_SF5_vt,neutral_neutral,vibrational_relaxation,1,candidate,"conserved, species proposed",yes
SF_v + SF5,SF + SF5,cand_SF_v_SF5_vt,neutral_neutral,vibrational_relaxation,2,candidate,"conserved, species proposed",yes
SO2F2_v + SF5,SO2F2 + SF5,cand_SO2F2_v_SF5_vt,neutral_neutral,vibrational_relaxation,4,candidate,"conserved, species proposed",yes
SO2_v + SF5,SO2 + SF5,cand_SO2_v_SF5_vt,neutral_neutral,vibrational_relaxation,4,candidate,"conserved, species proposed",yes
SOF2_v + SF5,SOF2 + SF5,cand_SOF2_v_SF5_vt,neutral_neutral,vibrational_relaxation,3,candidate,"conserved, species proposed",yes
SOF3_v + SF5,SOF3 + SF5,cand_SOF3_v_SF5_vt,neutral_neutral,vibrational_relaxation,3,candidate,"conserved, species proposed",yes
SOF4_v + SF5,SOF4 + SF5,cand_SOF4_v_SF5_vt,neutral_neutral,vibrational_relaxation,3,candidate,"conserved, species proposed",yes
SOF_v + SF5,SOF + SF5,cand_SOF_v_SF5_vt,neutral_neutral,vibrational_relaxation,3,candidate,"conserved, species proposed",yes
SO_v + SF5,SO + SF5,cand_SO_v_SF5_vt,neutral_neutral,vibrational_relaxation,3,candidate,"conserved, species proposed",yes
SF5_v + SF5*,SF5 + SF5*,cand_SF5_v_SF5*_vt,neutral_neutral,vibrational_relaxation,2,candidate,"conserved, species proposed",yes
SF6_v + SF5*,SF6 + SF5*,cand_SF6_v_SF5*_vt,neutral_neutral,vibrational_relaxation,2,candidate,"conserved, species proposed",yes
SF_v + SF5*,SF + SF5*,cand_SF_v_SF5*_vt,neutral_neutral,vibrational_relaxation,2,candidate,"conserved, species proposed",yes
SO2F2_v + SF5*,SO2F2 + SF5*,cand_SO2F2_v_SF5*_vt,neutral_neutral,vibrational_relaxation,4,candidate,"conserved, species proposed",yes
SO2_v + SF5*,SO2 + SF5*,cand_SO2_v_SF5*_vt,neutral_neutral,vibrational_relaxation,4,candidate,"conserved, species proposed",yes
SOF2_v + SF5*,SOF2 + SF5*,cand_SOF2_v_SF5*_vt,neutral_neutral,vibrational_relaxation,3,candidate,"conserved, species proposed",yes
SOF3_v + SF5*,SOF3 + SF5*,cand_SOF3_v_SF5*_vt,neutral_neutral,vibrational_relaxation,3,candidate,"conserved, species proposed",yes
SOF4_v + SF5*,SOF4 + SF5*,cand_SOF4_v_SF5*_vt,neutral_neutral,vibrational_relaxation,3,candidate,"conserved, species proposed",yes
SOF_v + SF5*,SOF + SF5*,cand_SOF_v_SF5*_vt,neutral_neutral,vibrational_relaxation,3,candidate,"conserved, species proposed",yes
SO_v + SF5*,SO + SF5*,cand_SO_v_SF5*_vt,neutral_neutral,vibrational_relaxation,3,candidate,"conserved, species proposed",yes
SF5_v + SF6,SF5 + SF6,cand_SF5_v_SF6_vt,neutral_neutral,vibrational_relaxation,2,candidate,"conserved, species proposed",yes
SF5_v + SF6*,SF5 + SF6*,cand_SF5_v_SF6*_vt,neutral_neutral,vibrational_relaxation,2,candidate,"conserved, species proposed",yes
SF5_v + SF6_v,SF5 + SF6_v,cand_SF5_v_SF6_v_vt,neutral_neutral,vibrational_relaxation,2,candidate,"conserved, species proposed",yes
SF6_v + SF5_v,SF6 + SF5_v,cand_SF6_v_SF5_v_vt,neutral_neutral,vibrational_relaxation,2,candidate,"conserved, species proposed",yes
SF5_v + SF_v,SF5 + SF_v,cand_SF5_v_SF_v_vt,neutral_neutral,vibrational_relaxation,2,candidate,"conserved, species proposed",yes
SF_v + SF5_v,SF + SF5_v,cand_SF_v_SF5_v_vt,neutral_neutral,vibrational_relaxation,2,candidate,"conserved, species proposed",yes
SF5_v + SO,SF5 + SO,cand_SF5_v_SO_vt,neutral_neutral,vibrational_relaxation,2,candidate,"conserved, species proposed",yes
SF5_v + SO*,SF5 + SO*,cand_SF5_v_SO*_vt,neutral_neutral,vibrational_relaxation,3,candidate,"conserved, species proposed",yes
SF5_v + SO2,SF5 + SO2,cand_SF5_v_SO2_vt,neutral_neutral,vibrational_relaxation,3,candidate,"conserved, species proposed",yes
SF5_v + SO2*,SF5 + SO2*,cand_SF5_v_SO2*_vt,neutral_neutral,vibrational_relaxation,4,candidate,"conserved, species proposed",yes
SF5_v + SO2F2,SF5 + SO2F2,cand_SF5_v_SO2F2_vt,neutral_neutral,vibrational_relaxation,3,candidate,"conserved, species proposed",yes
SF5_v + SO2F2*,SF5 + SO2F2*,cand_SF5_v_SO2F2*_vt,neutral_neutral,vibrational_relaxation,4,candidate,"conserved, species proposed",yes
SF5_v + SO2F2_v,SF5 + SO2F2_v,cand_SF5_v_SO2F2_v_vt,neutral_neutral,vibrational_relaxation,4,candidate,"conserved, species proposed",yes
SO2F2_v + SF5_v,SO2F2 + SF5_v,cand_SO2F2_v_SF5_v_vt,neutral_neutral,vibrational_relaxation,4,candidate,"conserved, species proposed",yes
SF5_v + SO2_v,SF5 + SO2_v,cand_SF5_v_SO2_v_vt,neutral_neutral,vibrational_relaxation,4,candidate,"conserved, species proposed",yes
SO2_v + SF5_v,SO2 + SF5_v,cand_SO2_v_SF5_v_vt,neutral_neutral,vibrational_relaxation,4,candidate,"conserved, species proposed",yes
SF5_v + SOF,SF5 + SOF,cand_SF5_v_SOF_vt,neutral_neutral,vibrational_relaxation,2,candidate,"conserved, species proposed",yes
SF5_v + SOF*,SF5 + SOF*,cand_SF5_v_SOF*_vt,neutral_neutral,vibrational_relaxation,3,candidate,"conserved, species proposed",yes
SF5_v + SOF2,SF5 + SOF2,cand_SF5_v_SOF2_vt,neutral_neutral,vibrational_relaxation,2,candidate,"conserved, species proposed",yes
SF5_v + SOF2*,SF5 + SOF2*,cand_SF5_v_SOF2*_vt,neutral_neutral,vibrational_relaxation,3,candidate,"conserved, species proposed",yes
SF5_v + SOF2_v,SF5 + SOF2_v,cand_SF5_v_SOF2_v_vt,neutral_neutral,vibrational_relaxation,3,candidate,"conserved, species proposed",yes
SOF2_v + SF5_v,SOF2 + SF5_v,cand_SOF2_v_SF5_v_vt,neutral_neutral,vibrational_relaxation,3,candidate,"conserved, species proposed",yes
SF5_v + SOF3,SF5 + SOF3,cand_SF5_v_SOF3_vt,neutral_neutral,vibrational_relaxation,2,candidate,"conserved, species proposed",yes
SF5_v + SOF3*,SF5 + SOF3*,cand_SF5_v_SOF3*_vt,neutral_neutral,vibrational_relaxation,3,candidate,"conserved, species proposed",yes
SF5_v + SOF3_v,SF5 + SOF3_v,cand_SF5_v_SOF3_v_vt,neutral_neutral,vibrational_relaxation,3,candidate,"conserved, species proposed",yes
SOF3_v + SF5_v,SOF3 + SF5_v,cand_SOF3_v_SF5_v_vt,neutral_neutral,vibrational_relaxation,3,candidate,"conserved, species proposed",yes
SF5_v + SOF4,SF5 + SOF4,cand_SF5_v_SOF4_vt,neutral_neutral,vibrational_relaxation,2,candidate,"conserved, species proposed",yes
SF5_v + SOF4*,SF5 + SOF4*,cand_SF5_v_SOF4*_vt,neutral_neutral,vibrational_relaxation,3,candidate,"conserved, species proposed",yes
SF5_v + SOF4_v,SF5 + SOF4_v,cand_SF5_v_SOF4_v_vt,neutral_neutral,vibrational_relaxation,3,candidate,"conserved, species proposed",yes
SOF4_v + SF5_v,SOF4 + SF5_v,cand_SOF4_v_SF5_v_vt,neutral_neutral,vibrational_relaxation,3,candidate,"conserved, species proposed",yes
SF5_v + SOF_v,SF5 + SOF_v,cand_SF5_v_SOF_v_vt,neutral_neutral,vibrational_relaxation,3,candidate,"conserved, species proposed",yes
SOF_v + SF5_v,SOF + SF5_v,cand_SOF_v_SF5_v_vt,neutral_neutral,vibrational_relaxation,3,candidate,"conserved, species proposed",yes
SF5_v + SO_v,SF5 + SO_v,cand_SF5_v_SO_v_vt,neutral_neutral,vibrational_relaxation,3,candidate,"conserved, species proposed",yes
SO_v + SF5_v,SO + SF5_v,cand_SO_v_SF5_v_vt,neutral_neutral,vibrational_relaxation,3,candidate,"conserved, species proposed",yes
SF5_v + S_1D,SF5 + S_1D,cand_SF5_v_S_1D_vt,neutral_neutral,vibrational_relaxation,2,candidate,"conserved, species proposed",yes
SF5_v + S_1S,SF5 + S_1S,cand_SF5_v_S_1S_vt,neutral_neutral,vibrational_relaxation,2,candidate,"conserved, species proposed",yes
SF6_v + SF6,SF6 + SF6,cand_SF6_v_SF6_vt,neutral_neutral,vibrational_relaxation,1,candidate,"conserved, species proposed",yes
SF_v + SF6,SF + SF6,cand_SF_v_SF6_vt,neutral_neutral,vibrational_relaxation,2,candidate,"conserved, species proposed",yes
SO2F2_v + SF6,SO2F2 + SF6,cand_SO2F2_v_SF6_vt,neutral_neutral,vibrational_relaxation,4,candidate,"conserved, species proposed",yes
SO2_v + SF6,SO2 + SF6,cand_SO2_v_SF6_vt,neutral_neutral,vibrational_relaxation,4,candidate,"conserved, species proposed",yes
SOF2_v + SF6,SOF2 + SF6,cand_SOF2_v_SF6_vt,neutral_neutral,vibrational_relaxation,3,candidate,"conserved, species proposed",yes
SOF3_v + SF6,SOF3 + SF6,cand_SOF3_v_SF6_vt,neutral_neutral,vibrational_relaxation,3,candidate,"conserved, species proposed",yes
SOF4_v + SF6,SOF4 + SF6,cand_SOF4_v_SF6_vt,neutral_neutral,vibrational_relaxation,3,candidate,"conserved, species proposed",yes
SOF_v + SF6,SOF + SF6,cand_SOF_v_SF6_vt,neutral_neutral,vibrational_relaxation,3,candidate,"conserved, species proposed",yes
SO_v + SF6,SO + SF6,cand_SO_v_SF6_vt,neutral_neutral,vibrational_relaxation,3,candidate,"conserved, species proposed",yes
SF6_v + SF6*,SF6 + SF6*,cand_SF6_v_SF6*_vt,neutral_neutral,vibrational_relaxation,1,candidate,"conserved, species proposed",yes
SF_v + SF6*,SF + SF6*,cand_SF_v_SF6*_vt,neutral_neutral,vibrational_relaxation,2,candidate,"conserved, species proposed",yes
SO2F2_v + SF6*,SO2F2 + SF6*,cand_SO2F2_v_SF6*_vt,neutral_neutral,vibrational_relaxation,4,candidate,"conserved, species proposed",yes
SO2_v + SF6*,SO2 + SF6*,cand_SO2_v_SF6*_vt,neutral_neutral,vibrational_relaxation,4,candidate,"conserved, species proposed",yes
SOF2_v + SF6*,SOF2 + SF6*,cand_SOF2_v_SF6*_vt,neutral_neutral,vibrational_relaxation,3,candidate,"conserved, species proposed",yes
SOF3_v + SF6*,SOF3 + SF6*,cand_SOF3_v_SF6*_vt,neutral_neutral,vibrational_relaxation,3,candidate,"conserved, species proposed",yes
SOF4_v + SF6*,SOF4 + SF6*,cand_SOF4_v_SF6*_vt,neutral_neutral,vibrational_relaxation,3,candidate,"conserved, species proposed",yes
SOF_v + SF6*,SOF + SF6*,cand_SOF_v_SF6*_vt,neutral_neutral,vibrational_relaxation,3,candidate,"conserved, species proposed",yes
SO_v + SF6*,SO + SF6*,cand_SO_v_SF6*_vt,neutral_neutral,vibrational_relaxation,3,candidate,"conserved, species proposed",yes
SF6_v + SF_v,SF6 + SF_v,cand_SF6_v_SF_v_vt,neutral_neutral,vibrational_relaxation,2,candidate,"conserved, species proposed",yes
SF_v + SF6_v,SF + SF6_v,cand_SF_v_SF6_v_vt,neutral_neutral,vibrational_relaxation,2,candidate,"conserved, species proposed",yes
SF6_v + SO,SF6 + SO,cand_SF6_v_SO_vt,neutral_neutral,vibrational_relaxation,2,candidate,"conserved, species proposed",yes
SF6_v + SO*,SF6 + SO*,cand_SF6_v_SO*_vt,neutral_neutral,vibrational_relaxation,3,candidate,"conserved, species proposed",yes
SF6_v + SO2,SF6 + SO2,cand_SF6_v_SO2_vt,neutral_neutral,vibrational_relaxation,3,candidate,"conserved, species proposed",yes
SF6_v + SO2*,SF6 + SO2*,cand_SF6_v_SO2*_vt,neutral_neutral,vibrational_relaxation,4,candidate,"conserved, species proposed",yes
SF6_v + SO2F2,SF6 + SO2F2,cand_SF6_v_SO2F2_vt,neutral_neutral,vibrational_relaxation,3,candidate,"conserved, species proposed",yes
SF6_v + SO2F2*,SF6 + SO2F2*,cand_SF6_v_SO2F2*_vt,neutral_neutral,vibrational_relaxation,4,candidate,"conserved, species proposed",yes
SF6_v + SO2F2_v,SF6 + SO2F2_v,cand_SF6_v_SO2F2_v_vt,neutral_neutral,vibrational_relaxation,4,candidate,"conserved, species proposed",yes
SO2F2_v + SF6_v,SO2F2 + SF6_v,cand_SO2F2_v_SF6_v_vt,neutral_neutral,vibrational_relaxation,4,candidate,"conserved, species proposed",yes
SF6_v + SO2_v,SF6 + SO2_v,cand_SF6_v_SO2_v_vt,neutral_neutral,vibrational_relaxation,4,candidate,"conserved, species proposed",yes
SO2_v + SF6_v,SO2 + SF6_v,cand_SO2_v_SF6_v_vt,neutral_neutral,vibrational_relaxation,4,candidate,"conserved, species proposed",yes
SF6_v + SOF,SF6 + SOF,cand_SF6_v_SOF_vt,neutral_neutral,vibrational_relaxation,2,candidate,"conserved, species proposed",yes
SF6_v + SOF*,SF6 + SOF*,cand_SF6_v_SOF*_vt,neutral_neutral,vibrational_relaxation,3,candidate,"conserved, species proposed",yes
SF6_v + SOF2,SF6 + SOF2,cand_SF6_v_SOF2_vt,neutral_neutral,vibrational_relaxation,2,candidate,"conserved, species proposed",yes
SF6_v + SOF2*,SF6 + SOF2*,cand_SF6_v_SOF2*_vt,neutral_neutral,vibrational_relaxation,3,candidate,"conserved, species proposed",yes
SF6_v + SOF2_v,SF6 + SOF2_v,cand_SF6_v_SOF2_v_vt,neutral_neutral,vibrational_relaxation,3,candidate,"conserved, species proposed",yes
SOF2_v + SF6_v,SOF2 + SF6_v,cand_SOF2_v_SF6_v_vt,neutral_neutral,vibrational_relaxation,3,candidate,"conserved, species proposed",yes
SF6_v + SOF3,SF6 + SOF3,cand_SF6_v_SOF3_vt,neutral_neutral,vibrational_relaxation,2,candidate,"conserved, species proposed",yes
SF6_v + SOF3*,SF6 + SOF3*,cand_SF6_v_SOF3*_vt,neutral_neutral,vibrational_relaxation,3,candidate,"conserved, species proposed",yes
SF6_v + SOF3_v,SF6 + SOF3_v,cand_SF6_v_SOF3_v_vt,neutral_neutral,vibrational_relaxation,3,candidate,"conserved, species proposed",yes
SOF3_v + SF6_v,SOF3 + SF6_v,cand_SOF3_v_SF6_v_vt,neutral_neutral,vibrational_relaxation,3,candidate,"conserved, species proposed",yes
SF6_v + SOF4,SF6 + SOF4,cand_SF6_v_SOF4_vt,neutral_neutral,vibrational_relaxation,2,candidate,"conserved, species proposed",yes
SF6_v + SOF4*,SF6 + SOF4*,cand_SF6_v_SOF4*_vt,neutral_neutral,vibrational_relaxation,3,candidate,"conserved, species proposed",yes
SF6_v + SOF4_v,SF6 + SOF4_v,cand_SF6_v_SOF4_v_vt,neutral_neutral,vibrational_relaxation,3,candidate,"conserved, species proposed",yes
SOF4_v + SF6_v,SOF4 + SF6_v,cand_SOF4_v_SF6_v_vt,neutral_neutral,vibrational_relaxation,3,candidate,"conserved, species proposed",yes
SF6_v + SOF_v,SF6 + SOF_v,cand_SF6_v_SOF_v_vt,neutral_neutral,vibrational_relaxation,3,candidate,"conserved, species proposed",yes
SOF_v + SF6_v,SOF + SF6_v,cand_SOF_v_SF6_v_vt,neutral_neutral,vibrational_relaxation,3,candidate,"conserved, species proposed",yes
SF6_v + SO_v,SF6 + SO_v,cand_SF6_v_SO_v_vt,neutral_neutral,vibrational_relaxation,3,candidate,"conserved, species proposed",yes
SO_v + SF6_v,SO + SF6_v,cand_SO_v_SF6_v_vt,neutral_neutral,vibrational_relaxation,3,candidate,"conserved, species proposed",yes
SF6_v + S_1D,SF6 + S_1D,cand_SF6_v_S_1D_vt,neutral_neutral,vibrational_relaxation,2,candidate,"conserved, species proposed",yes
SF6_v + S_1S,SF6 + S_1S,cand_SF6_v_S_1S_vt,neutral_neutral,vibrational_relaxation,2,candidate,"conserved, species proposed",yes
SF_v + SO,SF + SO,cand_SF_v_SO_vt,neutral_neutral,vibrational_relaxation,2,candidate,"conserved, species proposed",yes
SF_v + SO*,SF + SO*,cand_SF_v_SO*_vt,neutral_neutral,vibrational_relaxation,3,candidate,"conserved, species proposed",yes
SF_v + SO2,SF + SO2,cand_SF_v_SO2_vt,neutral_neutral,vibrational_relaxation,3,candidate,"conserved, species proposed",yes
SF_v + SO2*,SF + SO2*,cand_SF_v_SO2*_vt,neutral_neutral,vibrational_relaxation,4,candidate,"conserved, species proposed",yes
SF_v + SO2F2,SF + SO2F2,cand_SF_v_SO2F2_vt,neutral_neutral,vibrational_relaxation,3,candidate,"conserved, species proposed",yes
SF_v + SO2F2*,SF + SO2F2*,cand_SF_v_SO2F2*_vt,neutral_neutral,vibrational_relaxation,4,candidate,"conserved, species proposed",yes
SF_v + SO2F2_v,SF + SO2F2_v,cand_SF_v_SO2F2_v_vt,neutral_neutral,vibrational_relaxation,4,candidate,"conserved, species proposed",yes
SO2F2_v + SF_v,SO2F2 + SF_v,cand_SO2F2_v_SF_v_vt,neutral_neutral,vibrational_relaxation,4,candidate,"conserved, species proposed",yes
SF_v + SO2_v,SF + SO2_v,cand_SF_v_SO2_v_vt,neutral_neutral,vibrational_relaxation,4,candidate,"conserved, species proposed",yes
SO2_v + SF_v,SO2 + SF_v,cand_SO2_v_SF_v_vt,neutral_neutral,vibrational_relaxation,4,candidate,"conserved, species proposed",yes
SF_v + SOF,SF + SOF,cand_SF_v_SOF_vt,neutral_neutral,vibrational_relaxation,2,candidate,"conserved, species proposed",yes
SF_v + SOF*,SF + SOF*,cand_SF_v_SOF*_vt,neutral_neutral,vibrational_relaxation,3,candidate,"conserved, species proposed",yes
SF_v + SOF2,SF + SOF2,cand_SF_v_SOF2_vt,neutral_neutral,vibrational_relaxation,2,candidate,"conserved, species proposed",yes
SF_v + SOF2*,SF + SOF2*,cand_SF_v_SOF2*_vt,neutral_neutral,vibrational_relaxation,3,candidate,"conserved, species proposed",yes
SF_v + SOF2_v,SF + SOF2_v,cand_SF_v_SOF2_v_vt,neutral_neutral,vibrational_relaxation,3,candidate,"conserved, species proposed",yes
SOF2_v + SF_v,SOF2 + SF_v,cand_SOF2_v_SF_v_vt,neutral_neutral,vibrational_relaxation,3,candidate,"conserved, species proposed",yes
SF_v + SOF3,SF + SOF3,cand_SF_v_SOF3_vt,neutral_neutral,vibrational_relaxation,2,candidate,"conserved, species proposed",yes
SF_v + SOF3*,SF + SOF3*,cand_SF_v_SOF3*_vt,neutral_neutral,vibrational_relaxation,3,candidate,"conserved, species proposed",yes
SF_v + SOF3_v,SF + SOF3_v,cand_SF_v_SOF3_v_vt,neutral_neutral,vibrational_relaxation,3,candidate,"conserved, species proposed",yes
SOF3_v + SF_v,SOF3 + SF_v,cand_SOF3_v_SF_v_vt,neutral_neutral,vibrational_relaxation,3,candidate,"conserved, species proposed",yes
SF_v + SOF4,SF + SOF4,cand_SF_v_SOF4_vt,neutral_neutral,vibrational_relaxation,2,candidate,"conserved, species proposed",yes
SF_v + SOF4*,SF + SOF4*,cand_SF_v_SOF4*_vt,neutral_neutral,vibrational_relaxation,3,candidate,"conserved, species proposed",yes
SF_v + SOF4_v,SF + SOF4_v,cand_SF_v_SOF4_v_vt,neutral_neutral,vibrational_relaxation,3,candidate,"conserved, species proposed",yes
SOF4_v + SF_v,SOF4 + SF_v,cand_SOF4_v_SF_v_vt,neutral_neutral,vibrational_relaxation,3,candidate,"conserved, species proposed",yes
SF_v + SOF_v,SF + SOF_v,cand_SF_v_SOF_v_vt,neutral_neutral,vibrational_relaxation,3,candidate,"conserved, species proposed",yes
SOF_v + SF_v,SOF + SF_v,cand_SOF_v_SF_v_vt,neutral_neutral,vibrational_relaxation,3,candidate,"conserved, species proposed",yes
SF_v + SO_v,SF + SO_v,cand_SF_v_SO_v_vt,neutral_neutral,vibrational_relaxation,3,candidate,"conserved, species proposed",yes
SO_v + SF_v,SO + SF_v,cand_SO_v_SF_v_vt,neutral_neutral,vibrational_relaxation,3,candidate,"conserved, species proposed",yes
SF_v + S_1D,SF + S_1D,cand_SF_v_S_1D_vt,neutral_neutral,vibrational_relaxation,2,candidate,"conserved, species proposed",yes
SF_v + S_1S,SF + S_1S,cand_SF_v_S_1S_vt,neutral_neutral,vibrational_relaxation,2,candidate,"conserved, species proposed",yes
SO2F2_v + SO,SO2F2 + SO,cand_SO2F2_v_SO_vt,neutral_neutral,vibrational_relaxation,4,candidate,"conserved, species proposed",yes
SO2_v + SO,SO2 + SO,cand_SO2_v_SO_vt,neutral_neutral,vibrational_relaxation,4,candidate,"conserved, species proposed",yes
SOF2_v + SO,SOF2 + SO,cand_SOF2_v_SO_vt,neutral_neutral,vibrational_relaxation,3,candidate,"conserved, species proposed",yes
SOF3_v + SO,SOF3 + SO,cand_SOF3_v_SO_vt,neutral_neutral,vibrational_relaxation,3,candidate,"conserved, species proposed",yes
SOF4_v + SO,SOF4 + SO,cand_SOF4_v_SO_vt,neutral_neutral,vibrational_relaxation,3,candidate,"conserved, species proposed",yes
SOF_v + SO,SOF + SO,cand_SOF_v_SO_vt,neutral_neutral,vibrational_relaxation,3,candidate,"conserved, species proposed",yes
SO_v + SO,SO + SO,cand_SO_v_SO_vt,neutral_neutral,vibrational_relaxation,3,candidate,"conserved, species proposed",yes
SO2F2_v + SO*,SO2F2 + SO*,cand_SO2F2_v_SO*_vt,neutral_neutral,vibrational_relaxation,4,candidate,"conserved, species proposed",yes
SO2_v + SO*,SO2 + SO*,cand_SO2_v_SO*_vt,neutral_neutral,vibrational_relaxation,4,candidate,"conserved, species proposed",yes
SOF2_v + SO*,SOF2 + SO*,cand_SOF2_v_SO*_vt,neutral_neutral,vibrational_relaxation,3,candidate,"conserved, species proposed",yes
SOF3_v + SO*,SOF3 + SO*,cand_SOF3_v_SO*_vt,neutral_neutral,vibrational_relaxation,3,candidate,"conserved, species proposed",yes
SOF4_v + SO*,SOF4 + SO*,cand_SOF4_v_SO*_vt,neutral_neutral,vibrational_relaxation,3,candidate,"conserved, species proposed",yes
SOF_v + SO*,SOF + SO*,cand_SOF_v_SO*_vt,neutral_neutral,vibrational_relaxation,3,candidate,"conserved, species proposed",yes
SO_v + SO*,SO + SO*,cand_SO_v_SO*_vt,neutral_neutral,vibrational_relaxation,3,candidate,"conserved, species proposed",yes
SO2F2_v + SO2,SO2F2 + SO2,cand_SO2F2_v_SO2_vt,neutral_neutral,vibrational_relaxation,4,candidate,"conserved, species proposed",yes
SO2_v + SO2,SO2 + SO2,cand_SO2_v_SO2_vt,neutral_neutral,vibrational_relaxation,4,candidate,"conserved, species proposed",yes
SOF2_v + SO2,SOF2 + SO2,cand_SOF2_v_SO2_vt,neutral_neutral,vibrational_relaxation,3,candidate,"conserved, species proposed",yes
SOF3_v + SO2,SOF3 + SO2,cand_SOF3_v_SO2_vt,neutral_neutral,vibrational_relaxation,3,candidate,"conserved, species proposed",yes
SOF4_v + SO2,SOF4 + SO2,cand_SOF4_v_SO2_vt,neutral_neutral,vibrational_relaxation,3,candidate,"conserved, species proposed",yes
SOF_v + SO2,SOF + SO2,cand_SOF_v_SO2_vt,neutral_neutral,vibrational_relaxation,3,candidate,"conserved, species proposed",yes
SO_v + SO2,SO + SO2,cand_SO_v_SO2_vt,neutral_neutral,vibrational_relaxation,3,candidate,"conserved, species proposed",yes
SO2F2_v + SO2*,SO2F2 + SO2*,cand_SO2F2_v_SO2*_vt,neutral_neutral,vibrational_relaxation,4,candidate,"conserved, species proposed",yes
SO2_v + SO2*,SO2 + SO2*,cand_SO2_v_SO2*_vt,neutral_neutral,vibrational_relaxation,4,candidate,"conserved, species proposed",yes
SOF2_v + SO2*,SOF2 + SO2*,cand_SOF2_v_SO2*_vt,neutral_neutral,vibrational_relaxation,4,candidate,"conserved, species proposed",yes
SOF3_v + SO2*,SOF3 + SO2*,cand_SOF3_v_SO2*_vt,neutral_neutral,vibrational_relaxation,4,candidate,"conserved, species proposed",yes
SOF4_v + SO2*,SOF4 + SO2*,cand_SOF4_v_SO2*_vt,neutral_neutral,vibrational_relaxation,4,candidate,"conserved, species proposed",yes
SOF_v + SO2*,SOF + SO2*,cand_SOF_v_SO2*_vt,neutral_neutral,vibrational_relaxation,4,candidate,"conserved, species proposed",yes
SO_v + SO2*,SO + SO2*,cand_SO_v_SO2*_vt,neutral_neutral,vibrational_relaxation,4,candidate,"conserved, species proposed",yes
SO2F2_v + SO2F2,SO2F2 + SO2F2,cand_SO2F2_v_SO2F2_vt,neutral_neutral,vibrational_relaxation,4,candidate,"conserved, species proposed",yes
SO2_v + SO2F2,SO2 + SO2F2,cand_SO2_v_SO2F2_vt,neutral_neutral,vibrational_relaxation,4,candidate,"conserved, species proposed",yes
SOF2_v + SO2F2,SOF2 + SO2F2,cand_SOF2_v_SO2F2_vt,neutral_neutral,vibrational_relaxation,3,candidate,"conserved, species proposed",yes
SOF3_v + SO2F2,SOF3 + SO2F2,cand_SOF3_v_SO2F2_vt,neutral_neutral,vibrational_relaxation,3,candidate,"conserved, species proposed",yes
SOF4_v + SO2F2,SOF4 + SO2F2,cand_SOF4_v_SO2F2_vt,neutral_neutral,vibrational_relaxation,3,candidate,"conserved, species proposed",yes
SOF_v + SO2F2,SOF + SO2F2,cand_SOF_v_SO2F2_vt,neutral_neutral,vibrational_relaxation,3,candidate,"conserved, species proposed",yes
SO_v + SO2F2,SO + SO2F2,cand_SO_v_SO2F2_vt,neutral_neutral,vibrational_relaxation,3,candidate,"conserved, species proposed",yes
SO2F2_v + SO2F2*,SO2F2 + SO2F2*,cand_SO2F2_v_SO2F2*_vt,neutral_neutral,vibrational_relaxation,4,candidate,"conserved, species proposed",yes
SO2_v + SO2F2*,SO2 + SO2F2*,cand_SO2_v_SO2F2*_vt,neutral_neutral,vibrational_relaxation,4,candidate,"conserved, species proposed",yes
SOF2_v + SO2F2*,SOF2 + SO2F2*,cand_SOF2_v_SO2F2*_vt,neutral_neutral,vibrational_relaxation,4,candidate,"conserved, species proposed",yes
SOF3_v + SO2F2*,SOF3 + SO2F2*,cand_SOF3_v_SO2F2*_vt,neutral_neutral,vibrational_relaxation,4,candidate,"conserved, species proposed",yes
SOF4_v + SO2F2*,SOF4 + SO2F2*,cand_SOF4_v_SO2F2*_vt,neutral_neutral,vibrational_relaxation,4,candidate,"conserved, species proposed",yes
SOF_v + SO2F2*,SOF + SO2F2*,cand_SOF_v_SO2F2*_vt,neutral_neutral,vibrational_relaxation,4,candidate,"conserved, species proposed",yes
SO_v + SO2F2*,SO + SO2F2*,cand_SO_v_SO2F2*_vt,neutral_neutral,vibrational_relaxation,4,candidate,"conserved, species proposed",yes
SO2F2_v + SO2_v,SO2F2 + SO2_v,cand_SO2F2_v_SO2_v_vt,neutral_neutral,vibrational_relaxation,4,candidate,"conserved, species proposed",yes
SO2_v + SO2F2_v,SO2 + SO2F2_v,cand_SO2_v_SO2F2_v_vt,neutral_neutral,vibrational_relaxation,4,candidate,"conserved, species proposed",yes
SO2F2_v + SOF,SO2F2 + SOF,cand_SO2F2_v_SOF_vt,neutral_neutral,vibrational_relaxation,4,candidate,"conserved, species proposed",yes
SO2F2_v + SOF*,SO2F2 + SOF*,cand_SO2F2_v_SOF*_vt,neutral_neutral,vibrational_relaxation,4,candidate,"conserved, species proposed",yes
SO2F2_v + SOF2,SO2F2 + SOF2,cand_SO2F2_v_SOF2_vt,neutral_neutral,vibrational_relaxation,4,candidate,"conserved, species proposed",yes
SO2F2_v + SOF2*,SO2F2 + SOF2*,cand_SO2F2_v_SOF2*_vt,neutral_neutral,vibrational_relaxation,4,candidate,"conserved, species proposed",yes
SO2F2_v + SOF2_v,SO2F2 + SOF2_v,cand_SO2F2_v_SOF2_v_vt,neutral_neutral,vibrational_relaxation,4,candidate,"conserved, species proposed",yes
SOF2_v + SO2F2_v,SOF2 + SO2F2_v,cand_SOF2_v_SO2F2_v_vt,neutral_neutral,vibrational_relaxation,4,candidate,"conserved, species proposed",yes
SO2F2_v + SOF3,SO2F2 + SOF3,cand_SO2F2_v_SOF3_vt,neutral_neutral,vibrational_relaxation,4,candidate,"conserved, species proposed",yes
SO2F2_v + SOF3*,SO2F2 + SOF3*,cand_SO2F2_v_SOF3*_vt,neutral_neutral,vibrational_relaxation,4,candidate,"conserved, species proposed",yes
SO2F2_v + SOF3_v,SO2F2 + SOF3_v,cand_SO2F2_v_SOF3_v_vt,neutral_neutral,vibrational_relaxation,4,candidate,"conserved, species proposed",yes
SOF3_v + SO2F2_v,SOF3 + SO2F2_v,cand_SOF3_v_SO2F2_v_vt,neutral_neutral,vibrational_relaxation,4,candidate,"conserved, species proposed",yes
SO2F2_v + SOF4,SO2F2 + SOF4,cand_SO2F2_v_SOF4_vt,neutral_neutral,vibrational_relaxation,4,candidate,"conserved, species proposed",yes
SO2F2_v + SOF4*,SO2F2 + SOF4*,cand_SO2F2_v_SOF4*_vt,neutral_neutral,vibrational_relaxation,4,candidate,"conserved, species proposed",yes
SO2F2_v + SOF4_v,SO2F2 + SOF4_v,cand_SO2F2_v_SOF4_v_vt,neutral_neutral,vibrational_relaxation,4,candidate,"conserved, species proposed",yes
SOF4_v + SO2F2_v,SOF4 + SO2F2_v,cand_SOF4_v_SO2F2_v_vt,neutral_neutral,vibrational_relaxation,4,candidate,"conserved, species proposed",yes
SO2F2_v + SOF_v,SO2F2 + SOF_v,cand_SO2F2_v_SOF_v_vt,neutral_neutral,vibrational_relaxation,4,candidate,"conserved, species proposed",yes
SOF_v + SO2F2_v,SOF + SO2F2_v,cand_SOF_v_SO2F2_v_vt,neutral_neutral,vibrational_relaxation,4,candidate,"conserved, species proposed",yes
SO2F2_v + SO_v,SO2F2 + SO_v,cand_SO2F2_v_SO_v_vt,neutral_neutral,vibrational_relaxation,4,candidate,"conserved, species proposed",yes
SO_v + SO2F2_v,SO + SO2F2_v,cand_SO_v_SO2F2_v_vt,neutral_neutral,vibrational_relaxation,4,candidate,"conserved, species proposed",yes
SO2F2_v + S_1D,SO2F2 + S_1D,cand_SO2F2_v_S_1D_vt,neutral_neutral,vibrational_relaxation,4,candidate,"conserved, species proposed",yes
SO2F2_v + S_1S,SO2F2 + S_1S,cand_SO2F2_v_S_1S_vt,neutral_neutral,vibrational_relaxation,4,candidate,"conserved, species proposed",yes
SO2_v + SOF,SO2 + SOF,cand_SO2_v_SOF_vt,neutral_neutral,vibrational_relaxation,4,candidate,"conserved, species proposed",yes
SO2_v + SOF*,SO2 + SOF*,cand_SO2_v_SOF*_vt,neutral_neutral,vibrational_relaxation,4,candidate,"conserved, species proposed",yes
SO2_v + SOF2,SO2 + SOF2,cand_SO2_v_SOF2_vt,neutral_neutral,vibrational_relaxation,4,candidate,"conserved, species proposed",yes
SO2_v + SOF2*,SO2 + SOF2*,cand_SO2_v_SOF2*_vt,neutral_neutral,vibrational_relaxation,4,candidate,"conserved, species proposed",yes
SO2_v + SOF2_v,SO2 + SOF2_v,cand_SO2_v_SOF2_v_vt,neutral_neutral,vibrational_relaxation,4,candidate,"conserved, species proposed",yes
SOF2_v + SO2_v,SOF2 + SO2_v,cand_SOF2_v_SO2_v_vt,neutral_neutral,vibrational_relaxation,4,candidate,"conserved, species proposed",yes
SO2_v + SOF3,SO2 + SOF3,cand_SO2_v_SOF3_vt,neutral_neutral,vibrational_relaxation,4,candidate,"conserved, species proposed",yes
SO2_v + SOF3*,SO2 + SOF3*,cand_SO2_v_SOF3*_vt,neutral_neutral,vibrational_relaxation,4,candidate,"conserved, species proposed",yes
SO2_v + SOF3_v,SO2 + SOF3_v,cand_SO2_v_SOF3_v_vt,neutral_neutral,vibrational_relaxation,4,candidate,"conserved, species proposed",yes
SOF3_v + SO2_v,SOF3 + SO2_v,cand_SOF3_v_SO2_v_vt,neutral_neutral,vibrational_relaxation,4,candidate,"conserved, species proposed",yes
SO2_v + SOF4,SO2 + SOF4,cand_SO2_v_SOF4_vt,neutral_neutral,vibrational_relaxation,4,candidate,"conserved, species proposed",yes
SO2_v + SOF4*,SO2 + SOF4*,cand_SO2_v_SOF4*_vt,neutral_neutral,vibrational_relaxation,4,candidate,"conserved, species proposed",yes
SO2_v + SOF4_v,SO2 + SOF4_v,cand_SO2_v_SOF4_v_vt,neutral_neutral,vibrational_relaxation,4,candidate,"conserved, species proposed",yes
SOF4_v + SO2_v,SOF4 + SO2_v,cand_SOF4_v_SO2_v_vt,neutral_neutral,vibrational_relaxation,4,candidate,"conserved, species proposed",yes
SO2_v + SOF_v,SO2 + SOF_v,cand_SO2_v_SOF_v_vt,neutral_neutral,vibrational_relaxation,4,candidate,"conserved, species proposed",yes
SOF_v + SO2_v,SOF + SO2_v,cand_SOF_v_SO2_v_vt,neutral_neutral,vibrational_relaxation,4,candidate,"conserved, species proposed",yes
SO2_v + SO_v,SO2 + SO_v,cand_SO2_v_SO_v_vt,neutral_neutral,vibrational_relaxation,4,candidate,"conserved, species proposed",yes
SO_v + SO2_v,SO + SO2_v,cand_SO_v_SO2_v_vt,neutral_neutral,vibrational_relaxation,4,candidate,"conserved, species proposed",yes
SO2_v + S_1D,SO2 + S_1D,cand_SO2_v_S_1D_vt,neutral_neutral,vibrational_relaxation,4,candidate,"conserved, species proposed",yes
SO2_v + S_1S,SO2 + S_1S,cand_SO2_v_S_1S_vt,neutral_neutral,vibrational_relaxation,4,candidate,"conserved, species proposed",yes
SOF2_v + SOF,SOF2 + SOF,cand_SOF2_v_SOF_vt,neutral_neutral,vibrational_relaxation,3,candidate,"conserved, species proposed",yes
SOF3_v + SOF,SOF3 + SOF,cand_SOF3_v_SOF_vt,neutral_neutral,vibrational_relaxation,3,candidate,"conserved, species proposed",yes
SOF4_v + SOF,SOF4 + SOF,cand_SOF4_v_SOF_vt,neutral_neutral,vibrational_relaxation,3,candidate,"conserved, species proposed",yes
SOF_v + SOF,SOF + SOF,cand_SOF_v_SOF_vt,neutral_neutral,vibrational_relaxation,3,candidate,"conserved, species proposed",yes
SO_v + SOF,SO + SOF,cand_SO_v_SOF_vt,neutral_neutral,vibrational_relaxation,3,candidate,"conserved, species proposed",yes
SOF2_v + SOF*,SOF2 + SOF*,cand_SOF2_v_SOF*_vt,neutral_neutral,vibrational_relaxation,3,candidate,"conserved, species proposed",yes
SOF3_v + SOF*,SOF3 + SOF*,cand_SOF3_v_SOF*_vt,neutral_neutral,vibrational_relaxation,3,candidate,"conserved, species proposed",yes
SOF4_v + SOF*,SOF4 + SOF*,cand_SOF4_v_SOF*_vt,neutral_neutral,vibrational_relaxation,3,candidate,"conserved, species proposed",yes
SOF_v + SOF*,SOF + SOF*,cand_SOF_v_SOF*_vt,neutral_neutral,vibrational_relaxation,3,candidate,"conserved, species proposed",yes
SO_v + SOF*,SO + SOF*,cand_SO_v_SOF*_vt,neutral_neutral,vibrational_relaxation,3,candidate,"conserved, species proposed",yes
SOF2_v + SOF2,SOF2 + SOF2,cand_SOF2_v_SOF2_vt,neutral_neutral,vibrational_relaxation,3,candidate,"conserved, species proposed",yes
SOF3_v + SOF2,SOF3 + SOF2,cand_SOF3_v_SOF2_vt,neutral_neutral,vibrational_relaxation,3,candidate,"conserved, species proposed",yes
SOF4_v + SOF2,SOF4 + SOF2,cand_SOF4_v_SOF2_vt,neutral_neutral,vibrational_relaxation,3,candidate,"conserved, species proposed",yes
SOF_v + SOF2,SOF + SOF2,cand_SOF_v_SOF2_vt,neutral_neutral,vibrational_relaxation,3,candidate,"conserved, species proposed",yes
SO_v + SOF2,SO + SOF2,cand_SO_v_SOF2_vt,neutral_neutral,vibrational_relaxation,3,candidate,"conserved, species proposed",yes
SOF2_v + SOF2*,SOF2 + SOF2*,cand_SOF2_v_SOF2*_vt,neutral_neutral,vibrational_relaxation,3,candidate,"conserved, species proposed",yes
SOF3_v + SOF2*,SOF3 + SOF2*,cand_SOF3_v_SOF2*_vt,neutral_neutral,vibrational_relaxation,3,candidate,"conserved, species proposed",yes
SOF4_v + SOF2*,SOF4 + SOF2*,cand_SOF4_v_SOF2*_vt,neutral_neutral,vibrational_relaxation,3,candidate,"conserved, species proposed",yes
SOF_v + SOF2*,SOF + SOF2*,cand_SOF_v_SOF2*_vt,neutral_neutral,vibrational_relaxation,3,candidate,"conserved, species proposed",yes
SO_v + SOF2*,SO + SOF2*,cand_SO_v_SOF2*_vt,neutral_neutral,vibrational_relaxation,3,candidate,"conserved, species proposed",yes
SOF2_v + SOF3,SOF2 + SOF3,cand_SOF2_v_SOF3_vt,neutral_neutral,vibrational_relaxation,3,candidate,"conserved, species proposed",yes
SOF2_v + SOF3*,SOF2 + SOF3*,cand_SOF2_v_SOF3*_vt,neutral_neutral,vibrational_relaxation,3,candidate,"conserved, species proposed",yes
SOF2_v + SOF3_v,SOF2 + SOF3_v,cand_SOF2_v_SOF3_v_vt,neutral_neutral,vibrational_relaxation,3,candidate,"conserved, species proposed",yes
SOF3_v + SOF2_v,SOF3 + SOF2_v,cand_SOF3_v_SOF2_v_vt,neutral_neutral,vibrational_relaxation,3,candidate,"conserved, species proposed",yes
SOF2_v + SOF4,SOF2 + SOF4,cand_SOF2_v_SOF4_vt,neutral_neutral,vibrational_relaxation,3,candidate,"conserved, species proposed",yes
SOF2_v + SOF4*,SOF2 + SOF4*,cand_SOF2_v_SOF4*_vt,neutral_neutral,vibrational_relaxation,3,candidate,"conserved, species proposed",yes
SOF2_v + SOF4_v,SOF2 + SOF4_v,cand_SOF2_v_SOF4_v_vt,neutral_neutral,vibrational_relaxation,3,candidate,"conserved, species proposed",yes
SOF4_v + SOF2_v,SOF4 + SOF2_v,cand_SOF4_v_SOF2_v_vt,neutral_neutral,vibrational_relaxation,3,candidate,"conserved, species proposed",yes
SOF2_v + SOF_v,SOF2 + SOF_v,cand_SOF2_v_SOF_v_vt,neutral_neutral,vibrational_relaxation,3,candidate,"conserved, species proposed",yes
SOF_v + SOF2_v,SOF + SOF2_v,cand_SOF_v_SOF2_v_vt,neutral_neutral,vibrational_relaxation,3,candidate,"conserved, species proposed",yes
SOF2_v + SO_v,SOF2 + SO_v,cand_SOF2_v_SO_v_vt,neutral_neutral,vibrational_relaxation,3,candidate,"conserved, species proposed",yes
SO_v + SOF2_v,SO + SOF2_v,cand_SO_v_SOF2_v_vt,neutral_neutral,vibrational_relaxation,3,candidate,"conserved, species proposed",yes
SOF2_v + S_1D,SOF2 + S_1D,cand_SOF2_v_S_1D_vt,neutral_neutral,vibrational_relaxation,3,candidate,"conserved, species proposed",yes
SOF2_v + S_1S,SOF2 + S_1S,cand_SOF2_v_S_1S_vt,neutral_neutral,vibrational_relaxation,3,candidate,"conserved, species proposed",yes
SOF3_v + SOF3,SOF3 + SOF3,cand_SOF3_v_SOF3_vt,neutral_neutral,vibrational_relaxation,3,candidate,"conserved, species proposed",yes
SOF4_v + SOF3,SOF4 + SOF3,cand_SOF4_v_SOF3_vt,neutral_neutral,vibrational_relaxation,3,candidate,"conserved, species proposed",yes
SOF_v + SOF3,SOF + SOF3,cand_SOF_v_SOF3_vt,neutral_neutral,vibrational_relaxation,3,candidate,"conserved, species proposed",yes
SO_v + SOF3,SO + SOF3,cand_SO_v_SOF3_vt,neutral_neutral,vibrational_relaxation,3,candidate,"conserved, species proposed",yes
SOF3_v + SOF3*,SOF3 + SOF3*,cand_SOF3_v_SOF3*_vt,neutral_neutral,vibrational_relaxation,3,candidate,"conserved, species proposed",yes
SOF4_v + SOF3*,SOF4 + SOF3*,cand_SOF4_v_SOF3*_vt,neutral_neutral,vibrational_relaxation,3,candidate,"conserved, species proposed",yes
SOF_v + SOF3*,SOF + SOF3*,cand_SOF_v_SOF3*_vt,neutral_neutral,vibrational_relaxation,3,candidate,"conserved, species proposed",yes
SO_v + SOF3*,SO + SOF3*,cand_SO_v_SOF3*_vt,neutral_neutral,vibrational_relaxation,3,candidate,"conserved, species proposed",yes
SOF3_v + SOF4,SOF3 + SOF4,cand_SOF3_v_SOF4_vt,neutral_neutral,vibrational_relaxation,3,candidate,"conserved, species proposed",yes
SOF3_v + SOF4*,SOF3 + SOF4*,cand_SOF3_v_SOF4*_vt,neutral_neutral,vibrational_relaxation,3,candidate,"conserved, species proposed",yes
SOF3_v + SOF4_v,SOF3 + SOF4_v,cand_SOF3_v_SOF4_v_vt,neutral_neutral,vibrational_relaxation,3,candidate,"conserved, species proposed",yes
SOF4_v + SOF3_v,SOF4 + SOF3_v,cand_SOF4_v_SOF3_v_vt,neutral_neutral,vibrational_relaxation,3,candidate,"conserved, species proposed",yes
SOF3_v + SOF_v,SOF3 + SOF_v,cand_SOF3_v_SOF_v_vt,neutral_neutral,vibrational_relaxation,3,candidate,"conserved, species proposed",yes
SOF_v + SOF3_v,SOF + SOF3_v,cand_SOF_v_SOF3_v_vt,neutral_neutral,vibrational_relaxation,3,candidate,"conserved, species proposed",yes
SOF3_v + SO_v,SOF3 + SO_v,cand_SOF3_v_SO_v_vt,neutral_neutral,vibrational_relaxation,3,candidate,"conserved, species proposed",yes
SO_v + SOF3_v,SO + SOF3_v,cand_SO_v_SOF3_v_vt,neutral_neutral,vibrational_relaxation,3,candidate,"conserved, species proposed",yes
SOF3_v + S_1D,SOF3 + S_1D,cand_SOF3_v_S_1D_vt,neutral_neutral,vibrational_relaxation,3,candidate,"conserved, species proposed",yes
SOF3_v + S_1S,SOF3 + S_1S,cand_SOF3_v_S_1S_vt,neutral_neutral,vibrational_relaxation,3,candidate,"conserved, species proposed",yes
SOF4,SOF3 + F,SOF4_dissociation_SOF3_F,unimolecular,dissociation,2,literature_supported,conserved,yes
SOF4_v + SOF4,SOF4 + SOF4,cand_SOF4_v_SOF4_vt,neutral_neutral,vibrational_relaxation,3,candidate,"conserved, species proposed",yes
SOF_v + SOF4,SOF + SOF4,cand_SOF_v_SOF4_vt,neutral_neutral,vibrational_relaxation,3,candidate,"conserved, species proposed",yes
SO_v + SOF4,SO + SOF4,cand_SO_v_SOF4_vt,neutral_neutral,vibrational_relaxation,3,candidate,"conserved, species proposed",yes
SOF4_v + SOF4*,SOF4 + SOF4*,cand_SOF4_v_SOF4*_vt,neutral_neutral,vibrational_relaxation,3,candidate,"conserved, species proposed",yes
SOF_v + SOF4*,SOF + SOF4*,cand_SOF_v_SOF4*_vt,neutral_neutral,vibrational_relaxation,3,candidate,"conserved, species proposed",yes
SO_v + SOF4*,SO + SOF4*,cand_SO_v_SOF4*_vt,neutral_neutral,vibrational_relaxation,3,candidate,"conserved, species proposed",yes
SOF4_v + SOF_v,SOF4 + SOF_v,cand_SOF4_v_SOF_v_vt,neutral_neutral,vibrational_relaxation,3,candidate,"conserved, species proposed",yes
SOF_v + SOF4_v,SOF + SOF4_v,cand_SOF_v_SOF4_v_vt,neutral_neutral,vibrational_relaxation,3,candidate,"conserved, species proposed",yes
SOF4_v + SO_v,SOF4 + SO_v,cand_SOF4_v_SO_v_vt,neutral_neutral,vibrational_relaxation,3,candidate,"conserved, species proposed",yes
SO_v + SOF4_v,SO + SOF4_v,cand_SO_v_SOF4_v_vt,neutral_neutral,vibrational_relaxation,3,candidate,"conserved, species proposed",yes
SOF4_v + S_1D,SOF4 + S_1D,cand_SOF4_v_S_1D_vt,neutral_neutral,vibrational_relaxation,3,candidate,"conserved, species proposed",yes
SOF4_v + S_1S,SOF4 + S_1S,cand_SOF4_v_S_1S_vt,neutral_neutral,vibrational_relaxation,3,candidate,"conserved, species proposed",yes
SOF_v + SO_v,SOF + SO_v,cand_SOF_v_SO_v_vt,neutral_neutral,vibrational_relaxation,3,candidate,"conserved, species proposed",yes
SO_v + SOF_v,SO + SOF_v,cand_SO_v_SOF_v_vt,neutral_neutral,vibrational_relaxation,3,candidate,"conserved, species proposed",yes
SOF_v + S_1D,SOF + S_1D,cand_SOF_v_S_1D_vt,neutral_neutral,vibrational_relaxation,3,candidate,"conserved, species proposed",yes
SOF_v + S_1S,SOF + S_1S,cand_SOF_v_S_1S_vt,neutral_neutral,vibrational_relaxation,3,candidate,"conserved, species proposed",yes
SO_v + S_1D,SO + S_1D,cand_SO_v_S_1D_vt,neutral_neutral,vibrational_relaxation,3,candidate,"conserved, species proposed",yes
SO_v + S_1S,SO + S_1S,cand_SO_v_S_1S_vt,neutral_neutral,vibrational_relaxation,3,candidate,"conserved, species proposed",yes
