equation,reaction_type,family,process,origin,depth,state_verdict,consistency_verdict,thermochemistry_verdict,kinetics_verdict,reaction_evidence_verdict,kinetics_or_reaction_evidence_verdict,accepted_by,id
F- + F2 -> F + F2 + e,Collisional electron detachment,ion,collisional_detachment,attested_only,0,pass,pass,pass,pass,pass,pass,kinetics; reaction_evidence,rxn_dfc63c7a8750
Ar+ + SF6 -> SF5+ + Ar + F,Dissociative charge transfer,ion,dissociative_charge_transfer,attested_only,0,pass,pass,pass,fail,pass,pass,reaction_evidence,rxn_20a52b517b95
SF5+ + SF6 -> SF3+ + F2 + SF6,Ion-neutral reactive scattering,ion,reactive_scattering,attested_only,0,pass,pass,pass,pass,pass,pass,kinetics; reaction_evidence,rxn_3bd12e1a5c60
Ar+ + F -> F+ + Ar,Charge exchange,ion,charge_exchange,mechanical,2,pass,pass,pass,unknown,unknown,unknown,,rxn_06cb71dde6af
Ar+ + O -> O+ + Ar,Charge exchange,ion,charge_exchange,mechanical,2,pass,pass,pass,unknown,unknown,unknown,,rxn_baee40490ad8
Ar+ + O2 -> O2+ + Ar,Charge exchange,ion,charge_exchange,mechanical,2,pass,pass,pass,pass,pass,pass,kinetics; reaction_evidence,rxn_2d29145e0f98
Ar+ + SF4 -> SF4+ + Ar,Charge exchange,ion,charge_exchange,mechanical,2,pass,pass,pass,unknown,unknown,unknown,,rxn_41c0b022ad4b
Ar+ + SF5 -> SF5+ + Ar,Charge exchange,ion,charge_exchange,mechanical,2,pass,pass,pass,unknown,unknown,unknown,,rxn_af771f38d29a
F- + O -> O- + F,Charge exchange,ion,charge_exchange,mechanical,2,pass,pass,pass,unknown,unknown,unknown,,rxn_0f82a3e8a48a
F- + O2 -> O2- + F,Charge exchange,ion,charge_exchange,mechanical,2,pass,pass,pass,unknown,unknown,unknown,,rxn_cc5f6f314cc5
F- + SF4 -> SF4- + F,Charge exchange,ion,charge_exchange,mechanical,2,pass,pass,pass,unknown,unknown,unknown,,rxn_06980d626abe
F- + SF5 -> SF5- + F,Charge exchange,ion,charge_exchange,mechanical,2,pass,pass,pass,unknown,unknown,unknown,,rxn_6d245133af1c
F- + SF6 -> SF6- + F,Charge exchange,ion,charge_exchange,mechanical,2,pass,pass,pass,unknown,unknown,unknown,,rxn_b3413db0dea7
O+ + Ar -> Ar+ + O,Charge exchange,ion,charge_exchange,mechanical,2,pass,pass,pass,unknown,unknown,unknown,,rxn_81849ac06cf9
O+ + F -> F+ + O,Charge exchange,ion,charge_exchange,mechanical,2,pass,pass,pass,unknown,unknown,unknown,,rxn_b446a2989b42
O+ + O2 -> O2+ + O,Charge exchange,ion,charge_exchange,mechanical,2,pass,pass,pass,fail,pass,pass,reaction_evidence,rxn_2bf32666fe5b
O+ + SF4 -> SF4+ + O,Charge exchange,ion,charge_exchange,mechanical,2,pass,pass,pass,unknown,unknown,unknown,,rxn_6ea01ff6a64f
O+ + SF5 -> SF5+ + O,Charge exchange,ion,charge_exchange,mechanical,2,pass,pass,pass,unknown,unknown,unknown,,rxn_d2b08f84b796
O- + F -> F- + O,Charge exchange,ion,charge_exchange,mechanical,2,pass,pass,pass,unknown,unknown,unknown,,rxn_fb682ccd83fc
O- + O2 -> O2- + O,Charge exchange,ion,charge_exchange,mechanical,2,pass,pass,pass,unknown,unknown,unknown,,rxn_b4bebcad19c6
O- + SF4 -> SF4- + O,Charge exchange,ion,charge_exchange,mechanical,2,pass,pass,pass,unknown,unknown,unknown,,rxn_f4709490bb53
O- + SF5 -> SF5- + O,Charge exchange,ion,charge_exchange,mechanical,2,pass,pass,pass,unknown,unknown,unknown,,rxn_8961be2cc82c
O- + SF6 -> SF6- + O,Charge exchange,ion,charge_exchange,mechanical,2,pass,pass,pass,unknown,unknown,unknown,,rxn_747dc721c2e1
O2+ + Ar -> Ar+ + O2,Charge exchange,ion,charge_exchange,mechanical,2,pass,pass,pass,unknown,unknown,unknown,,rxn_88b106712082
O2+ + F -> F+ + O2,Charge exchange,ion,charge_exchange,mechanical,2,pass,pass,pass,unknown,unknown,unknown,,rxn_f9dc24fdc6c8
O2+ + O -> O+ + O2,Charge exchange,ion,charge_exchange,mechanical,2,pass,pass,pass,unknown,unknown,unknown,,rxn_37bbce670254
O2+ + SF4 -> SF4+ + O2,Charge exchange,ion,charge_exchange,mechanical,2,pass,pass,pass,unknown,unknown,unknown,,rxn_bae014eddf1b
O2+ + SF5 -> SF5+ + O2,Charge exchange,ion,charge_exchange,mechanical,2,pass,pass,pass,unknown,unknown,unknown,,rxn_66d68985132d
O2- + F -> F- + O2,Charge exchange,ion,charge_exchange,mechanical,2,pass,pass,pass,unknown,unknown,unknown,,rxn_7e6088f55d3e
O2- + O -> O- + O2,Charge exchange,ion,charge_exchange,mechanical,2,pass,pass,pass,unknown,unknown,unknown,,rxn_9806fd0ca7ab
O2- + SF4 -> SF4- + O2,Charge exchange,ion,charge_exchange,mechanical,2,pass,pass,pass,unknown,unknown,unknown,,rxn_1813900d0ed0
O2- + SF5 -> SF5- + O2,Charge exchange,ion,charge_exchange,mechanical,2,pass,pass,pass,unknown,unknown,unknown,,rxn_a902753ee2ea
O2- + SF6 -> SF6- + O2,Charge exchange,ion,charge_exchange,mechanical,2,pass,pass,pass,unknown,unknown,unknown,,rxn_f02db515c6e2
SF4+ + Ar -> Ar+ + SF4,Charge exchange,ion,charge_exchange,mechanical,2,pass,pass,pass,unknown,unknown,unknown,,rxn_deeafd2a53dd
SF4+ + F -> F+ + SF4,Charge exchange,ion,charge_exchange,mechanical,2,pass,pass,pass,unknown,unknown,unknown,,rxn_fd0553521d54
SF4+ + O -> O+ + SF4,Charge exchange,ion,charge_exchange,mechanical,2,pass,pass,pass,unknown,unknown,unknown,,rxn_ea1c418e1115
SF4+ + O2 -> O2+ + SF4,Charge exchange,ion,charge_exchange,mechanical,2,pass,pass,pass,unknown,unknown,unknown,,rxn_e05c29ae0587
SF4+ + SF5 -> SF5+ + SF4,Charge exchange,ion,charge_exchange,mechanical,2,pass,pass,pass,unknown,unknown,unknown,,rxn_38852a1947f3
SF4- + F -> F- + SF4,Charge exchange,ion,charge_exchange,mechanical,2,pass,pass,pass,unknown,unknown,unknown,,rxn_c6c399e525d9
SF4- + O -> O- + SF4,Charge exchange,ion,charge_exchange,mechanical,2,pass,pass,pass,unknown,unknown,unknown,,rxn_f82354f9b0f5
SF4- + O2 -> O2- + SF4,Charge exchange,ion,charge_exchange,mechanical,2,pass,pass,pass,unknown,unknown,unknown,,rxn_23173a1cade3
SF4- + SF5 -> SF5- + SF4,Charge exchange,ion,charge_exchange,mechanical,2,pass,pass,pass,unknown,unknown,unknown,,rxn_0f0f62a105a5
SF4- + SF6 -> SF6- + SF4,Charge exchange,ion,charge_exchange,mechanical,2,pass,pass,pass,unknown,unknown,unknown,,rxn_4fb9abf8b28e
SF5+ + Ar -> Ar+ + SF5,Charge exchange,ion,charge_exchange,mechanical,2,pass,pass,pass,unknown,unknown,unknown,,rxn_6c2e786b29a4
SF5+ + F -> F+ + SF5,Charge exchange,ion,charge_exchange,mechanical,2,pass,pass,pass,unknown,unknown,unknown,,rxn_f2d31af23738
SF5+ + O -> O+ + SF5,Charge exchange,ion,charge_exchange,mechanical,2,pass,pass,pass,unknown,unknown,unknown,,rxn_80e34f124e1b
SF5+ + O2 -> O2+ + SF5,Charge exchange,ion,charge_exchange,mechanical,2,pass,pass,pass,unknown,unknown,unknown,,rxn_39d00aee1669
SF5+ + SF4 -> SF4+ + SF5,Charge exchange,ion,charge_exchange,mechanical,2,pass,pass,pass,unknown,unknown,unknown,,rxn_5ad6046c11fd
SF5- + F -> F- + SF5,Charge exchange,ion,charge_exchange,mechanical,2,pass,pass,pass,unknown,unknown,unknown,,rxn_0bbfed8c2c8b
SF5- + O -> O- + SF5,Charge exchange,ion,charge_exchange,mechanical,2,pass,pass,pass,unknown,unknown,unknown,,rxn_b500ced36db5
SF5- + O2 -> O2- + SF5,Charge exchange,ion,charge_exchange,mechanical,2,pass,pass,pass,unknown,unknown,unknown,,rxn_3f81c39f8bd4
SF5- + SF4 -> SF4- + SF5,Charge exchange,ion,charge_exchange,mechanical,2,pass,pass,pass,unknown,unknown,unknown,,rxn_e696eeabba7b
SF5- + SF6 -> SF6- + SF5,Charge exchange,ion,charge_exchange,mechanical,2,pass,pass,pass,unknown,unknown,unknown,,rxn_546362ac5215
SF6- + F -> F- + SF6,Charge exchange,ion,charge_exchange,mechanical,2,pass,pass,pass,unknown,unknown,unknown,,rxn_22bb005790b0
SF6- + O -> O- + SF6,Charge exchange,ion,charge_exchange,mechanical,2,pass,pass,pass,unknown,unknown,unknown,,rxn_8664a7eb7d22
SF6- + O2 -> O2- + SF6,Charge exchange,ion,charge_exchange,mechanical,2,pass,pass,pass,unknown,unknown,unknown,,rxn_947447c217ae
SF6- + SF4 -> SF4- + SF6,Charge exchange,ion,charge_exchange,mechanical,2,pass,pass,pass,unknown,unknown,unknown,,rxn_a9eeaa47b7a5
SF6- + SF5 -> SF5- + SF6,Charge exchange,ion,charge_exchange,mechanical,2,pass,pass,pass,unknown,unknown,unknown,,rxn_9f30a2d6df83
Ar+ + SF4 -> Ar+ + F + SF3,Collision-induced target dissociation,ion,collision_induced_dissociation,mechanical,2,pass,pass,pass,unknown,unknown,unknown,,rxn_93ec3a92df9e
Ar+ + SF4 -> Ar+ + SF2 + F2,Collision-induced target dissociation,ion,collision_induced_dissociation,mechanical,2,pass,pass,pass,unknown,unknown,unknown,,rxn_a2f7a5266824
Ar+ + SF5 -> Ar+ + F + SF4,Collision-induced target dissociation,ion,collision_induced_dissociation,mechanical,2,pass,pass,pass,unknown,unknown,unknown,,rxn_dda662e497b9
Ar+ + SF5 -> Ar+ + SF3 + F2,Collision-induced target dissociation,ion,collision_induced_dissociation,mechanical,2,pass,pass,pass,unknown,unknown,unknown,,rxn_4d502393cce1
F- + SF4 -> F- + F + SF3,Collision-induced target dissociation,ion,collision_induced_dissociation,mechanical,2,pass,pass,pass,unknown,unknown,unknown,,rxn_65745d7ab44d
F- + SF4 -> F- + SF2 + F2,Collision-induced target dissociation,ion,collision_induced_dissociation,mechanical,2,pass,pass,pass,unknown,unknown,unknown,,rxn_c84b482d28ce
F- + SF5 -> F- + F + SF4,Collision-induced target dissociation,ion,collision_induced_dissociation,mechanical,2,pass,pass,pass,unknown,unknown,unknown,,rxn_b11ff8809c74
F- + SF5 -> F- + SF3 + F2,Collision-induced target dissociation,ion,collision_induced_dissociation,mechanical,2,pass,pass,pass,unknown,unknown,unknown,,rxn_499c3cfdb21b
O+ + SF4 -> O+ + SF2 + F2,Collision-induced target dissociation,ion,collision_induced_dissociation,mechanical,2,pass,pass,pass,unknown,unknown,unknown,,rxn_d13fd0c0811a
O+ + SF5 -> O+ + F + SF4,Collision-induced target dissociation,ion,collision_induced_dissociation,mechanical,2,pass,pass,pass,unknown,unknown,unknown,,rxn_75a93b96cf20
O- + SF4 -> O- + F + SF3,Collision-induced target dissociation,ion,collision_induced_dissociation,mechanical,2,pass,pass,pass,unknown,unknown,unknown,,rxn_ada02828bd32
O- + SF4 -> O- + SF2 + F2,Collision-induced target dissociation,ion,collision_induced_dissociation,mechanical,2,pass,pass,pass,unknown,unknown,unknown,,rxn_03351c3c43df
O- + SF5 -> O- + F + SF4,Collision-induced target dissociation,ion,collision_induced_dissociation,mechanical,2,pass,pass,pass,unknown,unknown,unknown,,rxn_5ea62168c9ef
O- + SF5 -> O- + SF3 + F2,Collision-induced target dissociation,ion,collision_induced_dissociation,mechanical,2,pass,pass,pass,unknown,unknown,unknown,,rxn_285ab3d7ee4c
O2+ + SF4 -> O2+ + SF2 + F2,Collision-induced target dissociation,ion,collision_induced_dissociation,mechanical,2,pass,pass,pass,unknown,unknown,unknown,,rxn_0812c79fc3d5
O2+ + SF5 -> O2+ + F + SF4,Collision-induced target dissociation,ion,collision_induced_dissociation,mechanical,2,pass,pass,pass,unknown,unknown,unknown,,rxn_8457d1fe605f
SF4+ + SF4 -> SF4+ + F + SF3,Collision-induced target dissociation,ion,collision_induced_dissociation,mechanical,2,pass,pass,pass,unknown,unknown,unknown,,rxn_3a002ff8aa87
SF4+ + SF4 -> SF4+ + SF2 + F2,Collision-induced target dissociation,ion,collision_induced_dissociation,mechanical,2,pass,pass,pass,unknown,unknown,unknown,,rxn_da62086cf2e0
SF4+ + SF5 -> SF4+ + F + SF4,Collision-induced target dissociation,ion,collision_induced_dissociation,mechanical,2,pass,pass,pass,unknown,unknown,unknown,,rxn_d6e1e26b3e1b
SF4+ + SF5 -> SF4+ + SF3 + F2,Collision-induced target dissociation,ion,collision_induced_dissociation,mechanical,2,pass,pass,pass,unknown,unknown,unknown,,rxn_91b651180ff6
SF4- + SF4 -> SF4- + F + SF3,Collision-induced target dissociation,ion,collision_induced_dissociation,mechanical,2,pass,pass,pass,unknown,unknown,unknown,,rxn_5e74d4a9be8b
SF4- + SF4 -> SF4- + SF2 + F2,Collision-induced target dissociation,ion,collision_induced_dissociation,mechanical,2,pass,pass,pass,unknown,unknown,unknown,,rxn_326cde99931d
SF4- + SF5 -> SF4- + F + SF4,Collision-induced target dissociation,ion,collision_induced_dissociation,mechanical,2,pass,pass,pass,unknown,unknown,unknown,,rxn_ae9d3f21b31a
SF4- + SF5 -> SF4- + SF3 + F2,Collision-induced target dissociation,ion,collision_induced_dissociation,mechanical,2,pass,pass,pass,unknown,unknown,unknown,,rxn_7f85a2436bd6
SF5+ + SF4 -> SF5+ + F + SF3,Collision-induced target dissociation,ion,collision_induced_dissociation,mechanical,2,pass,pass,pass,unknown,unknown,unknown,,rxn_d376b8c46a38
SF5+ + SF4 -> SF5+ + SF2 + F2,Collision-induced target dissociation,ion,collision_induced_dissociation,mechanical,2,pass,pass,pass,unknown,unknown,unknown,,rxn_8ea96993f1c0
SF5+ + SF5 -> SF5+ + F + SF4,Collision-induced target dissociation,ion,collision_induced_dissociation,mechanical,2,pass,pass,pass,unknown,unknown,unknown,,rxn_2778d85d0706
SF5+ + SF5 -> SF5+ + SF3 + F2,Collision-induced target dissociation,ion,collision_induced_dissociation,mechanical,2,pass,pass,pass,unknown,unknown,unknown,,rxn_7ded467089da
SF5- + SF4 -> SF5- + F + SF3,Collision-induced target dissociation,ion,collision_induced_dissociation,mechanical,2,pass,pass,pass,unknown,unknown,unknown,,rxn_b228cb9a01af
SF5- + SF4 -> SF5- + SF2 + F2,Collision-induced target dissociation,ion,collision_induced_dissociation,mechanical,2,pass,pass,pass,unknown,unknown,unknown,,rxn_90412d9e3542
SF5- + SF5 -> SF5- + F + SF4,Collision-induced target dissociation,ion,collision_induced_dissociation,mechanical,2,pass,pass,pass,unknown,unknown,unknown,,rxn_a8e1f08cb645
SF5- + SF5 -> SF5- + SF3 + F2,Collision-induced target dissociation,ion,collision_induced_dissociation,mechanical,2,pass,pass,pass,unknown,unknown,unknown,,rxn_77130360c549
SF6- + SF4 -> SF6- + F + SF3,Collision-induced target dissociation,ion,collision_induced_dissociation,mechanical,2,pass,pass,pass,unknown,unknown,unknown,,rxn_07a1f558416f
SF6- + SF4 -> SF6- + SF2 + F2,Collision-induced target dissociation,ion,collision_induced_dissociation,mechanical,2,pass,pass,pass,unknown,unknown,unknown,,rxn_e102a44bac6c
SF6- + SF5 -> SF6- + F + SF4,Collision-induced target dissociation,ion,collision_induced_dissociation,mechanical,2,pass,pass,pass,unknown,unknown,unknown,,rxn_e725bc7dba72
SF6- + SF5 -> SF6- + SF3 + F2,Collision-induced target dissociation,ion,collision_induced_dissociation,mechanical,2,pass,pass,pass,unknown,unknown,unknown,,rxn_cac93b799b4f
F- + Ar -> Ar + F + e,Collisional electron detachment,ion,collisional_detachment,mechanical,2,pass,pass,pass,unknown,unknown,unknown,,rxn_6f368a55f7a0
F- + F -> 2 F + e,Collisional electron detachment,ion,collisional_detachment,mechanical,2,pass,pass,pass,pass,pass,pass,kinetics; reaction_evidence,rxn_5d6b61e07430
F- + O -> F + O + e,Collisional electron detachment,ion,collisional_detachment,mechanical,2,pass,pass,pass,unknown,unknown,unknown,,rxn_afe3d6c152b5
F- + O2 -> F + O2 + e,Collisional electron detachment,ion,collisional_detachment,mechanical,2,pass,pass,pass,unknown,unknown,unknown,,rxn_05e902b13edf
F- + SF4 -> F + SF4 + e,Collisional electron detachment,ion,collisional_detachment,mechanical,2,pass,pass,pass,pass,pass,pass,kinetics; reaction_evidence,rxn_32172d6fc732
F- + SF5 -> F + SF5 + e,Collisional electron detachment,ion,collisional_detachment,mechanical,2,pass,pass,pass,pass,pass,pass,kinetics; reaction_evidence,rxn_3776f320f195
F- + SF6 -> F + SF6 + e,Collisional electron detachment,ion,collisional_detachment,mechanical,2,pass,pass,pass,pass,pass,pass,kinetics; reaction_evidence,rxn_2b92d53e3c18
O- + Ar -> Ar + O + e,Collisional electron detachment,ion,collisional_detachment,mechanical,2,pass,pass,pass,unknown,unknown,unknown,,rxn_4db0a6c546c7
O- + F -> F + O + e,Collisional electron detachment,ion,collisional_detachment,mechanical,2,pass,pass,pass,unknown,unknown,unknown,,rxn_cde575e62502
O- + O -> 2 O + e,Collisional electron detachment,ion,collisional_detachment,mechanical,2,pass,pass,pass,unknown,unknown,unknown,,rxn_a8c8162d07bf
O- + O2 -> O + O2 + e,Collisional electron detachment,ion,collisional_detachment,mechanical,2,pass,pass,pass,unknown,unknown,unknown,,rxn_2c4a5b821b8e
O- + SF4 -> O + SF4 + e,Collisional electron detachment,ion,collisional_detachment,mechanical,2,pass,pass,pass,unknown,unknown,unknown,,rxn_d279db083586
O- + SF5 -> O + SF5 + e,Collisional electron detachment,ion,collisional_detachment,mechanical,2,pass,pass,pass,unknown,unknown,unknown,,rxn_835c970bf6c6
O- + SF6 -> O + SF6 + e,Collisional electron detachment,ion,collisional_detachment,mechanical,2,pass,pass,pass,unknown,unknown,unknown,,rxn_51de0215bc5d
Ar+ + SF4 -> SF2+ + Ar + F2,Dissociative charge transfer,ion,dissociative_charge_transfer,mechanical,2,pass,pass,pass,unknown,unknown,unknown,,rxn_dcd9c2b6f5ef
Ar+ + SF4 -> SF3+ + Ar + F,Dissociative charge transfer,ion,dissociative_charge_transfer,mechanical,2,pass,pass,pass,unknown,unknown,unknown,,rxn_eeebef84ef7a
Ar+ + SF5 -> SF3+ + Ar + F2,Dissociative charge transfer,ion,dissociative_charge_transfer,mechanical,2,pass,pass,pass,unknown,unknown,unknown,,rxn_14373e58861e
Ar+ + SF5 -> SF4+ + Ar + F,Dissociative charge transfer,ion,dissociative_charge_transfer,mechanical,2,pass,pass,pass,unknown,unknown,unknown,,rxn_e9b7810dd9a6
F- + SF4 -> SF2- + F + F2,Dissociative charge transfer,ion,dissociative_charge_transfer,mechanical,2,pass,pass,pass,unknown,unknown,unknown,,rxn_ce9e406f0e3d
F- + SF4 -> SF3- + 2 F,Dissociative charge transfer,ion,dissociative_charge_transfer,mechanical,2,pass,pass,pass,unknown,unknown,unknown,,rxn_24a11ff4f0a8
F- + SF5 -> SF3- + F + F2,Dissociative charge transfer,ion,dissociative_charge_transfer,mechanical,2,pass,pass,pass,unknown,unknown,unknown,,rxn_2118e84f6cc0
F- + SF5 -> SF4- + 2 F,Dissociative charge transfer,ion,dissociative_charge_transfer,mechanical,2,pass,pass,pass,unknown,unknown,unknown,,rxn_a673c1db1371
O- + SF4 -> SF2- + O + F2,Dissociative charge transfer,ion,dissociative_charge_transfer,mechanical,2,pass,pass,pass,unknown,unknown,unknown,,rxn_9a0c8f0a9c8f
O- + SF4 -> SF3- + F + O,Dissociative charge transfer,ion,dissociative_charge_transfer,mechanical,2,pass,pass,pass,unknown,unknown,unknown,,rxn_6b9862decd70
O- + SF5 -> SF3- + O + F2,Dissociative charge transfer,ion,dissociative_charge_transfer,mechanical,2,pass,pass,pass,unknown,unknown,unknown,,rxn_d41bed0a7865
O- + SF5 -> SF4- + F + O,Dissociative charge transfer,ion,dissociative_charge_transfer,mechanical,2,pass,pass,pass,unknown,unknown,unknown,,rxn_a72b42c1d909
SF4+ + SF4 -> SF2+ + SF4 + F2,Dissociative charge transfer,ion,dissociative_charge_transfer,mechanical,2,pass,pass,pass,unknown,unknown,unknown,,rxn_8d3d96e82b37
SF4+ + SF4 -> SF3+ + F + SF4,Dissociative charge transfer,ion,dissociative_charge_transfer,mechanical,2,pass,pass,pass,unknown,unknown,unknown,,rxn_69a62a55abb4
SF4+ + SF5 -> SF3+ + SF4 + F2,Dissociative charge transfer,ion,dissociative_charge_transfer,mechanical,2,pass,pass,pass,unknown,unknown,unknown,,rxn_8a9aef24cfe1
SF4+ + SF5 -> SF4+ + F + SF4,Dissociative charge transfer,ion,dissociative_charge_transfer,mechanical,2,pass,pass,pass,unknown,unknown,unknown,,rxn_ed1ed283c409
SF4- + SF4 -> SF2- + SF4 + F2,Dissociative charge transfer,ion,dissociative_charge_transfer,mechanical,2,pass,pass,pass,unknown,unknown,unknown,,rxn_596de9c8440b
SF4- + SF4 -> SF3- + F + SF4,Dissociative charge transfer,ion,dissociative_charge_transfer,mechanical,2,pass,pass,pass,unknown,unknown,unknown,,rxn_658dee8b6250
SF4- + SF5 -> SF3- + SF4 + F2,Dissociative charge transfer,ion,dissociative_charge_transfer,mechanical,2,pass,pass,pass,unknown,unknown,unknown,,rxn_092781c4e465
SF4- + SF5 -> SF4- + F + SF4,Dissociative charge transfer,ion,dissociative_charge_transfer,mechanical,2,pass,pass,pass,unknown,unknown,unknown,,rxn_4275e5fca7d8
SF5+ + SF4 -> SF2+ + SF5 + F2,Dissociative charge transfer,ion,dissociative_charge_transfer,mechanical,2,pass,pass,pass,unknown,unknown,unknown,,rxn_6088eaf1abad
SF5+ + SF4 -> SF3+ + F + SF5,Dissociative charge transfer,ion,dissociative_charge_transfer,mechanical,2,pass,pass,pass,unknown,unknown,unknown,,rxn_89947171edc5
SF5+ + SF5 -> SF3+ + SF5 + F2,Dissociative charge transfer,ion,dissociative_charge_transfer,mechanical,2,pass,pass,pass,unknown,unknown,unknown,,rxn_bb6cdcb79aaa
SF5+ + SF5 -> SF4+ + F + SF5,Dissociative charge transfer,ion,dissociative_charge_transfer,mechanical,2,pass,pass,pass,unknown,unknown,unknown,,rxn_33a99e67af9d
SF5- + SF4 -> SF2- + SF5 + F2,Dissociative charge transfer,ion,dissociative_charge_transfer,mechanical,2,pass,pass,pass,unknown,unknown,unknown,,rxn_c3cbd4620a03
SF5- + SF4 -> SF3- + F + SF5,Dissociative charge transfer,ion,dissociative_charge_transfer,mechanical,2,pass,pass,pass,unknown,unknown,unknown,,rxn_3fc8bcac5260
SF5- + SF5 -> SF3- + SF5 + F2,Dissociative charge transfer,ion,dissociative_charge_transfer,mechanical,2,pass,pass,pass,unknown,unknown,unknown,,rxn_4b95430a69cc
SF5- + SF5 -> SF4- + F + SF5,Dissociative charge transfer,ion,dissociative_charge_transfer,mechanical,2,pass,pass,pass,unknown,unknown,unknown,,rxn_eb1356b580c1
SF6- + SF4 -> SF2- + F2 + SF6,Dissociative charge transfer,ion,dissociative_charge_transfer,mechanical,2,pass,pass,pass,unknown,unknown,unknown,,rxn_5e549f874b11
SF6- + SF4 -> SF3- + F + SF6,Dissociative charge transfer,ion,dissociative_charge_transfer,mechanical,2,pass,pass,pass,unknown,unknown,unknown,,rxn_09647b41d818
SF6- + SF5 -> SF3- + F2 + SF6,Dissociative charge transfer,ion,dissociative_charge_transfer,mechanical,2,pass,pass,pass,unknown,unknown,unknown,,rxn_606c5b9328b9
SF6- + SF5 -> SF4- + F + SF6,Dissociative charge transfer,ion,dissociative_charge_transfer,mechanical,2,pass,pass,pass,unknown,unknown,unknown,,rxn_6eb7aa720d8d
Ar+ + F -> Ar+ + F,Ion-neutral elastic scattering,ion,elastic,mechanical,2,pass,pass,pass,unknown,unknown,unknown,,rxn_00c77ffb3278
Ar+ + O -> Ar+ + O,Ion-neutral elastic scattering,ion,elastic,mechanical,2,pass,pass,pass,unknown,unknown,unknown,,rxn_b23dfcecb0fc
Ar+ + O2 -> Ar+ + O2,Ion-neutral elastic scattering,ion,elastic,mechanical,2,pass,pass,pass,unknown,unknown,unknown,,rxn_116c2a39f075
Ar+ + SF4 -> Ar+ + SF4,Ion-neutral elastic scattering,ion,elastic,mechanical,2,pass,pass,pass,unknown,unknown,unknown,,rxn_eb5a7b7a26be
Ar+ + SF5 -> Ar+ + SF5,Ion-neutral elastic scattering,ion,elastic,mechanical,2,pass,pass,pass,unknown,unknown,unknown,,rxn_63d048f81579
Ar+ + SF6 -> Ar+ + SF6,Ion-neutral elastic scattering,ion,elastic,mechanical,2,pass,pass,pass,unknown,unknown,unknown,,rxn_25ad93c9063f
F- + Ar -> F- + Ar,Ion-neutral elastic scattering,ion,elastic,mechanical,2,pass,pass,pass,unknown,unknown,unknown,,rxn_4785dfab7c07
F- + O -> F- + O,Ion-neutral elastic scattering,ion,elastic,mechanical,2,pass,pass,pass,unknown,unknown,unknown,,rxn_a97b78cd1b92
F- + O2 -> F- + O2,Ion-neutral elastic scattering,ion,elastic,mechanical,2,pass,pass,pass,unknown,unknown,unknown,,rxn_8cb9fc868009
F- + SF4 -> F- + SF4,Ion-neutral elastic scattering,ion,elastic,mechanical,2,pass,pass,pass,unknown,unknown,unknown,,rxn_afeab13c6313
F- + SF5 -> F- + SF5,Ion-neutral elastic scattering,ion,elastic,mechanical,2,pass,pass,pass,unknown,unknown,unknown,,rxn_d1d178f3cc25
F- + SF6 -> F- + SF6,Ion-neutral elastic scattering,ion,elastic,mechanical,2,pass,pass,pass,unknown,unknown,unknown,,rxn_a99f492f54b8
O+ + Ar -> O+ + Ar,Ion-neutral elastic scattering,ion,elastic,mechanical,2,pass,pass,pass,unknown,unknown,unknown,,rxn_c8bbb52f16db
O+ + F -> O+ + F,Ion-neutral elastic scattering,ion,elastic,mechanical,2,pass,pass,pass,unknown,unknown,unknown,,rxn_424f37e1b08c
O+ + O2 -> O+ + O2,Ion-neutral elastic scattering,ion,elastic,mechanical,2,pass,pass,pass,unknown,unknown,unknown,,rxn_217ec02f8a25
O+ + SF4 -> O+ + SF4,Ion-neutral elastic scattering,ion,elastic,mechanical,2,pass,pass,pass,unknown,unknown,unknown,,rxn_f6f0e4fa32e9
O+ + SF5 -> O+ + SF5,Ion-neutral elastic scattering,ion,elastic,mechanical,2,pass,pass,pass,unknown,unknown,unknown,,rxn_e897860903a9
O+ + SF6 -> O+ + SF6,Ion-neutral elastic scattering,ion,elastic,mechanical,2,pass,pass,pass,unknown,unknown,unknown,,rxn_7ea7aba33af5
O- + Ar -> O- + Ar,Ion-neutral elastic scattering,ion,elastic,mechanical,2,pass,pass,pass,unknown,unknown,unknown,,rxn_1cb8cdec1cfe
O- + F -> O- + F,Ion-neutral elastic scattering,ion,elastic,mechanical,2,pass,pass,pass,unknown,unknown,unknown,,rxn_3741bbb5b0e1
O- + O2 -> O- + O2,Ion-neutral elastic scattering,ion,elastic,mechanical,2,pass,pass,pass,unknown,unknown,unknown,,rxn_4e056b8323ea
O- + SF4 -> O- + SF4,Ion-neutral elastic scattering,ion,elastic,mechanical,2,pass,pass,pass,unknown,unknown,unknown,,rxn_fc985d95eac2
O- + SF5 -> O- + SF5,Ion-neutral elastic scattering,ion,elastic,mechanical,2,pass,pass,pass,unknown,unknown,unknown,,rxn_c20fb982e397
O- + SF6 -> O- + SF6,Ion-neutral elastic scattering,ion,elastic,mechanical,2,pass,pass,pass,unknown,unknown,unknown,,rxn_fe19915eca41
O2+ + Ar -> O2+ + Ar,Ion-neutral elastic scattering,ion,elastic,mechanical,2,pass,pass,pass,unknown,unknown,unknown,,rxn_644e62d637ce
O2+ + F -> O2+ + F,Ion-neutral elastic scattering,ion,elastic,mechanical,2,pass,pass,pass,unknown,unknown,unknown,,rxn_bc9e55959922
O2+ + O -> O2+ + O,Ion-neutral elastic scattering,ion,elastic,mechanical,2,pass,pass,pass,unknown,unknown,unknown,,rxn_33a5160d5967
O2+ + SF4 -> O2+ + SF4,Ion-neutral elastic scattering,ion,elastic,mechanical,2,pass,pass,pass,unknown,unknown,unknown,,rxn_039d19bc68d5
O2+ + SF5 -> O2+ + SF5,Ion-neutral elastic scattering,ion,elastic,mechanical,2,pass,pass,pass,unknown,unknown,unknown,,rxn_a8dd8788967d
O2+ + SF6 -> O2+ + SF6,Ion-neutral elastic scattering,ion,elastic,mechanical,2,pass,pass,pass,unknown,unknown,unknown,,rxn_7b113bd6fdaf
SF4+ + Ar -> SF4+ + Ar,Ion-neutral elastic scattering,ion,elastic,mechanical,2,pass,pass,pass,unknown,unknown,unknown,,rxn_3c432c8f894c
SF4+ + F -> SF4+ + F,Ion-neutral elastic scattering,ion,elastic,mechanical,2,pass,pass,pass,unknown,unknown,unknown,,rxn_fee3a587ed33
SF4+ + O -> SF4+ + O,Ion-neutral elastic scattering,ion,elastic,mechanical,2,pass,pass,pass,unknown,unknown,unknown,,rxn_b307affab8a4
SF4+ + O2 -> SF4+ + O2,Ion-neutral elastic scattering,ion,elastic,mechanical,2,pass,pass,pass,unknown,unknown,unknown,,rxn_76afcbede0e1
SF4+ + SF5 -> SF4+ + SF5,Ion-neutral elastic scattering,ion,elastic,mechanical,2,pass,pass,pass,unknown,unknown,unknown,,rxn_5f4cbb793fd5
SF4+ + SF6 -> SF4+ + SF6,Ion-neutral elastic scattering,ion,elastic,mechanical,2,pass,pass,pass,unknown,unknown,unknown,,rxn_0cdde1e9e05f
SF4- + Ar -> SF4- + Ar,Ion-neutral elastic scattering,ion,elastic,mechanical,2,pass,pass,pass,unknown,unknown,unknown,,rxn_529879fd7276
SF4- + F -> SF4- + F,Ion-neutral elastic scattering,ion,elastic,mechanical,2,pass,pass,pass,unknown,unknown,unknown,,rxn_da295874edf7
SF4- + O -> SF4- + O,Ion-neutral elastic scattering,ion,elastic,mechanical,2,pass,pass,pass,unknown,unknown,unknown,,rxn_c0679b8500e4
SF4- + O2 -> SF4- + O2,Ion-neutral elastic scattering,ion,elastic,mechanical,2,pass,pass,pass,unknown,unknown,unknown,,rxn_03797191318c
SF4- + SF5 -> SF4- + SF5,Ion-neutral elastic scattering,ion,elastic,mechanical,2,pass,pass,pass,unknown,unknown,unknown,,rxn_13ed861389fd
SF4- + SF6 -> SF4- + SF6,Ion-neutral elastic scattering,ion,elastic,mechanical,2,pass,pass,pass,unknown,unknown,unknown,,rxn_8c415d1c6f93
SF5+ + Ar -> SF5+ + Ar,Ion-neutral elastic scattering,ion,elastic,mechanical,2,pass,pass,pass,unknown,unknown,unknown,,rxn_dd02210bf9bc
SF5+ + F -> SF5+ + F,Ion-neutral elastic scattering,ion,elastic,mechanical,2,pass,pass,pass,unknown,unknown,unknown,,rxn_a01fbf80d952
SF5+ + O -> SF5+ + O,Ion-neutral elastic scattering,ion,elastic,mechanical,2,pass,pass,pass,unknown,unknown,unknown,,rxn_94bba5e68aea
SF5+ + O2 -> SF5+ + O2,Ion-neutral elastic scattering,ion,elastic,mechanical,2,pass,pass,pass,unknown,unknown,unknown,,rxn_d9aa889fa527
SF5+ + SF4 -> SF5+ + SF4,Ion-neutral elastic scattering,ion,elastic,mechanical,2,pass,pass,pass,unknown,unknown,unknown,,rxn_541ab6e73ac8
SF5+ + SF6 -> SF5+ + SF6,Ion-neutral elastic scattering,ion,elastic,mechanical,2,pass,pass,pass,unknown,unknown,unknown,,rxn_23ee51e4d5a1
SF5- + Ar -> SF5- + Ar,Ion-neutral elastic scattering,ion,elastic,mechanical,2,pass,pass,pass,unknown,unknown,unknown,,rxn_116845dff684
SF5- + F -> SF5- + F,Ion-neutral elastic scattering,ion,elastic,mechanical,2,pass,pass,pass,unknown,unknown,unknown,,rxn_22f0f7de340e
SF5- + O -> SF5- + O,Ion-neutral elastic scattering,ion,elastic,mechanical,2,pass,pass,pass,unknown,unknown,unknown,,rxn_a38fa00eb539
SF5- + O2 -> SF5- + O2,Ion-neutral elastic scattering,ion,elastic,mechanical,2,pass,pass,pass,unknown,unknown,unknown,,rxn_dfc578488cda
SF5- + SF4 -> SF5- + SF4,Ion-neutral elastic scattering,ion,elastic,mechanical,2,pass,pass,pass,unknown,unknown,unknown,,rxn_4947f4c9d4f4
SF5- + SF6 -> SF5- + SF6,Ion-neutral elastic scattering,ion,elastic,mechanical,2,pass,pass,pass,unknown,unknown,unknown,,rxn_cd707a95f091
SF6- + Ar -> SF6- + Ar,Ion-neutral elastic scattering,ion,elastic,mechanical,2,pass,pass,pass,unknown,unknown,unknown,,rxn_254b60858ab8
SF6- + F -> SF6- + F,Ion-neutral elastic scattering,ion,elastic,mechanical,2,pass,pass,pass,unknown,unknown,unknown,,rxn_60e36e9c98cf
SF6- + O -> SF6- + O,Ion-neutral elastic scattering,ion,elastic,mechanical,2,pass,pass,pass,unknown,unknown,unknown,,rxn_bff70e6c3598
SF6- + O2 -> SF6- + O2,Ion-neutral elastic scattering,ion,elastic,mechanical,2,pass,pass,pass,unknown,unknown,unknown,,rxn_dee20a821ae8
SF6- + SF4 -> SF6- + SF4,Ion-neutral elastic scattering,ion,elastic,mechanical,2,pass,pass,pass,unknown,unknown,unknown,,rxn_ffbecb5a26c5
SF6- + SF5 -> SF6- + SF5,Ion-neutral elastic scattering,ion,elastic,mechanical,2,pass,pass,pass,unknown,unknown,unknown,,rxn_d8a8458e0167
SF4+ + SF6 -> SF5+ + SF5,Ligand transfer,ion,ligand_transfer,mechanical,2,pass,pass,pass,unknown,unknown,unknown,,rxn_3a976de179ee
SF4- + SF6 -> SF5- + SF5,Ligand transfer,ion,ligand_transfer,mechanical,2,pass,pass,pass,unknown,unknown,unknown,,rxn_c1c4b7a6eac4
Ar+ + F- -> Ar + F,Ion-ion mutual neutralization,ion,mutual_neutralization,mechanical,2,pass,pass,pass,unknown,unknown,unknown,,rxn_5a8abcb23ae7
Ar+ + O- -> Ar + O,Ion-ion mutual neutralization,ion,mutual_neutralization,mechanical,2,pass,pass,pass,unknown,unknown,unknown,,rxn_7f1253ebcfb9
Ar+ + SF4- -> Ar + SF4,Ion-ion mutual neutralization,ion,mutual_neutralization,mechanical,2,pass,pass,pass,unknown,unknown,unknown,,rxn_dd2411ca5147
Ar+ + SF5- -> Ar + SF5,Ion-ion mutual neutralization,ion,mutual_neutralization,mechanical,2,pass,pass,pass,unknown,unknown,unknown,,rxn_76deee901153
Ar+ + SF6- -> Ar + SF6,Ion-ion mutual neutralization,ion,mutual_neutralization,mechanical,2,pass,pass,pass,unknown,unknown,unknown,,rxn_aeff13c92396
O+ + F- -> F + O,Ion-ion mutual neutralization,ion,mutual_neutralization,mechanical,2,pass,pass,pass,unknown,unknown,unknown,,rxn_ab9968592dae
O+ + O- -> 2 O,Ion-ion mutual neutralization,ion,mutual_neutralization,mechanical,2,pass,pass,pass,unknown,unknown,unknown,,rxn_10beb5bc00af
O2+ + F- -> F + O2,Ion-ion mutual neutralization,ion,mutual_neutralization,mechanical,2,pass,pass,pass,unknown,unknown,unknown,,rxn_8d4f0a1d7027
O2+ + O- -> O + O2,Ion-ion mutual neutralization,ion,mutual_neutralization,mechanical,2,pass,pass,pass,unknown,unknown,unknown,,rxn_08e2f48ee28d
SF4+ + F- -> F + SF4,Ion-ion mutual neutralization,ion,mutual_neutralization,mechanical,2,pass,pass,pass,pass,pass,pass,kinetics; reaction_evidence,rxn_faa9a163f5e1
SF4+ + O- -> O + SF4,Ion-ion mutual neutralization,ion,mutual_neutralization,mechanical,2,pass,pass,pass,unknown,unknown,unknown,,rxn_d1ddb845bbec
SF4+ + SF4- -> 2 SF4,Ion-ion mutual neutralization,ion,mutual_neutralization,mechanical,2,pass,pass,pass,pass,pass,pass,kinetics; reaction_evidence,rxn_ba6cd6f7374d
SF4+ + SF5- -> SF4 + SF5,Ion-ion mutual neutralization,ion,mutual_neutralization,mechanical,2,pass,pass,pass,pass,pass,pass,kinetics; reaction_evidence,rxn_68319c6d97f2
SF4+ + SF6- -> SF4 + SF6,Ion-ion mutual neutralization,ion,mutual_neutralization,mechanical,2,pass,pass,pass,pass,pass,pass,kinetics; reaction_evidence,rxn_4a376aae9032
SF5+ + F- -> F + SF5,Ion-ion mutual neutralization,ion,mutual_neutralization,mechanical,2,pass,pass,pass,pass,pass,pass,kinetics; reaction_evidence,rxn_c455213a3679
SF5+ + O- -> O + SF5,Ion-ion mutual neutralization,ion,mutual_neutralization,mechanical,2,pass,pass,pass,unknown,unknown,unknown,,rxn_bfbac06ce9a9
SF5+ + SF4- -> SF4 + SF5,Ion-ion mutual neutralization,ion,mutual_neutralization,mechanical,2,pass,pass,pass,pass,pass,pass,kinetics; reaction_evidence,rxn_e9c07ab2160e
SF5+ + SF5- -> 2 SF5,Ion-ion mutual neutralization,ion,mutual_neutralization,mechanical,2,pass,pass,pass,pass,pass,pass,kinetics; reaction_evidence,rxn_1aa142ee14b1
SF5+ + SF6- -> SF5 + SF6,Ion-ion mutual neutralization,ion,mutual_neutralization,mechanical,2,pass,pass,pass,pass,pass,pass,kinetics; reaction_evidence,rxn_439740b280d8
O2+ + Ar -> O+ + Ar + O,Projectile-ion dissociation,ion,projectile_dissociation,mechanical,2,pass,pass,pass,unknown,unknown,unknown,,rxn_4487814bfc3e
O2+ + F -> O+ + F + O,Projectile-ion dissociation,ion,projectile_dissociation,mechanical,2,pass,pass,pass,unknown,unknown,unknown,,rxn_7fe9af5cd55b
O2+ + O -> O+ + 2 O,Projectile-ion dissociation,ion,projectile_dissociation,mechanical,2,pass,pass,pass,unknown,unknown,unknown,,rxn_ad2d57546439
O2+ + O2 -> O+ + O + O2,Projectile-ion dissociation,ion,projectile_dissociation,mechanical,2,pass,pass,pass,unknown,unknown,unknown,,rxn_f01e2fa9b40b
O2+ + SF4 -> O+ + O + SF4,Projectile-ion dissociation,ion,projectile_dissociation,mechanical,2,pass,pass,pass,unknown,unknown,unknown,,rxn_131409ef2735
O2+ + SF5 -> O+ + O + SF5,Projectile-ion dissociation,ion,projectile_dissociation,mechanical,2,pass,pass,pass,unknown,unknown,unknown,,rxn_07db0154557f
O2+ + SF6 -> O+ + O + SF6,Projectile-ion dissociation,ion,projectile_dissociation,mechanical,2,pass,pass,pass,unknown,unknown,unknown,,rxn_2f5bda40eca3
SF4+ + Ar -> SF2+ + Ar + F2,Projectile-ion dissociation,ion,projectile_dissociation,mechanical,2,pass,pass,pass,unknown,unknown,unknown,,rxn_d64bb05183d2
SF4+ + Ar -> SF3+ + Ar + F,Projectile-ion dissociation,ion,projectile_dissociation,mechanical,2,pass,pass,pass,unknown,unknown,unknown,,rxn_0102bee01d76
SF4+ + F -> SF2+ + F + F2,Projectile-ion dissociation,ion,projectile_dissociation,mechanical,2,pass,pass,pass,unknown,unknown,unknown,,rxn_932180b4b63a
SF4+ + F -> SF3+ + 2 F,Projectile-ion dissociation,ion,projectile_dissociation,mechanical,2,pass,pass,pass,unknown,unknown,unknown,,rxn_3f3a585b0d0f
SF4+ + O -> SF2+ + O + F2,Projectile-ion dissociation,ion,projectile_dissociation,mechanical,2,pass,pass,pass,unknown,unknown,unknown,,rxn_921ee5b909c4
SF4+ + O -> SF3+ + F + O,Projectile-ion dissociation,ion,projectile_dissociation,mechanical,2,pass,pass,pass,unknown,unknown,unknown,,rxn_9d726c848866
SF4+ + O2 -> SF2+ + F2 + O2,Projectile-ion dissociation,ion,projectile_dissociation,mechanical,2,pass,pass,pass,unknown,unknown,unknown,,rxn_a3488bcbb15f
SF4+ + O2 -> SF3+ + F + O2,Projectile-ion dissociation,ion,projectile_dissociation,mechanical,2,pass,pass,pass,unknown,unknown,unknown,,rxn_3e08a047a237
SF4+ + SF4 -> SF2+ + SF4 + F2,Projectile-ion dissociation,ion,projectile_dissociation,mechanical,2,pass,pass,pass,unknown,unknown,unknown,,rxn_6c9798fd5d35
SF4+ + SF4 -> SF3+ + F + SF4,Projectile-ion dissociation,ion,projectile_dissociation,mechanical,2,pass,pass,pass,unknown,unknown,unknown,,rxn_c4f15ae9b037
SF4+ + SF5 -> SF2+ + SF5 + F2,Projectile-ion dissociation,ion,projectile_dissociation,mechanical,2,pass,pass,pass,unknown,unknown,unknown,,rxn_552d1c573539
SF4+ + SF5 -> SF3+ + F + SF5,Projectile-ion dissociation,ion,projectile_dissociation,mechanical,2,pass,pass,pass,unknown,unknown,unknown,,rxn_2878d465e249
SF4+ + SF6 -> SF2+ + F2 + SF6,Projectile-ion dissociation,ion,projectile_dissociation,mechanical,2,pass,pass,pass,unknown,unknown,unknown,,rxn_90bc3958ca6d
SF4+ + SF6 -> SF3+ + F + SF6,Projectile-ion dissociation,ion,projectile_dissociation,mechanical,2,pass,pass,pass,unknown,unknown,unknown,,rxn_d8c484d2c200
SF4- + Ar -> SF2- + Ar + F2,Projectile-ion dissociation,ion,projectile_dissociation,mechanical,2,pass,pass,pass,unknown,unknown,unknown,,rxn_16de370c9c7b
SF4- + Ar -> SF3- + Ar + F,Projectile-ion dissociation,ion,projectile_dissociation,mechanical,2,pass,pass,pass,unknown,unknown,unknown,,rxn_3301adda68a2
SF4- + F -> SF2- + F + F2,Projectile-ion dissociation,ion,projectile_dissociation,mechanical,2,pass,pass,pass,unknown,unknown,unknown,,rxn_1d9ce6209d72
SF4- + F -> SF3- + 2 F,Projectile-ion dissociation,ion,projectile_dissociation,mechanical,2,pass,pass,pass,unknown,unknown,unknown,,rxn_45688f896605
SF4- + O -> SF2- + O + F2,Projectile-ion dissociation,ion,projectile_dissociation,mechanical,2,pass,pass,pass,unknown,unknown,unknown,,rxn_851a08501a2e
SF4- + O -> SF3- + F + O,Projectile-ion dissociation,ion,projectile_dissociation,mechanical,2,pass,pass,pass,unknown,unknown,unknown,,rxn_115517916802
SF4- + O2 -> SF2- + F2 + O2,Projectile-ion dissociation,ion,projectile_dissociation,mechanical,2,pass,pass,pass,unknown,unknown,unknown,,rxn_7f10e57546bf
SF4- + O2 -> SF3- + F + O2,Projectile-ion dissociation,ion,projectile_dissociation,mechanical,2,pass,pass,pass,unknown,unknown,unknown,,rxn_a6ed3be918fa
SF4- + SF4 -> SF2- + SF4 + F2,Projectile-ion dissociation,ion,projectile_dissociation,mechanical,2,pass,pass,pass,unknown,unknown,unknown,,rxn_e5bfab89a0dd
SF4- + SF4 -> SF3- + F + SF4,Projectile-ion dissociation,ion,projectile_dissociation,mechanical,2,pass,pass,pass,unknown,unknown,unknown,,rxn_59eac56d53ac
SF4- + SF5 -> SF2- + SF5 + F2,Projectile-ion dissociation,ion,projectile_dissociation,mechanical,2,pass,pass,pass,unknown,unknown,unknown,,rxn_a8bba99b6188
SF4- + SF5 -> SF3- + F + SF5,Projectile-ion dissociation,ion,projectile_dissociation,mechanical,2,pass,pass,pass,unknown,unknown,unknown,,rxn_97a63c37d6b4
SF4- + SF6 -> SF2- + F2 + SF6,Projectile-ion dissociation,ion,projectile_dissociation,mechanical,2,pass,pass,pass,unknown,unknown,unknown,,rxn_ad8684537961
SF4- + SF6 -> SF3- + F + SF6,Projectile-ion dissociation,ion,projectile_dissociation,mechanical,2,pass,pass,pass,unknown,unknown,unknown,,rxn_fa790722fc31
SF5+ + Ar -> SF3+ + Ar + F2,Projectile-ion dissociation,ion,projectile_dissociation,mechanical,2,pass,pass,pass,unknown,unknown,unknown,,rxn_4f09d2461415
SF5+ + Ar -> SF4+ + Ar + F,Projectile-ion dissociation,ion,projectile_dissociation,mechanical,2,pass,pass,pass,unknown,unknown,unknown,,rxn_772bb5a349b8
SF5+ + F -> SF3+ + F + F2,Projectile-ion dissociation,ion,projectile_dissociation,mechanical,2,pass,pass,pass,unknown,unknown,unknown,,rxn_583b43d8d1d6
SF5+ + F -> SF4+ + 2 F,Projectile-ion dissociation,ion,projectile_dissociation,mechanical,2,pass,pass,pass,unknown,unknown,unknown,,rxn_3fa64aeaac2f
SF5+ + O -> SF3+ + O + F2,Projectile-ion dissociation,ion,projectile_dissociation,mechanical,2,pass,pass,pass,unknown,unknown,unknown,,rxn_832c9ef2aab1
SF5+ + O -> SF4+ + F + O,Projectile-ion dissociation,ion,projectile_dissociation,mechanical,2,pass,pass,pass,unknown,unknown,unknown,,rxn_fa9325a3825b
SF5+ + O2 -> SF3+ + F2 + O2,Projectile-ion dissociation,ion,projectile_dissociation,mechanical,2,pass,pass,pass,unknown,unknown,unknown,,rxn_257a56bf30c4
SF5+ + O2 -> SF4+ + F + O2,Projectile-ion dissociation,ion,projectile_dissociation,mechanical,2,pass,pass,pass,unknown,unknown,unknown,,rxn_ad4efdd2d153
SF5+ + SF4 -> SF3+ + SF4 + F2,Projectile-ion dissociation,ion,projectile_dissociation,mechanical,2,pass,pass,pass,unknown,unknown,unknown,,rxn_887ea42b903a
SF5+ + SF4 -> SF4+ + F + SF4,Projectile-ion dissociation,ion,projectile_dissociation,mechanical,2,pass,pass,pass,unknown,unknown,unknown,,rxn_f764ed76373c
SF5+ + SF5 -> SF3+ + SF5 + F2,Projectile-ion dissociation,ion,projectile_dissociation,mechanical,2,pass,pass,pass,unknown,unknown,unknown,,rxn_d648a300052a
SF5+ + SF5 -> SF4+ + F + SF5,Projectile-ion dissociation,ion,projectile_dissociation,mechanical,2,pass,pass,pass,unknown,unknown,unknown,,rxn_87be45604f7b
SF5+ + SF6 -> SF3+ + F2 + SF6,Projectile-ion dissociation,ion,projectile_dissociation,mechanical,2,pass,pass,pass,unknown,unknown,unknown,,rxn_642d4c2a8b49
SF5+ + SF6 -> SF4+ + F + SF6,Projectile-ion dissociation,ion,projectile_dissociation,mechanical,2,pass,pass,pass,unknown,unknown,unknown,,rxn_b86d602c1be8
SF5- + Ar -> SF3- + Ar + F2,Projectile-ion dissociation,ion,projectile_dissociation,mechanical,2,pass,pass,pass,unknown,unknown,unknown,,rxn_94e94a2748a3
SF5- + Ar -> SF4- + Ar + F,Projectile-ion dissociation,ion,projectile_dissociation,mechanical,2,pass,pass,pass,unknown,unknown,unknown,,rxn_62fa0feb6858
SF5- + F -> SF3- + F + F2,Projectile-ion dissociation,ion,projectile_dissociation,mechanical,2,pass,pass,pass,unknown,unknown,unknown,,rxn_104d3e4632eb
SF5- + F -> SF4- + 2 F,Projectile-ion dissociation,ion,projectile_dissociation,mechanical,2,pass,pass,pass,unknown,unknown,unknown,,rxn_1cabdf7a944a
SF5- + O -> SF3- + O + F2,Projectile-ion dissociation,ion,projectile_dissociation,mechanical,2,pass,pass,pass,unknown,unknown,unknown,,rxn_7409b240fa0e
SF5- + O -> SF4- + F + O,Projectile-ion dissociation,ion,projectile_dissociation,mechanical,2,pass,pass,pass,unknown,unknown,unknown,,rxn_65504f690610
SF5- + O2 -> SF3- + F2 + O2,Projectile-ion dissociation,ion,projectile_dissociation,mechanical,2,pass,pass,pass,unknown,unknown,unknown,,rxn_beeea21514cf
SF5- + O2 -> SF4- + F + O2,Projectile-ion dissociation,ion,projectile_dissociation,mechanical,2,pass,pass,pass,unknown,unknown,unknown,,rxn_c0ae5c583b5a
SF5- + SF4 -> SF3- + SF4 + F2,Projectile-ion dissociation,ion,projectile_dissociation,mechanical,2,pass,pass,pass,unknown,unknown,unknown,,rxn_8694d9934198
SF5- + SF4 -> SF4- + F + SF4,Projectile-ion dissociation,ion,projectile_dissociation,mechanical,2,pass,pass,pass,unknown,unknown,unknown,,rxn_bb04e9f2eea5
SF5- + SF5 -> SF3- + SF5 + F2,Projectile-ion dissociation,ion,projectile_dissociation,mechanical,2,pass,pass,pass,unknown,unknown,unknown,,rxn_fc5c32779e01
SF5- + SF5 -> SF4- + F + SF5,Projectile-ion dissociation,ion,projectile_dissociation,mechanical,2,pass,pass,pass,unknown,unknown,unknown,,rxn_82868d9b4836
SF5- + SF6 -> SF3- + F2 + SF6,Projectile-ion dissociation,ion,projectile_dissociation,mechanical,2,pass,pass,pass,unknown,unknown,unknown,,rxn_ffc79423797c
SF5- + SF6 -> SF4- + F + SF6,Projectile-ion dissociation,ion,projectile_dissociation,mechanical,2,pass,pass,pass,unknown,unknown,unknown,,rxn_6978baccd572
SF6- + Ar -> SF4- + Ar + F2,Projectile-ion dissociation,ion,projectile_dissociation,mechanical,2,pass,pass,pass,unknown,unknown,unknown,,rxn_c5c0bf0d8a00
SF6- + Ar -> SF5- + Ar + F,Projectile-ion dissociation,ion,projectile_dissociation,mechanical,2,pass,pass,pass,unknown,unknown,unknown,,rxn_a56aff5280e4
SF6- + F -> SF4- + F + F2,Projectile-ion dissociation,ion,projectile_dissociation,mechanical,2,pass,pass,pass,unknown,unknown,unknown,,rxn_3a3aa5481506
SF6- + F -> SF5- + 2 F,Projectile-ion dissociation,ion,projectile_dissociation,mechanical,2,pass,pass,pass,unknown,unknown,unknown,,rxn_fd7fbc403ea9
SF6- + O -> SF4- + O + F2,Projectile-ion dissociation,ion,projectile_dissociation,mechanical,2,pass,pass,pass,unknown,unknown,unknown,,rxn_ba7f158157e6
SF6- + O -> SF5- + F + O,Projectile-ion dissociation,ion,projectile_dissociation,mechanical,2,pass,pass,pass,unknown,unknown,unknown,,rxn_2a7720c84187
SF6- + O2 -> SF4- + F2 + O2,Projectile-ion dissociation,ion,projectile_dissociation,mechanical,2,pass,pass,pass,unknown,unknown,unknown,,rxn_ef322d4b120e
SF6- + O2 -> SF5- + F + O2,Projectile-ion dissociation,ion,projectile_dissociation,mechanical,2,pass,pass,pass,unknown,unknown,unknown,,rxn_c67cdb603070
SF6- + SF4 -> SF4- + SF4 + F2,Projectile-ion dissociation,ion,projectile_dissociation,mechanical,2,pass,pass,pass,unknown,unknown,unknown,,rxn_9ee8856021eb
SF6- + SF4 -> SF5- + F + SF4,Projectile-ion dissociation,ion,projectile_dissociation,mechanical,2,pass,pass,pass,unknown,unknown,unknown,,rxn_c70d1f931640
SF6- + SF5 -> SF4- + SF5 + F2,Projectile-ion dissociation,ion,projectile_dissociation,mechanical,2,pass,pass,pass,unknown,unknown,unknown,,rxn_8fcb9f89bd3d
SF6- + SF5 -> SF5- + F + SF5,Projectile-ion dissociation,ion,projectile_dissociation,mechanical,2,pass,pass,pass,unknown,unknown,unknown,,rxn_bb689825bc6a
SF6- + SF6 -> SF4- + F2 + SF6,Projectile-ion dissociation,ion,projectile_dissociation,mechanical,2,pass,pass,pass,unknown,unknown,unknown,,rxn_b45de11f084f
SF6- + SF6 -> SF5- + F + SF6,Projectile-ion dissociation,ion,projectile_dissociation,mechanical,2,pass,pass,pass,unknown,unknown,unknown,,rxn_c1c2eb9754b7
Ar+ + Ar -> Ar+ + Ar,Resonant charge exchange,ion,resonant_charge_exchange,mechanical,2,pass,pass,pass,unknown,unknown,unknown,,rxn_42da360d77cf
F- + F -> F- + F,Resonant charge exchange,ion,resonant_charge_exchange,mechanical,2,pass,pass,pass,unknown,unknown,unknown,,rxn_b7def00b5075
F2- + F2 -> F2- + F2,Resonant charge exchange,ion,resonant_charge_exchange,mechanical,2,pass,pass,pass,unknown,unknown,unknown,,rxn_9f946849838f
O+ + O -> O+ + O,Resonant charge exchange,ion,resonant_charge_exchange,mechanical,2,pass,pass,pass,unknown,unknown,unknown,,rxn_7281eb34b270
O- + O -> O- + O,Resonant charge exchange,ion,resonant_charge_exchange,mechanical,2,pass,pass,pass,unknown,unknown,unknown,,rxn_650299e93852
O2+ + O2 -> O2+ + O2,Resonant charge exchange,ion,resonant_charge_exchange,mechanical,2,pass,pass,pass,unknown,unknown,unknown,,rxn_223a68face62
O2- + O2 -> O2- + O2,Resonant charge exchange,ion,resonant_charge_exchange,mechanical,2,pass,pass,pass,unknown,unknown,unknown,,rxn_641dfc3def66
SF4+ + SF4 -> SF4+ + SF4,Resonant charge exchange,ion,resonant_charge_exchange,mechanical,2,pass,pass,pass,unknown,unknown,unknown,,rxn_f02b906fb807
SF4- + SF4 -> SF4- + SF4,Resonant charge exchange,ion,resonant_charge_exchange,mechanical,2,pass,pass,pass,unknown,unknown,unknown,,rxn_fc31c5b5f908
SF5+ + SF5 -> SF5+ + SF5,Resonant charge exchange,ion,resonant_charge_exchange,mechanical,2,pass,pass,pass,unknown,unknown,unknown,,rxn_d44d6ab53fa7
SF5- + SF5 -> SF5- + SF5,Resonant charge exchange,ion,resonant_charge_exchange,mechanical,2,pass,pass,pass,unknown,unknown,unknown,,rxn_9c5031984340
SF6- + SF6 -> SF6- + SF6,Resonant charge exchange,ion,resonant_charge_exchange,mechanical,2,pass,pass,pass,unknown,unknown,unknown,,rxn_ef628a3b849a
Ar+ + SF2 -> SF2+ + Ar,Charge exchange,ion,charge_exchange,mechanical,3,pass,pass,pass,unknown,unknown,unknown,,rxn_433589a2e57d
Ar+ + SF3 -> SF3+ + Ar,Charge exchange,ion,charge_exchange,mechanical,3,pass,pass,pass,unknown,unknown,unknown,,rxn_b137b45f663a
F+ + Ar -> Ar+ + F,Charge exchange,ion,charge_exchange,mechanical,3,pass,pass,pass,unknown,unknown,unknown,,rxn_6d651dff0678
F+ + O -> O+ + F,Charge exchange,ion,charge_exchange,mechanical,3,pass,pass,pass,unknown,unknown,unknown,,rxn_19f3d179bbb0
F+ + O2 -> O2+ + F,Charge exchange,ion,charge_exchange,mechanical,3,pass,pass,pass,unknown,unknown,unknown,,rxn_e79a71d1edc9
F+ + SF2 -> SF2+ + F,Charge exchange,ion,charge_exchange,mechanical,3,pass,pass,pass,unknown,unknown,unknown,,rxn_916e3313c500
F+ + SF3 -> SF3+ + F,Charge exchange,ion,charge_exchange,mechanical,3,pass,pass,pass,unknown,unknown,unknown,,rxn_4094ca7698df
F+ + SF4 -> SF4+ + F,Charge exchange,ion,charge_exchange,mechanical,3,pass,pass,pass,unknown,unknown,unknown,,rxn_69d87d0f20b3
F+ + SF5 -> SF5+ + F,Charge exchange,ion,charge_exchange,mechanical,3,pass,pass,pass,unknown,unknown,unknown,,rxn_34becdc75af1
F- + SF2 -> SF2- + F,Charge exchange,ion,charge_exchange,mechanical,3,pass,pass,pass,unknown,unknown,unknown,,rxn_c0ef8afb8a63
F- + SF3 -> SF3- + F,Charge exchange,ion,charge_exchange,mechanical,3,pass,pass,pass,unknown,unknown,unknown,,rxn_116a7b44f765
O+ + SF3 -> SF3+ + O,Charge exchange,ion,charge_exchange,mechanical,3,pass,pass,pass,unknown,unknown,unknown,,rxn_b9eee1afff9b
O- + SF2 -> SF2- + O,Charge exchange,ion,charge_exchange,mechanical,3,pass,pass,pass,unknown,unknown,unknown,,rxn_3f243a9781be
O- + SF3 -> SF3- + O,Charge exchange,ion,charge_exchange,mechanical,3,pass,pass,pass,unknown,unknown,unknown,,rxn_78a54c851545
O2+ + SF3 -> SF3+ + O2,Charge exchange,ion,charge_exchange,mechanical,3,pass,pass,pass,unknown,unknown,unknown,,rxn_013d91a83052
O2- + SF3 -> SF3- + O2,Charge exchange,ion,charge_exchange,mechanical,3,pass,pass,pass,unknown,unknown,unknown,,rxn_042ad17d2e19
SF2+ + Ar -> Ar+ + SF2,Charge exchange,ion,charge_exchange,mechanical,3,pass,pass,pass,unknown,unknown,unknown,,rxn_8364deb7f4da
SF2+ + F -> F+ + SF2,Charge exchange,ion,charge_exchange,mechanical,3,pass,pass,pass,unknown,unknown,unknown,,rxn_aba721765b15
SF2+ + SF3 -> SF3+ + SF2,Charge exchange,ion,charge_exchange,mechanical,3,pass,pass,pass,unknown,unknown,unknown,,rxn_1d915cc8c32f
SF2+ + SF4 -> SF4+ + SF2,Charge exchange,ion,charge_exchange,mechanical,3,pass,pass,pass,unknown,unknown,unknown,,rxn_beab5a338cf1
SF2+ + SF5 -> SF5+ + SF2,Charge exchange,ion,charge_exchange,mechanical,3,pass,pass,pass,unknown,unknown,unknown,,rxn_26d2626f2af2
SF2- + F -> F- + SF2,Charge exchange,ion,charge_exchange,mechanical,3,pass,pass,pass,unknown,unknown,unknown,,rxn_375898525ce8
SF2- + O -> O- + SF2,Charge exchange,ion,charge_exchange,mechanical,3,pass,pass,pass,unknown,unknown,unknown,,rxn_55d20de02e9a
SF2- + SF3 -> SF3- + SF2,Charge exchange,ion,charge_exchange,mechanical,3,pass,pass,pass,unknown,unknown,unknown,,rxn_1c127c8805b2
SF2- + SF4 -> SF4- + SF2,Charge exchange,ion,charge_exchange,mechanical,3,pass,pass,pass,unknown,unknown,unknown,,rxn_5a83f57f0478
SF2- + SF5 -> SF5- + SF2,Charge exchange,ion,charge_exchange,mechanical,3,pass,pass,pass,unknown,unknown,unknown,,rxn_8c370e7b80af
SF2- + SF6 -> SF6- + SF2,Charge exchange,ion,charge_exchange,mechanical,3,pass,pass,pass,unknown,unknown,unknown,,rxn_935e4c8eb5bb
SF3+ + Ar -> Ar+ + SF3,Charge exchange,ion,charge_exchange,mechanical,3,pass,pass,pass,unknown,unknown,unknown,,rxn_b12f86373f1a
SF3+ + F -> F+ + SF3,Charge exchange,ion,charge_exchange,mechanical,3,pass,pass,pass,unknown,unknown,unknown,,rxn_eacdd9a4b813
SF3+ + O -> O+ + SF3,Charge exchange,ion,charge_exchange,mechanical,3,pass,pass,pass,unknown,unknown,unknown,,rxn_5f160a98efe7
SF3+ + O2 -> O2+ + SF3,Charge exchange,ion,charge_exchange,mechanical,3,pass,pass,pass,unknown,unknown,unknown,,rxn_1348024809ce
SF3+ + SF2 -> SF2+ + SF3,Charge exchange,ion,charge_exchange,mechanical,3,pass,pass,pass,unknown,unknown,unknown,,rxn_8251483e7cc3
SF3+ + SF4 -> SF4+ + SF3,Charge exchange,ion,charge_exchange,mechanical,3,pass,pass,pass,unknown,unknown,unknown,,rxn_cdf44256da59
SF3+ + SF5 -> SF5+ + SF3,Charge exchange,ion,charge_exchange,mechanical,3,pass,pass,pass,unknown,unknown,unknown,,rxn_eb6bba818be7
SF3- + F -> F- + SF3,Charge exchange,ion,charge_exchange,mechanical,3,pass,pass,pass,unknown,unknown,unknown,,rxn_f0b5d7ef7a2c
SF3- + O -> O- + SF3,Charge exchange,ion,charge_exchange,mechanical,3,pass,pass,pass,unknown,unknown,unknown,,rxn_538a19efd292
SF3- + O2 -> O2- + SF3,Charge exchange,ion,charge_exchange,mechanical,3,pass,pass,pass,unknown,unknown,unknown,,rxn_a3dacaa94506
SF3- + SF2 -> SF2- + SF3,Charge exchange,ion,charge_exchange,mechanical,3,pass,pass,pass,unknown,unknown,unknown,,rxn_56e33d4dfaa7
SF3- + SF4 -> SF4- + SF3,Charge exchange,ion,charge_exchange,mechanical,3,pass,pass,pass,unknown,unknown,unknown,,rxn_ecda4894c6de
SF3- + SF5 -> SF5- + SF3,Charge exchange,ion,charge_exchange,mechanical,3,pass,pass,pass,unknown,unknown,unknown,,rxn_47428989d44c
SF3- + SF6 -> SF6- + SF3,Charge exchange,ion,charge_exchange,mechanical,3,pass,pass,pass,unknown,unknown,unknown,,rxn_a9c82e841048
SF4+ + SF2 -> SF2+ + SF4,Charge exchange,ion,charge_exchange,mechanical,3,pass,pass,pass,unknown,unknown,unknown,,rxn_269ae30cde63
SF4+ + SF3 -> SF3+ + SF4,Charge exchange,ion,charge_exchange,mechanical,3,pass,pass,pass,unknown,unknown,unknown,,rxn_e640ef141e7c
SF4- + SF2 -> SF2- + SF4,Charge exchange,ion,charge_exchange,mechanical,3,pass,pass,pass,unknown,unknown,unknown,,rxn_6a3e704f486b
SF4- + SF3 -> SF3- + SF4,Charge exchange,ion,charge_exchange,mechanical,3,pass,pass,pass,unknown,unknown,unknown,,rxn_f5886ed92460
SF5+ + SF2 -> SF2+ + SF5,Charge exchange,ion,charge_exchange,mechanical,3,pass,pass,pass,unknown,unknown,unknown,,rxn_c9a6812d17fa
SF5+ + SF3 -> SF3+ + SF5,Charge exchange,ion,charge_exchange,mechanical,3,pass,pass,pass,unknown,unknown,unknown,,rxn_470d29de55cd
SF5- + SF2 -> SF2- + SF5,Charge exchange,ion,charge_exchange,mechanical,3,pass,pass,pass,unknown,unknown,unknown,,rxn_57df62ccf1b2
SF5- + SF3 -> SF3- + SF5,Charge exchange,ion,charge_exchange,mechanical,3,pass,pass,pass,unknown,unknown,unknown,,rxn_746cb3376d53
SF6- + SF2 -> SF2- + SF6,Charge exchange,ion,charge_exchange,mechanical,3,pass,pass,pass,unknown,unknown,unknown,,rxn_c86e1be60744
SF6- + SF3 -> SF3- + SF6,Charge exchange,ion,charge_exchange,mechanical,3,pass,pass,pass,unknown,unknown,unknown,,rxn_7a0649250f54
Ar+ + SF2 -> Ar+ + F + SF,Collision-induced target dissociation,ion,collision_induced_dissociation,mechanical,3,pass,pass,pass,unknown,unknown,unknown,,rxn_ac9bd6597ca6
Ar+ + SF2 -> Ar+ + S + F2,Collision-induced target dissociation,ion,collision_induced_dissociation,mechanical,3,pass,pass,pass,unknown,unknown,unknown,,rxn_c5d63767d3cf
Ar+ + SF3 -> Ar+ + F + SF2,Collision-induced target dissociation,ion,collision_induced_dissociation,mechanical,3,pass,pass,pass,unknown,unknown,unknown,,rxn_4810b185fd59
Ar+ + SF3 -> Ar+ + SF + F2,Collision-induced target dissociation,ion,collision_induced_dissociation,mechanical,3,pass,pass,pass,unknown,unknown,unknown,,rxn_c0664c2616fe
F+ + SF2 -> F+ + F + SF,Collision-induced target dissociation,ion,collision_induced_dissociation,mechanical,3,pass,pass,pass,unknown,unknown,unknown,,rxn_5f2df9da3f00
F+ + SF2 -> F+ + S + F2,Collision-induced target dissociation,ion,collision_induced_dissociation,mechanical,3,pass,pass,pass,unknown,unknown,unknown,,rxn_5af0308dc2fa
F+ + SF3 -> F+ + F + SF2,Collision-induced target dissociation,ion,collision_induced_dissociation,mechanical,3,pass,pass,pass,unknown,unknown,unknown,,rxn_7f1a3d16a497
F+ + SF3 -> F+ + SF + F2,Collision-induced target dissociation,ion,collision_induced_dissociation,mechanical,3,pass,pass,pass,unknown,unknown,unknown,,rxn_9c4e15c8be3f
F- + SF2 -> F- + F + SF,Collision-induced target dissociation,ion,collision_induced_dissociation,mechanical,3,pass,pass,pass,unknown,unknown,unknown,,rxn_8a3569594eab
F- + SF2 -> F- + S + F2,Collision-induced target dissociation,ion,collision_induced_dissociation,mechanical,3,pass,pass,pass,unknown,unknown,unknown,,rxn_15b149d1f1b6
F- + SF3 -> F- + F + SF2,Collision-induced target dissociation,ion,collision_induced_dissociation,mechanical,3,pass,pass,pass,unknown,unknown,unknown,,rxn_3c8477f817d1
F- + SF3 -> F- + SF + F2,Collision-induced target dissociation,ion,collision_induced_dissociation,mechanical,3,pass,pass,pass,unknown,unknown,unknown,,rxn_5d14884b74ad
O+ + SF2 -> O+ + S + F2,Collision-induced target dissociation,ion,collision_induced_dissociation,mechanical,3,pass,pass,pass,unknown,unknown,unknown,,rxn_1fb97df09d4e
O- + SF2 -> O- + F + SF,Collision-induced target dissociation,ion,collision_induced_dissociation,mechanical,3,pass,pass,pass,unknown,unknown,unknown,,rxn_00241977b6b0
O- + SF2 -> O- + S + F2,Collision-induced target dissociation,ion,collision_induced_dissociation,mechanical,3,pass,pass,pass,unknown,unknown,unknown,,rxn_c2d57d8598e8
O- + SF3 -> O- + F + SF2,Collision-induced target dissociation,ion,collision_induced_dissociation,mechanical,3,pass,pass,pass,unknown,unknown,unknown,,rxn_80a9978d446e
O- + SF3 -> O- + SF + F2,Collision-induced target dissociation,ion,collision_induced_dissociation,mechanical,3,pass,pass,pass,unknown,unknown,unknown,,rxn_550ebfc479cf
O2+ + SF2 -> O2+ + S + F2,Collision-induced target dissociation,ion,collision_induced_dissociation,mechanical,3,pass,pass,pass,unknown,unknown,unknown,,rxn_fcfd2bd9ff6e
SF2+ + SF2 -> SF2+ + F + SF,Collision-induced target dissociation,ion,collision_induced_dissociation,mechanical,3,pass,pass,pass,unknown,unknown,unknown,,rxn_fc18a42de5ef
SF2+ + SF3 -> SF2+ + F + SF2,Collision-induced target dissociation,ion,collision_induced_dissociation,mechanical,3,pass,pass,pass,unknown,unknown,unknown,,rxn_147519b6dfec
SF2+ + SF3 -> SF2+ + SF + F2,Collision-induced target dissociation,ion,collision_induced_dissociation,mechanical,3,pass,pass,pass,unknown,unknown,unknown,,rxn_3c0e800424f1
SF2- + SF2 -> SF2- + F + SF,Collision-induced target dissociation,ion,collision_induced_dissociation,mechanical,3,pass,pass,pass,unknown,unknown,unknown,,rxn_29bac1bcee4b
SF2- + SF3 -> SF2- + F + SF2,Collision-induced target dissociation,ion,collision_induced_dissociation,mechanical,3,pass,pass,pass,unknown,unknown,unknown,,rxn_1f21433e57e3
SF2- + SF3 -> SF2- + SF + F2,Collision-induced target dissociation,ion,collision_induced_dissociation,mechanical,3,pass,pass,pass,unknown,unknown,unknown,,rxn_d3f2da6ff7a2
SF3+ + SF2 -> SF3+ + F + SF,Collision-induced target dissociation,ion,collision_induced_dissociation,mechanical,3,pass,pass,pass,unknown,unknown,unknown,,rxn_ab91183dc9e7
SF3+ + SF3 -> SF3+ + F + SF2,Collision-induced target dissociation,ion,collision_induced_dissociation,mechanical,3,pass,pass,pass,unknown,unknown,unknown,,rxn_595089f2390f
SF3+ + SF3 -> SF3+ + SF + F2,Collision-induced target dissociation,ion,collision_induced_dissociation,mechanical,3,pass,pass,pass,unknown,unknown,unknown,,rxn_bdd5e950b655
SF3- + SF2 -> SF3- + F + SF,Collision-induced target dissociation,ion,collision_induced_dissociation,mechanical,3,pass,pass,pass,unknown,unknown,unknown,,rxn_44d5119578ef
SF3- + SF3 -> SF3- + F + SF2,Collision-induced target dissociation,ion,collision_induced_dissociation,mechanical,3,pass,pass,pass,unknown,unknown,unknown,,rxn_9ed9a5d788bd
SF3- + SF3 -> SF3- + SF + F2,Collision-induced target dissociation,ion,collision_induced_dissociation,mechanical,3,pass,pass,pass,unknown,unknown,unknown,,rxn_bfd546600c4e
SF4+ + SF2 -> SF4+ + F + SF,Collision-induced target dissociation,ion,collision_induced_dissociation,mechanical,3,pass,pass,pass,unknown,unknown,unknown,,rxn_eeb79b52cb32
SF4+ + SF3 -> SF4+ + F + SF2,Collision-induced target dissociation,ion,collision_induced_dissociation,mechanical,3,pass,pass,pass,unknown,unknown,unknown,,rxn_912d3b6781c0
SF4+ + SF3 -> SF4+ + SF + F2,Collision-induced target dissociation,ion,collision_induced_dissociation,mechanical,3,pass,pass,pass,unknown,unknown,unknown,,rxn_92c36d347384
SF4- + SF2 -> SF4- + F + SF,Collision-induced target dissociation,ion,collision_induced_dissociation,mechanical,3,pass,pass,pass,unknown,unknown,unknown,,rxn_e8ed845ae312
SF4- + SF3 -> SF4- + F + SF2,Collision-induced target dissociation,ion,collision_induced_dissociation,mechanical,3,pass,pass,pass,unknown,unknown,unknown,,rxn_897771dddeb1
SF4- + SF3 -> SF4- + SF + F2,Collision-induced target dissociation,ion,collision_induced_dissociation,mechanical,3,pass,pass,pass,unknown,unknown,unknown,,rxn_9e50994d23bc
SF5+ + SF2 -> SF5+ + F + SF,Collision-induced target dissociation,ion,collision_induced_dissociation,mechanical,3,pass,pass,pass,unknown,unknown,unknown,,rxn_23817a8e4c26
SF5+ + SF3 -> SF5+ + F + SF2,Collision-induced target dissociation,ion,collision_induced_dissociation,mechanical,3,pass,pass,pass,unknown,unknown,unknown,,rxn_9403151206dd
SF5+ + SF3 -> SF5+ + SF + F2,Collision-induced target dissociation,ion,collision_induced_dissociation,mechanical,3,pass,pass,pass,unknown,unknown,unknown,,rxn_e2a506408691
SF5- + SF2 -> SF5- + F + SF,Collision-induced target dissociation,ion,collision_induced_dissociation,mechanical,3,pass,pass,pass,unknown,unknown,unknown,,rxn_ca56bbb95c03
SF5- + SF3 -> SF5- + F + SF2,Collision-induced target dissociation,ion,collision_induced_dissociation,mechanical,3,pass,pass,pass,unknown,unknown,unknown,,rxn_87335c8628ce
SF5- + SF3 -> SF5- + SF + F2,Collision-induced target dissociation,ion,collision_induced_dissociation,mechanical,3,pass,pass,pass,unknown,unknown,unknown,,rxn_bce979956f1f
SF6- + SF2 -> SF6- + F + SF,Collision-induced target dissociation,ion,collision_induced_dissociation,mechanical,3,pass,pass,pass,unknown,unknown,unknown,,rxn_d4200ccfeff6
SF6- + SF3 -> SF6- + F + SF2,Collision-induced target dissociation,ion,collision_induced_dissociation,mechanical,3,pass,pass,pass,unknown,unknown,unknown,,rxn_714bea490a22
SF6- + SF3 -> SF6- + SF + F2,Collision-induced target dissociation,ion,collision_induced_dissociation,mechanical,3,pass,pass,pass,unknown,unknown,unknown,,rxn_d96dc4bc3ea7
F- + SF2 -> F + SF2 + e,Collisional electron detachment,ion,collisional_detachment,mechanical,3,pass,pass,pass,pass,pass,pass,kinetics; reaction_evidence,rxn_f34acf59c7fa
O- + SF2 -> O + SF2 + e,Collisional electron detachment,ion,collisional_detachment,mechanical,3,pass,pass,pass,unknown,unknown,unknown,,rxn_a676faf63423
Ar+ + SF2 -> S+ + Ar + F2,Dissociative charge transfer,ion,dissociative_charge_transfer,mechanical,3,pass,pass,pass,unknown,unknown,unknown,,rxn_41f9d1e07659
Ar+ + SF2 -> SF+ + Ar + F,Dissociative charge transfer,ion,dissociative_charge_transfer,mechanical,3,pass,pass,pass,unknown,unknown,unknown,,rxn_7bfc36a35bfe
Ar+ + SF3 -> SF+ + Ar + F2,Dissociative charge transfer,ion,dissociative_charge_transfer,mechanical,3,pass,pass,pass,unknown,unknown,unknown,,rxn_fabc95a61847
Ar+ + SF3 -> SF2+ + Ar + F,Dissociative charge transfer,ion,dissociative_charge_transfer,mechanical,3,pass,pass,pass,unknown,unknown,unknown,,rxn_2db35001e749
F+ + SF2 -> S+ + F + F2,Dissociative charge transfer,ion,dissociative_charge_transfer,mechanical,3,pass,pass,pass,unknown,unknown,unknown,,rxn_9834a2005e35
F+ + SF2 -> SF+ + 2 F,Dissociative charge transfer,ion,dissociative_charge_transfer,mechanical,3,pass,pass,pass,unknown,unknown,unknown,,rxn_1ab6b13afaf1
F+ + SF3 -> SF+ + F + F2,Dissociative charge transfer,ion,dissociative_charge_transfer,mechanical,3,pass,pass,pass,unknown,unknown,unknown,,rxn_6086840037aa
F+ + SF3 -> SF2+ + 2 F,Dissociative charge transfer,ion,dissociative_charge_transfer,mechanical,3,pass,pass,pass,unknown,unknown,unknown,,rxn_9154aa5dfcbf
F- + SF3 -> SF2- + 2 F,Dissociative charge transfer,ion,dissociative_charge_transfer,mechanical,3,pass,pass,pass,unknown,unknown,unknown,,rxn_75cf8eb4d754
O- + SF3 -> SF2- + F + O,Dissociative charge transfer,ion,dissociative_charge_transfer,mechanical,3,pass,pass,pass,unknown,unknown,unknown,,rxn_4a6cea3de362
SF2+ + SF2 -> S+ + SF2 + F2,Dissociative charge transfer,ion,dissociative_charge_transfer,mechanical,3,pass,pass,pass,unknown,unknown,unknown,,rxn_c954b0741689
SF2+ + SF2 -> SF+ + F + SF2,Dissociative charge transfer,ion,dissociative_charge_transfer,mechanical,3,pass,pass,pass,unknown,unknown,unknown,,rxn_1c2175fecf80
SF2+ + SF3 -> SF+ + SF2 + F2,Dissociative charge transfer,ion,dissociative_charge_transfer,mechanical,3,pass,pass,pass,unknown,unknown,unknown,,rxn_e2858ae3d68e
SF2+ + SF3 -> SF2+ + F + SF2,Dissociative charge transfer,ion,dissociative_charge_transfer,mechanical,3,pass,pass,pass,unknown,unknown,unknown,,rxn_408782cefe38
SF2- + SF3 -> SF2- + F + SF2,Dissociative charge transfer,ion,dissociative_charge_transfer,mechanical,3,pass,pass,pass,unknown,unknown,unknown,,rxn_7a0ceb0d5f9c
SF3+ + SF2 -> S+ + SF3 + F2,Dissociative charge transfer,ion,dissociative_charge_transfer,mechanical,3,pass,pass,pass,unknown,unknown,unknown,,rxn_fe0b898649a1
SF3+ + SF2 -> SF+ + F + SF3,Dissociative charge transfer,ion,dissociative_charge_transfer,mechanical,3,pass,pass,pass,unknown,unknown,unknown,,rxn_e685d8c25339
SF3+ + SF3 -> SF+ + SF3 + F2,Dissociative charge transfer,ion,dissociative_charge_transfer,mechanical,3,pass,pass,pass,unknown,unknown,unknown,,rxn_43a5d263b46b
SF3+ + SF3 -> SF2+ + F + SF3,Dissociative charge transfer,ion,dissociative_charge_transfer,mechanical,3,pass,pass,pass,unknown,unknown,unknown,,rxn_bd2f232689c7
SF3- + SF3 -> SF2- + F + SF3,Dissociative charge transfer,ion,dissociative_charge_transfer,mechanical,3,pass,pass,pass,unknown,unknown,unknown,,rxn_ddcedd6ffc5a
SF4+ + SF2 -> S+ + SF4 + F2,Dissociative charge transfer,ion,dissociative_charge_transfer,mechanical,3,pass,pass,pass,unknown,unknown,unknown,,rxn_7f1d429c29b8
SF4+ + SF2 -> SF+ + F + SF4,Dissociative charge transfer,ion,dissociative_charge_transfer,mechanical,3,pass,pass,pass,unknown,unknown,unknown,,rxn_e216d9a1cf91
SF4+ + SF3 -> SF+ + SF4 + F2,Dissociative charge transfer,ion,dissociative_charge_transfer,mechanical,3,pass,pass,pass,unknown,unknown,unknown,,rxn_7b28031f2e57
SF4+ + SF3 -> SF2+ + F + SF4,Dissociative charge transfer,ion,dissociative_charge_transfer,mechanical,3,pass,pass,pass,unknown,unknown,unknown,,rxn_c39306ef12a6
SF4- + SF3 -> SF2- + F + SF4,Dissociative charge transfer,ion,dissociative_charge_transfer,mechanical,3,pass,pass,pass,unknown,unknown,unknown,,rxn_8fd7b71e634d
SF5+ + SF2 -> S+ + SF5 + F2,Dissociative charge transfer,ion,dissociative_charge_transfer,mechanical,3,pass,pass,pass,unknown,unknown,unknown,,rxn_61e14d84f669
SF5+ + SF2 -> SF+ + F + SF5,Dissociative charge transfer,ion,dissociative_charge_transfer,mechanical,3,pass,pass,pass,unknown,unknown,unknown,,rxn_7ca646356d71
SF5+ + SF3 -> SF+ + SF5 + F2,Dissociative charge transfer,ion,dissociative_charge_transfer,mechanical,3,pass,pass,pass,unknown,unknown,unknown,,rxn_2a95c3d180e9
SF5+ + SF3 -> SF2+ + F + SF5,Dissociative charge transfer,ion,dissociative_charge_transfer,mechanical,3,pass,pass,pass,unknown,unknown,unknown,,rxn_ea9be81627ee
SF5- + SF3 -> SF2- + F + SF5,Dissociative charge transfer,ion,dissociative_charge_transfer,mechanical,3,pass,pass,pass,unknown,unknown,unknown,,rxn_8ddf883f5f65
SF6- + SF3 -> SF2- + F + SF6,Dissociative charge transfer,ion,dissociative_charge_transfer,mechanical,3,pass,pass,pass,unknown,unknown,unknown,,rxn_78323cfde414
Ar+ + SF2 -> Ar+ + SF2,Ion-neutral elastic scattering,ion,elastic,mechanical,3,pass,pass,pass,unknown,unknown,unknown,,rxn_492dc1418ba0
Ar+ + SF3 -> Ar+ + SF3,Ion-neutral elastic scattering,ion,elastic,mechanical,3,pass,pass,pass,unknown,unknown,unknown,,rxn_9763a7d17000
F+ + Ar -> F+ + Ar,Ion-neutral elastic scattering,ion,elastic,mechanical,3,pass,pass,pass,unknown,unknown,unknown,,rxn_47a718a0f975
F+ + O -> F+ + O,Ion-neutral elastic scattering,ion,elastic,mechanical,3,pass,pass,pass,unknown,unknown,unknown,,rxn_ed8ec61293e0
F+ + O2 -> F+ + O2,Ion-neutral elastic scattering,ion,elastic,mechanical,3,pass,pass,pass,unknown,unknown,unknown,,rxn_14f54bdb65b2
F+ + SF2 -> F+ + SF2,Ion-neutral elastic scattering,ion,elastic,mechanical,3,pass,pass,pass,unknown,unknown,unknown,,rxn_deaf5cb2540e
F+ + SF3 -> F+ + SF3,Ion-neutral elastic scattering,ion,elastic,mechanical,3,pass,pass,pass,unknown,unknown,unknown,,rxn_b63cebf7f473
F+ + SF4 -> F+ + SF4,Ion-neutral elastic scattering,ion,elastic,mechanical,3,pass,pass,pass,unknown,unknown,unknown,,rxn_ff72b2924031
F+ + SF5 -> F+ + SF5,Ion-neutral elastic scattering,ion,elastic,mechanical,3,pass,pass,pass,unknown,unknown,unknown,,rxn_ce5a331981c3
F+ + SF6 -> F+ + SF6,Ion-neutral elastic scattering,ion,elastic,mechanical,3,pass,pass,pass,unknown,unknown,unknown,,rxn_7caf4e41c188
F- + SF2 -> F- + SF2,Ion-neutral elastic scattering,ion,elastic,mechanical,3,pass,pass,pass,unknown,unknown,unknown,,rxn_6f9bb7499b30
F- + SF3 -> F- + SF3,Ion-neutral elastic scattering,ion,elastic,mechanical,3,pass,pass,pass,unknown,unknown,unknown,,rxn_e9faae45f6a0
O+ + SF2 -> O+ + SF2,Ion-neutral elastic scattering,ion,elastic,mechanical,3,pass,pass,pass,unknown,unknown,unknown,,rxn_cb6ec426c865
O- + SF2 -> O- + SF2,Ion-neutral elastic scattering,ion,elastic,mechanical,3,pass,pass,pass,unknown,unknown,unknown,,rxn_18313d1c2f7e
O- + SF3 -> O- + SF3,Ion-neutral elastic scattering,ion,elastic,mechanical,3,pass,pass,pass,unknown,unknown,unknown,,rxn_221b766cf34c
O2+ + SF2 -> O2+ + SF2,Ion-neutral elastic scattering,ion,elastic,mechanical,3,pass,pass,pass,unknown,unknown,unknown,,rxn_b27028caeee3
SF2+ + Ar -> SF2+ + Ar,Ion-neutral elastic scattering,ion,elastic,mechanical,3,pass,pass,pass,unknown,unknown,unknown,,rxn_c4c85e66400d
SF2+ + F -> SF2+ + F,Ion-neutral elastic scattering,ion,elastic,mechanical,3,pass,pass,pass,unknown,unknown,unknown,,rxn_ad4d62e7117c
SF2+ + O -> SF2+ + O,Ion-neutral elastic scattering,ion,elastic,mechanical,3,pass,pass,pass,unknown,unknown,unknown,,rxn_ccbf116176ca
SF2+ + O2 -> SF2+ + O2,Ion-neutral elastic scattering,ion,elastic,mechanical,3,pass,pass,pass,unknown,unknown,unknown,,rxn_34a6db88b418
SF2+ + SF3 -> SF2+ + SF3,Ion-neutral elastic scattering,ion,elastic,mechanical,3,pass,pass,pass,unknown,unknown,unknown,,rxn_ef6017e95c1e
SF2+ + SF4 -> SF2+ + SF4,Ion-neutral elastic scattering,ion,elastic,mechanical,3,pass,pass,pass,unknown,unknown,unknown,,rxn_026bd102d3cf
SF2+ + SF5 -> SF2+ + SF5,Ion-neutral elastic scattering,ion,elastic,mechanical,3,pass,pass,pass,unknown,unknown,unknown,,rxn_ea5e91fc70c6
SF2+ + SF6 -> SF2+ + SF6,Ion-neutral elastic scattering,ion,elastic,mechanical,3,pass,pass,pass,unknown,unknown,unknown,,rxn_ed0e8057fcc2
SF2- + Ar -> SF2- + Ar,Ion-neutral elastic scattering,ion,elastic,mechanical,3,pass,pass,pass,unknown,unknown,unknown,,rxn_3c796d45e5fe
SF2- + F -> SF2- + F,Ion-neutral elastic scattering,ion,elastic,mechanical,3,pass,pass,pass,unknown,unknown,unknown,,rxn_cf4e3e229ac4
SF2- + O -> SF2- + O,Ion-neutral elastic scattering,ion,elastic,mechanical,3,pass,pass,pass,unknown,unknown,unknown,,rxn_0a6fb0cde859
SF2- + O2 -> SF2- + O2,Ion-neutral elastic scattering,ion,elastic,mechanical,3,pass,pass,pass,unknown,unknown,unknown,,rxn_c78963b08ff8
SF2- + SF3 -> SF2- + SF3,Ion-neutral elastic scattering,ion,elastic,mechanical,3,pass,pass,pass,unknown,unknown,unknown,,rxn_7c007973f3ff
SF2- + SF4 -> SF2- + SF4,Ion-neutral elastic scattering,ion,elastic,mechanical,3,pass,pass,pass,unknown,unknown,unknown,,rxn_9fba5b005919
SF2- + SF5 -> SF2- + SF5,Ion-neutral elastic scattering,ion,elastic,mechanical,3,pass,pass,pass,unknown,unknown,unknown,,rxn_45113043a7dc
SF2- + SF6 -> SF2- + SF6,Ion-neutral elastic scattering,ion,elastic,mechanical,3,pass,pass,pass,unknown,unknown,unknown,,rxn_fd586ccd85d7
SF3+ + Ar -> SF3+ + Ar,Ion-neutral elastic scattering,ion,elastic,mechanical,3,pass,pass,pass,unknown,unknown,unknown,,rxn_6637f6a624c1
SF3+ + F -> SF3+ + F,Ion-neutral elastic scattering,ion,elastic,mechanical,3,pass,pass,pass,unknown,unknown,unknown,,rxn_99476425ada3
SF3+ + O -> SF3+ + O,Ion-neutral elastic scattering,ion,elastic,mechanical,3,pass,pass,pass,unknown,unknown,unknown,,rxn_44aeb654a1ba
SF3+ + O2 -> SF3+ + O2,Ion-neutral elastic scattering,ion,elastic,mechanical,3,pass,pass,pass,unknown,unknown,unknown,,rxn_06744e5fdd55
SF3+ + SF2 -> SF3+ + SF2,Ion-neutral elastic scattering,ion,elastic,mechanical,3,pass,pass,pass,unknown,unknown,unknown,,rxn_d4057f06dc67
SF3+ + SF4 -> SF3+ + SF4,Ion-neutral elastic scattering,ion,elastic,mechanical,3,pass,pass,pass,unknown,unknown,unknown,,rxn_210b5bd98587
SF3+ + SF5 -> SF3+ + SF5,Ion-neutral elastic scattering,ion,elastic,mechanical,3,pass,pass,pass,unknown,unknown,unknown,,rxn_e3a6456f5a08
SF3+ + SF6 -> SF3+ + SF6,Ion-neutral elastic scattering,ion,elastic,mechanical,3,pass,pass,pass,unknown,unknown,unknown,,rxn_7033c78c59c3
SF3- + Ar -> SF3- + Ar,Ion-neutral elastic scattering,ion,elastic,mechanical,3,pass,pass,pass,unknown,unknown,unknown,,rxn_406bc7facdb4
SF3- + F -> SF3- + F,Ion-neutral elastic scattering,ion,elastic,mechanical,3,pass,pass,pass,unknown,unknown,unknown,,rxn_f9962b366abb
SF3- + O -> SF3- + O,Ion-neutral elastic scattering,ion,elastic,mechanical,3,pass,pass,pass,unknown,unknown,unknown,,rxn_642deece4a49
SF3- + O2 -> SF3- + O2,Ion-neutral elastic scattering,ion,elastic,mechanical,3,pass,pass,pass,unknown,unknown,unknown,,rxn_3c0ac6cbb779
SF3- + SF2 -> SF3- + SF2,Ion-neutral elastic scattering,ion,elastic,mechanical,3,pass,pass,pass,unknown,unknown,unknown,,rxn_a1753aad2fde
SF3- + SF4 -> SF3- + SF4,Ion-neutral elastic scattering,ion,elastic,mechanical,3,pass,pass,pass,unknown,unknown,unknown,,rxn_5b04205c406d
SF3- + SF5 -> SF3- + SF5,Ion-neutral elastic scattering,ion,elastic,mechanical,3,pass,pass,pass,unknown,unknown,unknown,,rxn_14f5fca0d4bd
SF3- + SF6 -> SF3- + SF6,Ion-neutral elastic scattering,ion,elastic,mechanical,3,pass,pass,pass,unknown,unknown,unknown,,rxn_fd7a5731ce56
SF4+ + SF2 -> SF4+ + SF2,Ion-neutral elastic scattering,ion,elastic,mechanical,3,pass,pass,pass,unknown,unknown,unknown,,rxn_bd5f23a8e0e7
SF4+ + SF3 -> SF4+ + SF3,Ion-neutral elastic scattering,ion,elastic,mechanical,3,pass,pass,pass,unknown,unknown,unknown,,rxn_e511871d7676
SF4- + SF2 -> SF4- + SF2,Ion-neutral elastic scattering,ion,elastic,mechanical,3,pass,pass,pass,unknown,unknown,unknown,,rxn_8fe2deaf49bc
SF4- + SF3 -> SF4- + SF3,Ion-neutral elastic scattering,ion,elastic,mechanical,3,pass,pass,pass,unknown,unknown,unknown,,rxn_1f2159fa4176
SF5+ + SF2 -> SF5+ + SF2,Ion-neutral elastic scattering,ion,elastic,mechanical,3,pass,pass,pass,unknown,unknown,unknown,,rxn_359836c725f4
SF5+ + SF3 -> SF5+ + SF3,Ion-neutral elastic scattering,ion,elastic,mechanical,3,pass,pass,pass,unknown,unknown,unknown,,rxn_5c3939732f5e
SF5- + SF2 -> SF5- + SF2,Ion-neutral elastic scattering,ion,elastic,mechanical,3,pass,pass,pass,unknown,unknown,unknown,,rxn_1b336618d128
SF5- + SF3 -> SF5- + SF3,Ion-neutral elastic scattering,ion,elastic,mechanical,3,pass,pass,pass,unknown,unknown,unknown,,rxn_a2d2cc0aa931
SF6- + SF2 -> SF6- + SF2,Ion-neutral elastic scattering,ion,elastic,mechanical,3,pass,pass,pass,unknown,unknown,unknown,,rxn_72bddc863f29
SF6- + SF3 -> SF6- + SF3,Ion-neutral elastic scattering,ion,elastic,mechanical,3,pass,pass,pass,unknown,unknown,unknown,,rxn_209a65edfdbf
SF2+ + SF6 -> SF3+ + SF5,Ligand transfer,ion,ligand_transfer,mechanical,3,pass,pass,pass,unknown,unknown,unknown,,rxn_fe11991d2247
SF2- + SF6 -> SF3- + SF5,Ligand transfer,ion,ligand_transfer,mechanical,3,pass,pass,pass,unknown,unknown,unknown,,rxn_a2fe38f8455b
Ar+ + SF2- -> Ar + SF2,Ion-ion mutual neutralization,ion,mutual_neutralization,mechanical,3,pass,pass,pass,unknown,unknown,unknown,,rxn_5d59b63edf78
Ar+ + SF3- -> Ar + SF3,Ion-ion mutual neutralization,ion,mutual_neutralization,mechanical,3,pass,pass,pass,unknown,unknown,unknown,,rxn_a76c6b8e443f
F+ + F- -> 2 F,Ion-ion mutual neutralization,ion,mutual_neutralization,mechanical,3,pass,pass,pass,pass,pass,pass,kinetics; reaction_evidence,rxn_2ec3305f897c
F+ + O- -> F + O,Ion-ion mutual neutralization,ion,mutual_neutralization,mechanical,3,pass,pass,pass,unknown,unknown,unknown,,rxn_d0e84d59d9e7
F+ + SF2- -> F + SF2,Ion-ion mutual neutralization,ion,mutual_neutralization,mechanical,3,pass,pass,pass,pass,pass,pass,kinetics; reaction_evidence,rxn_f920d0e503ed
F+ + SF3- -> F + SF3,Ion-ion mutual neutralization,ion,mutual_neutralization,mechanical,3,pass,pass,pass,pass,pass,pass,kinetics; reaction_evidence,rxn_8006a199d9f5
F+ + SF4- -> F + SF4,Ion-ion mutual neutralization,ion,mutual_neutralization,mechanical,3,pass,pass,pass,pass,pass,pass,kinetics; reaction_evidence,rxn_b90ad78a9116
F+ + SF5- -> F + SF5,Ion-ion mutual neutralization,ion,mutual_neutralization,mechanical,3,pass,pass,pass,pass,pass,pass,kinetics; reaction_evidence,rxn_a78a3c2953cf
F+ + SF6- -> F + SF6,Ion-ion mutual neutralization,ion,mutual_neutralization,mechanical,3,pass,pass,pass,pass,pass,pass,kinetics; reaction_evidence,rxn_55506108b5a8
SF2+ + F- -> F + SF2,Ion-ion mutual neutralization,ion,mutual_neutralization,mechanical,3,pass,pass,pass,pass,pass,pass,kinetics; reaction_evidence,rxn_f7e95cb217af
SF2+ + O- -> O + SF2,Ion-ion mutual neutralization,ion,mutual_neutralization,mechanical,3,pass,pass,pass,unknown,unknown,unknown,,rxn_83226d127d6a
SF2+ + SF2- -> 2 SF2,Ion-ion mutual neutralization,ion,mutual_neutralization,mechanical,3,pass,pass,pass,pass,pass,pass,kinetics; reaction_evidence,rxn_13a4b0133cd3
SF2+ + SF3- -> SF2 + SF3,Ion-ion mutual neutralization,ion,mutual_neutralization,mechanical,3,pass,pass,pass,pass,pass,pass,kinetics; reaction_evidence,rxn_ddfda0ed8088
SF2+ + SF4- -> SF2 + SF4,Ion-ion mutual neutralization,ion,mutual_neutralization,mechanical,3,pass,pass,pass,pass,pass,pass,kinetics; reaction_evidence,rxn_fefeac88ae77
SF2+ + SF5- -> SF2 + SF5,Ion-ion mutual neutralization,ion,mutual_neutralization,mechanical,3,pass,pass,pass,pass,pass,pass,kinetics; reaction_evidence,rxn_2a12c9fab297
SF2+ + SF6- -> SF2 + SF6,Ion-ion mutual neutralization,ion,mutual_neutralization,mechanical,3,pass,pass,pass,pass,pass,pass,kinetics; reaction_evidence,rxn_ada290859cd4
SF3+ + F- -> F + SF3,Ion-ion mutual neutralization,ion,mutual_neutralization,mechanical,3,pass,pass,pass,pass,pass,pass,kinetics; reaction_evidence,rxn_e992c583f0be
SF3+ + O- -> O + SF3,Ion-ion mutual neutralization,ion,mutual_neutralization,mechanical,3,pass,pass,pass,unknown,unknown,unknown,,rxn_58cf4a3c8637
SF3+ + SF2- -> SF2 + SF3,Ion-ion mutual neutralization,ion,mutual_neutralization,mechanical,3,pass,pass,pass,pass,pass,pass,kinetics; reaction_evidence,rxn_7199250410bc
SF3+ + SF3- -> 2 SF3,Ion-ion mutual neutralization,ion,mutual_neutralization,mechanical,3,pass,pass,pass,pass,pass,pass,kinetics; reaction_evidence,rxn_b18de08a976c
SF3+ + SF4- -> SF3 + SF4,Ion-ion mutual neutralization,ion,mutual_neutralization,mechanical,3,pass,pass,pass,pass,pass,pass,kinetics; reaction_evidence,rxn_5a2d5433dddb
SF3+ + SF5- -> SF3 + SF5,Ion-ion mutual neutralization,ion,mutual_neutralization,mechanical,3,pass,pass,pass,pass,pass,pass,kinetics; reaction_evidence,rxn_c900b497a659
SF3+ + SF6- -> SF3 + SF6,Ion-ion mutual neutralization,ion,mutual_neutralization,mechanical,3,pass,pass,pass,pass,pass,pass,kinetics; reaction_evidence,rxn_f4d6da194f1e
SF4+ + SF2- -> SF2 + SF4,Ion-ion mutual neutralization,ion,mutual_neutralization,mechanical,3,pass,pass,pass,pass,pass,pass,kinetics; reaction_evidence,rxn_81f8db5f90ee
SF4+ + SF3- -> SF3 + SF4,Ion-ion mutual neutralization,ion,mutual_neutralization,mechanical,3,pass,pass,pass,pass,pass,pass,kinetics; reaction_evidence,rxn_e7a11d8aa9ab
SF5+ + SF2- -> SF2 + SF5,Ion-ion mutual neutralization,ion,mutual_neutralization,mechanical,3,pass,pass,pass,pass,pass,pass,kinetics; reaction_evidence,rxn_6f148a715564
SF5+ + SF3- -> SF3 + SF5,Ion-ion mutual neutralization,ion,mutual_neutralization,mechanical,3,pass,pass,pass,pass,pass,pass,kinetics; reaction_evidence,rxn_56879539a045
SF2+ + Ar -> S+ + Ar + F2,Projectile-ion dissociation,ion,projectile_dissociation,mechanical,3,pass,pass,pass,unknown,unknown,unknown,,rxn_ebbc0505bf08
SF2+ + Ar -> SF+ + Ar + F,Projectile-ion dissociation,ion,projectile_dissociation,mechanical,3,pass,pass,pass,unknown,unknown,unknown,,rxn_0afee718abb1
SF2+ + F -> S+ + F + F2,Projectile-ion dissociation,ion,projectile_dissociation,mechanical,3,pass,pass,pass,unknown,unknown,unknown,,rxn_bb2f8ef50e1a
SF2+ + F -> SF+ + 2 F,Projectile-ion dissociation,ion,projectile_dissociation,mechanical,3,pass,pass,pass,unknown,unknown,unknown,,rxn_667c4a3056ff
SF2+ + O -> S+ + O + F2,Projectile-ion dissociation,ion,projectile_dissociation,mechanical,3,pass,pass,pass,unknown,unknown,unknown,,rxn_ace3c20d8a26
SF2+ + O -> SF+ + F + O,Projectile-ion dissociation,ion,projectile_dissociation,mechanical,3,pass,pass,pass,unknown,unknown,unknown,,rxn_fed99371594f
SF2+ + O2 -> S+ + F2 + O2,Projectile-ion dissociation,ion,projectile_dissociation,mechanical,3,pass,pass,pass,unknown,unknown,unknown,,rxn_34d333f31200
SF2+ + O2 -> SF+ + F + O2,Projectile-ion dissociation,ion,projectile_dissociation,mechanical,3,pass,pass,pass,unknown,unknown,unknown,,rxn_29dd3f3d722e
SF2+ + SF2 -> S+ + SF2 + F2,Projectile-ion dissociation,ion,projectile_dissociation,mechanical,3,pass,pass,pass,unknown,unknown,unknown,,rxn_e4c6451a3f95
SF2+ + SF2 -> SF+ + F + SF2,Projectile-ion dissociation,ion,projectile_dissociation,mechanical,3,pass,pass,pass,unknown,unknown,unknown,,rxn_b8268853b696
SF2+ + SF3 -> S+ + SF3 + F2,Projectile-ion dissociation,ion,projectile_dissociation,mechanical,3,pass,pass,pass,unknown,unknown,unknown,,rxn_fde5d58741bb
SF2+ + SF3 -> SF+ + F + SF3,Projectile-ion dissociation,ion,projectile_dissociation,mechanical,3,pass,pass,pass,unknown,unknown,unknown,,rxn_c7eb7e5b8a59
SF2+ + SF4 -> S+ + SF4 + F2,Projectile-ion dissociation,ion,projectile_dissociation,mechanical,3,pass,pass,pass,unknown,unknown,unknown,,rxn_b24f48a1557c
SF2+ + SF4 -> SF+ + F + SF4,Projectile-ion dissociation,ion,projectile_dissociation,mechanical,3,pass,pass,pass,unknown,unknown,unknown,,rxn_9f569a040264
SF2+ + SF5 -> S+ + SF5 + F2,Projectile-ion dissociation,ion,projectile_dissociation,mechanical,3,pass,pass,pass,unknown,unknown,unknown,,rxn_4b68d0aa4087
SF2+ + SF5 -> SF+ + F + SF5,Projectile-ion dissociation,ion,projectile_dissociation,mechanical,3,pass,pass,pass,unknown,unknown,unknown,,rxn_bb6607c21031
SF2+ + SF6 -> S+ + F2 + SF6,Projectile-ion dissociation,ion,projectile_dissociation,mechanical,3,pass,pass,pass,unknown,unknown,unknown,,rxn_5e0aa8e6cf2e
SF2+ + SF6 -> SF+ + F + SF6,Projectile-ion dissociation,ion,projectile_dissociation,mechanical,3,pass,pass,pass,unknown,unknown,unknown,,rxn_d345f88e2fef
SF3+ + Ar -> SF+ + Ar + F2,Projectile-ion dissociation,ion,projectile_dissociation,mechanical,3,pass,pass,pass,unknown,unknown,unknown,,rxn_e0fd78efd6e9
SF3+ + Ar -> SF2+ + Ar + F,Projectile-ion dissociation,ion,projectile_dissociation,mechanical,3,pass,pass,pass,unknown,unknown,unknown,,rxn_a81c07bcfa4f
SF3+ + F -> SF+ + F + F2,Projectile-ion dissociation,ion,projectile_dissociation,mechanical,3,pass,pass,pass,unknown,unknown,unknown,,rxn_178eadd3d76b
SF3+ + F -> SF2+ + 2 F,Projectile-ion dissociation,ion,projectile_dissociation,mechanical,3,pass,pass,pass,unknown,unknown,unknown,,rxn_d57a7e141ddf
SF3+ + O -> SF+ + O + F2,Projectile-ion dissociation,ion,projectile_dissociation,mechanical,3,pass,pass,pass,unknown,unknown,unknown,,rxn_0f33f83296ad
SF3+ + O -> SF2+ + F + O,Projectile-ion dissociation,ion,projectile_dissociation,mechanical,3,pass,pass,pass,unknown,unknown,unknown,,rxn_ef6f4a059040
SF3+ + O2 -> SF+ + F2 + O2,Projectile-ion dissociation,ion,projectile_dissociation,mechanical,3,pass,pass,pass,unknown,unknown,unknown,,rxn_4332f1977349
SF3+ + O2 -> SF2+ + F + O2,Projectile-ion dissociation,ion,projectile_dissociation,mechanical,3,pass,pass,pass,unknown,unknown,unknown,,rxn_f7859779b154
SF3+ + SF2 -> SF+ + SF2 + F2,Projectile-ion dissociation,ion,projectile_dissociation,mechanical,3,pass,pass,pass,unknown,unknown,unknown,,rxn_e13acfdc5c72
SF3+ + SF2 -> SF2+ + F + SF2,Projectile-ion dissociation,ion,projectile_dissociation,mechanical,3,pass,pass,pass,unknown,unknown,unknown,,rxn_1f468244f03f
SF3+ + SF3 -> SF+ + SF3 + F2,Projectile-ion dissociation,ion,projectile_dissociation,mechanical,3,pass,pass,pass,unknown,unknown,unknown,,rxn_82cab54ebf7b
SF3+ + SF3 -> SF2+ + F + SF3,Projectile-ion dissociation,ion,projectile_dissociation,mechanical,3,pass,pass,pass,unknown,unknown,unknown,,rxn_9f3b51b13d95
SF3+ + SF4 -> SF+ + SF4 + F2,Projectile-ion dissociation,ion,projectile_dissociation,mechanical,3,pass,pass,pass,unknown,unknown,unknown,,rxn_c735d79aadb6
SF3+ + SF4 -> SF2+ + F + SF4,Projectile-ion dissociation,ion,projectile_dissociation,mechanical,3,pass,pass,pass,unknown,unknown,unknown,,rxn_65c6dcc4596b
SF3+ + SF5 -> SF+ + SF5 + F2,Projectile-ion dissociation,ion,projectile_dissociation,mechanical,3,pass,pass,pass,unknown,unknown,unknown,,rxn_1b21ba76d89f
SF3+ + SF5 -> SF2+ + F + SF5,Projectile-ion dissociation,ion,projectile_dissociation,mechanical,3,pass,pass,pass,unknown,unknown,unknown,,rxn_7df48f24f073
SF3+ + SF6 -> SF+ + F2 + SF6,Projectile-ion dissociation,ion,projectile_dissociation,mechanical,3,pass,pass,pass,unknown,unknown,unknown,,rxn_b3454e19b97e
SF3+ + SF6 -> SF2+ + F + SF6,Projectile-ion dissociation,ion,projectile_dissociation,mechanical,3,pass,pass,pass,unknown,unknown,unknown,,rxn_132b878bed3e
SF3- + Ar -> SF2- + Ar + F,Projectile-ion dissociation,ion,projectile_dissociation,mechanical,3,pass,pass,pass,unknown,unknown,unknown,,rxn_ea16cc7f54f5
SF3- + F -> SF2- + 2 F,Projectile-ion dissociation,ion,projectile_dissociation,mechanical,3,pass,pass,pass,unknown,unknown,unknown,,rxn_f0565af385bb
SF3- + O -> SF2- + F + O,Projectile-ion dissociation,ion,projectile_dissociation,mechanical,3,pass,pass,pass,unknown,unknown,unknown,,rxn_6deea7db98c9
SF3- + O2 -> SF2- + F + O2,Projectile-ion dissociation,ion,projectile_dissociation,mechanical,3,pass,pass,pass,unknown,unknown,unknown,,rxn_97ebbc14c69c
SF3- + SF2 -> SF2- + F + SF2,Projectile-ion dissociation,ion,projectile_dissociation,mechanical,3,pass,pass,pass,unknown,unknown,unknown,,rxn_e5362242b2a8
SF3- + SF3 -> SF2- + F + SF3,Projectile-ion dissociation,ion,projectile_dissociation,mechanical,3,pass,pass,pass,unknown,unknown,unknown,,rxn_52b0ed478f60
SF3- + SF4 -> SF2- + F + SF4,Projectile-ion dissociation,ion,projectile_dissociation,mechanical,3,pass,pass,pass,unknown,unknown,unknown,,rxn_efb697564d74
SF3- + SF5 -> SF2- + F + SF5,Projectile-ion dissociation,ion,projectile_dissociation,mechanical,3,pass,pass,pass,unknown,unknown,unknown,,rxn_e96586a1bb5d
SF3- + SF6 -> SF2- + F + SF6,Projectile-ion dissociation,ion,projectile_dissociation,mechanical,3,pass,pass,pass,unknown,unknown,unknown,,rxn_6caceba5b002
F+ + F -> F+ + F,Resonant charge exchange,ion,resonant_charge_exchange,mechanical,3,pass,pass,pass,unknown,unknown,unknown,,rxn_a2b4345f13c1
F2+ + F2 -> F2+ + F2,Resonant charge exchange,ion,resonant_charge_exchange,mechanical,3,pass,pass,pass,unknown,unknown,unknown,,rxn_0b81c17717b7
SF2+ + SF2 -> SF2+ + SF2,Resonant charge exchange,ion,resonant_charge_exchange,mechanical,3,pass,pass,pass,unknown,unknown,unknown,,rxn_95bd805b6150
SF2- + SF2 -> SF2- + SF2,Resonant charge exchange,ion,resonant_charge_exchange,mechanical,3,pass,pass,pass,unknown,unknown,unknown,,rxn_07da2ca4b33f
SF3+ + SF3 -> SF3+ + SF3,Resonant charge exchange,ion,resonant_charge_exchange,mechanical,3,pass,pass,pass,unknown,unknown,unknown,,rxn_9e2fb0ec739b
SF3- + SF3 -> SF3- + SF3,Resonant charge exchange,ion,resonant_charge_exchange,mechanical,3,pass,pass,pass,unknown,unknown,unknown,,rxn_30438ef98b4d
Ar+ + S -> S+ + Ar,Charge exchange,ion,charge_exchange,mechanical,4,pass,pass,pass,unknown,unknown,unknown,,rxn_3c296b56869c
Ar+ + SF -> SF+ + Ar,Charge exchange,ion,charge_exchange,mechanical,4,pass,pass,pass,unknown,unknown,unknown,,rxn_dc32b510addc
F+ + S -> S+ + F,Charge exchange,ion,charge_exchange,mechanical,4,pass,pass,pass,unknown,unknown,unknown,,rxn_bb6fff17ce9c
F+ + SF -> SF+ + F,Charge exchange,ion,charge_exchange,mechanical,4,pass,pass,pass,unknown,unknown,unknown,,rxn_951198fd5d46
F- + S -> S- + F,Charge exchange,ion,charge_exchange,mechanical,4,pass,pass,pass,unknown,unknown,unknown,,rxn_995ca56f102f
O+ + S -> S+ + O,Charge exchange,ion,charge_exchange,mechanical,4,pass,pass,pass,unknown,unknown,unknown,,rxn_26ae646d0970
O- + S -> S- + O,Charge exchange,ion,charge_exchange,mechanical,4,pass,pass,pass,unknown,unknown,unknown,,rxn_a0ca93067cc2
O2+ + S -> S+ + O2,Charge exchange,ion,charge_exchange,mechanical,4,pass,pass,pass,unknown,unknown,unknown,,rxn_f8747d44dc0a
O2- + S -> S- + O2,Charge exchange,ion,charge_exchange,mechanical,4,pass,pass,pass,unknown,unknown,unknown,,rxn_9ebc61a10146
S+ + Ar -> Ar+ + S,Charge exchange,ion,charge_exchange,mechanical,4,pass,pass,pass,unknown,unknown,unknown,,rxn_4dc5ef0f7954
S+ + F -> F+ + S,Charge exchange,ion,charge_exchange,mechanical,4,pass,pass,pass,unknown,unknown,unknown,,rxn_2a7dbe59514b
S+ + O -> O+ + S,Charge exchange,ion,charge_exchange,mechanical,4,pass,pass,pass,unknown,unknown,unknown,,rxn_078cc42ee023
S+ + O2 -> O2+ + S,Charge exchange,ion,charge_exchange,mechanical,4,pass,pass,pass,unknown,unknown,unknown,,rxn_4d9cc0ff39c2
S+ + SF3 -> SF3+ + S,Charge exchange,ion,charge_exchange,mechanical,4,pass,pass,pass,unknown,unknown,unknown,,rxn_faf8f991e912
S+ + SF4 -> SF4+ + S,Charge exchange,ion,charge_exchange,mechanical,4,pass,pass,pass,unknown,unknown,unknown,,rxn_b618fff5067a
S+ + SF5 -> SF5+ + S,Charge exchange,ion,charge_exchange,mechanical,4,pass,pass,pass,unknown,unknown,unknown,,rxn_ae71c34229df
S- + F -> F- + S,Charge exchange,ion,charge_exchange,mechanical,4,pass,pass,pass,unknown,unknown,unknown,,rxn_8d21877913d9
S- + O -> O- + S,Charge exchange,ion,charge_exchange,mechanical,4,pass,pass,pass,unknown,unknown,unknown,,rxn_8164cb71e89a
S- + O2 -> O2- + S,Charge exchange,ion,charge_exchange,mechanical,4,pass,pass,pass,unknown,unknown,unknown,,rxn_a0be19b0c5d2
S- + SF3 -> SF3- + S,Charge exchange,ion,charge_exchange,mechanical,4,pass,pass,pass,unknown,unknown,unknown,,rxn_091963f69826
S- + SF4 -> SF4- + S,Charge exchange,ion,charge_exchange,mechanical,4,pass,pass,pass,unknown,unknown,unknown,,rxn_57e94b80d370
S- + SF5 -> SF5- + S,Charge exchange,ion,charge_exchange,mechanical,4,pass,pass,pass,unknown,unknown,unknown,,rxn_271e28e52445
S- + SF6 -> SF6- + S,Charge exchange,ion,charge_exchange,mechanical,4,pass,pass,pass,unknown,unknown,unknown,,rxn_611d84d03c7f
SF+ + Ar -> Ar+ + SF,Charge exchange,ion,charge_exchange,mechanical,4,pass,pass,pass,unknown,unknown,unknown,,rxn_bf2f829b04ee
SF+ + F -> F+ + SF,Charge exchange,ion,charge_exchange,mechanical,4,pass,pass,pass,unknown,unknown,unknown,,rxn_34a598ea8fea
SF+ + SF2 -> SF2+ + SF,Charge exchange,ion,charge_exchange,mechanical,4,pass,pass,pass,unknown,unknown,unknown,,rxn_b67f2b0a4f9d
SF+ + SF3 -> SF3+ + SF,Charge exchange,ion,charge_exchange,mechanical,4,pass,pass,pass,unknown,unknown,unknown,,rxn_a003ae43f010
SF+ + SF4 -> SF4+ + SF,Charge exchange,ion,charge_exchange,mechanical,4,pass,pass,pass,unknown,unknown,unknown,,rxn_0e7daa5e962f
SF+ + SF5 -> SF5+ + SF,Charge exchange,ion,charge_exchange,mechanical,4,pass,pass,pass,unknown,unknown,unknown,,rxn_843d2250564e
SF2+ + SF -> SF+ + SF2,Charge exchange,ion,charge_exchange,mechanical,4,pass,pass,pass,unknown,unknown,unknown,,rxn_8bbc24429648
SF3+ + S -> S+ + SF3,Charge exchange,ion,charge_exchange,mechanical,4,pass,pass,pass,unknown,unknown,unknown,,rxn_b813147b7f36
SF3+ + SF -> SF+ + SF3,Charge exchange,ion,charge_exchange,mechanical,4,pass,pass,pass,unknown,unknown,unknown,,rxn_b4d05375ef98
SF3- + S -> S- + SF3,Charge exchange,ion,charge_exchange,mechanical,4,pass,pass,pass,unknown,unknown,unknown,,rxn_95cdd0b8b2a6
SF4+ + S -> S+ + SF4,Charge exchange,ion,charge_exchange,mechanical,4,pass,pass,pass,unknown,unknown,unknown,,rxn_1983dfdcd9ff
SF4+ + SF -> SF+ + SF4,Charge exchange,ion,charge_exchange,mechanical,4,pass,pass,pass,unknown,unknown,unknown,,rxn_a470f2bfe932
SF4- + S -> S- + SF4,Charge exchange,ion,charge_exchange,mechanical,4,pass,pass,pass,unknown,unknown,unknown,,rxn_87803672db7a
SF5+ + S -> S+ + SF5,Charge exchange,ion,charge_exchange,mechanical,4,pass,pass,pass,unknown,unknown,unknown,,rxn_90768fd97f73
SF5+ + SF -> SF+ + SF5,Charge exchange,ion,charge_exchange,mechanical,4,pass,pass,pass,unknown,unknown,unknown,,rxn_ad6b25986758
SF5- + S -> S- + SF5,Charge exchange,ion,charge_exchange,mechanical,4,pass,pass,pass,unknown,unknown,unknown,,rxn_433dfed889a4
SF6- + S -> S- + SF6,Charge exchange,ion,charge_exchange,mechanical,4,pass,pass,pass,unknown,unknown,unknown,,rxn_e7e0747b4202
F- + S -> F + S + e,Collisional electron detachment,ion,collisional_detachment,mechanical,4,pass,pass,pass,pass,pass,pass,kinetics; reaction_evidence,rxn_15caafbf2197
O- + S -> O + S + e,Collisional electron detachment,ion,collisional_detachment,mechanical,4,pass,pass,pass,unknown,unknown,unknown,,rxn_7d787b772ca3
Ar+ + SF -> S+ + Ar + F,Dissociative charge transfer,ion,dissociative_charge_transfer,mechanical,4,pass,pass,pass,unknown,unknown,unknown,,rxn_a15f08a07b1a
F+ + SF -> S+ + 2 F,Dissociative charge transfer,ion,dissociative_charge_transfer,mechanical,4,pass,pass,pass,unknown,unknown,unknown,,rxn_ca487638740f
SF+ + SF -> S+ + F + SF,Dissociative charge transfer,ion,dissociative_charge_transfer,mechanical,4,pass,pass,pass,unknown,unknown,unknown,,rxn_e2ed8bb755c0
SF2+ + SF -> S+ + F + SF2,Dissociative charge transfer,ion,dissociative_charge_transfer,mechanical,4,pass,pass,pass,unknown,unknown,unknown,,rxn_d6be6e3d0f99
SF3+ + SF -> S+ + F + SF3,Dissociative charge transfer,ion,dissociative_charge_transfer,mechanical,4,pass,pass,pass,unknown,unknown,unknown,,rxn_6932ca5d72b6
SF4+ + SF -> S+ + F + SF4,Dissociative charge transfer,ion,dissociative_charge_transfer,mechanical,4,pass,pass,pass,unknown,unknown,unknown,,rxn_838c6be98b70
SF5+ + SF -> S+ + F + SF5,Dissociative charge transfer,ion,dissociative_charge_transfer,mechanical,4,pass,pass,pass,unknown,unknown,unknown,,rxn_b15eb7cf0dce
Ar+ + S -> Ar+ + S,Ion-neutral elastic scattering,ion,elastic,mechanical,4,pass,pass,pass,unknown,unknown,unknown,,rxn_7535e7df9c95
Ar+ + SF -> Ar+ + SF,Ion-neutral elastic scattering,ion,elastic,mechanical,4,pass,pass,pass,unknown,unknown,unknown,,rxn_11e416926e75
F+ + S -> F+ + S,Ion-neutral elastic scattering,ion,elastic,mechanical,4,pass,pass,pass,unknown,unknown,unknown,,rxn_421672275dbe
F+ + SF -> F+ + SF,Ion-neutral elastic scattering,ion,elastic,mechanical,4,pass,pass,pass,unknown,unknown,unknown,,rxn_9dab97c64014
F- + S -> F- + S,Ion-neutral elastic scattering,ion,elastic,mechanical,4,pass,pass,pass,unknown,unknown,unknown,,rxn_d9d4d53fe8a4
F- + SF -> F- + SF,Ion-neutral elastic scattering,ion,elastic,mechanical,4,pass,pass,pass,unknown,unknown,unknown,,rxn_9d69649db8d4
O+ + S -> O+ + S,Ion-neutral elastic scattering,ion,elastic,mechanical,4,pass,pass,pass,unknown,unknown,unknown,,rxn_e96c76a0d3b3
O- + S -> O- + S,Ion-neutral elastic scattering,ion,elastic,mechanical,4,pass,pass,pass,unknown,unknown,unknown,,rxn_f2fe3a1e284c
O- + SF -> O- + SF,Ion-neutral elastic scattering,ion,elastic,mechanical,4,pass,pass,pass,unknown,unknown,unknown,,rxn_381e40b4a96f
O2+ + S -> O2+ + S,Ion-neutral elastic scattering,ion,elastic,mechanical,4,pass,pass,pass,unknown,unknown,unknown,,rxn_66d3262f7d33
S+ + Ar -> S+ + Ar,Ion-neutral elastic scattering,ion,elastic,mechanical,4,pass,pass,pass,unknown,unknown,unknown,,rxn_c6f253b6534b
S+ + F -> S+ + F,Ion-neutral elastic scattering,ion,elastic,mechanical,4,pass,pass,pass,unknown,unknown,unknown,,rxn_78518b93b1bf
S+ + O -> S+ + O,Ion-neutral elastic scattering,ion,elastic,mechanical,4,pass,pass,pass,unknown,unknown,unknown,,rxn_bbeb1759d89d
S+ + O2 -> S+ + O2,Ion-neutral elastic scattering,ion,elastic,mechanical,4,pass,pass,pass,unknown,unknown,unknown,,rxn_c3181505e9ba
S+ + OF -> S+ + OF,Ion-neutral elastic scattering,ion,elastic,mechanical,4,pass,pass,pass,unknown,unknown,unknown,,rxn_8a64f4dc2724
S+ + SF -> S+ + SF,Ion-neutral elastic scattering,ion,elastic,mechanical,4,pass,pass,pass,unknown,unknown,unknown,,rxn_3cde42c3d53e
S+ + SF2 -> S+ + SF2,Ion-neutral elastic scattering,ion,elastic,mechanical,4,pass,pass,pass,unknown,unknown,unknown,,rxn_83cc2fbee592
S+ + SF3 -> S+ + SF3,Ion-neutral elastic scattering,ion,elastic,mechanical,4,pass,pass,pass,unknown,unknown,unknown,,rxn_9cecd9dbc3ef
S+ + SF4 -> S+ + SF4,Ion-neutral elastic scattering,ion,elastic,mechanical,4,pass,pass,pass,unknown,unknown,unknown,,rxn_01892a362ab0
S+ + SF5 -> S+ + SF5,Ion-neutral elastic scattering,ion,elastic,mechanical,4,pass,pass,pass,unknown,unknown,unknown,,rxn_feef8c404360
S+ + SF6 -> S+ + SF6,Ion-neutral elastic scattering,ion,elastic,mechanical,4,pass,pass,pass,unknown,unknown,unknown,,rxn_dce2be1877cd
SF+ + Ar -> SF+ + Ar,Ion-neutral elastic scattering,ion,elastic,mechanical,4,pass,pass,pass,unknown,unknown,unknown,,rxn_4e993fa98d0b
SF+ + F -> SF+ + F,Ion-neutral elastic scattering,ion,elastic,mechanical,4,pass,pass,pass,unknown,unknown,unknown,,rxn_56bcac88773a
SF+ + O -> SF+ + O,Ion-neutral elastic scattering,ion,elastic,mechanical,4,pass,pass,pass,unknown,unknown,unknown,,rxn_15e7efc6c50b
SF+ + O2 -> SF+ + O2,Ion-neutral elastic scattering,ion,elastic,mechanical,4,pass,pass,pass,unknown,unknown,unknown,,rxn_548f9b9f2a4e
SF+ + OF -> SF+ + OF,Ion-neutral elastic scattering,ion,elastic,mechanical,4,pass,pass,pass,unknown,unknown,unknown,,rxn_16ea3e664ccb
SF+ + SF2 -> SF+ + SF2,Ion-neutral elastic scattering,ion,elastic,mechanical,4,pass,pass,pass,unknown,unknown,unknown,,rxn_5b27c2a7fbe6
SF+ + SF3 -> SF+ + SF3,Ion-neutral elastic scattering,ion,elastic,mechanical,4,pass,pass,pass,unknown,unknown,unknown,,rxn_c3c97af6d23d
SF+ + SF4 -> SF+ + SF4,Ion-neutral elastic scattering,ion,elastic,mechanical,4,pass,pass,pass,unknown,unknown,unknown,,rxn_9f37a03564e7
SF+ + SF5 -> SF+ + SF5,Ion-neutral elastic scattering,ion,elastic,mechanical,4,pass,pass,pass,unknown,unknown,unknown,,rxn_667ef69e45f3
SF+ + SF6 -> SF+ + SF6,Ion-neutral elastic scattering,ion,elastic,mechanical,4,pass,pass,pass,unknown,unknown,unknown,,rxn_2a637c95cbc8
SF2+ + SF -> SF2+ + SF,Ion-neutral elastic scattering,ion,elastic,mechanical,4,pass,pass,pass,unknown,unknown,unknown,,rxn_f85d68297437
SF2- + SF -> SF2- + SF,Ion-neutral elastic scattering,ion,elastic,mechanical,4,pass,pass,pass,unknown,unknown,unknown,,rxn_0fce314b72bc
SF3+ + SF -> SF3+ + SF,Ion-neutral elastic scattering,ion,elastic,mechanical,4,pass,pass,pass,unknown,unknown,unknown,,rxn_ce86e197f624
SF3- + SF -> SF3- + SF,Ion-neutral elastic scattering,ion,elastic,mechanical,4,pass,pass,pass,unknown,unknown,unknown,,rxn_2594fa6a322a
SF4+ + SF -> SF4+ + SF,Ion-neutral elastic scattering,ion,elastic,mechanical,4,pass,pass,pass,unknown,unknown,unknown,,rxn_3b4ac5041ff9
SF4- + SF -> SF4- + SF,Ion-neutral elastic scattering,ion,elastic,mechanical,4,pass,pass,pass,unknown,unknown,unknown,,rxn_85d83e7ae8a2
SF5+ + SF -> SF5+ + SF,Ion-neutral elastic scattering,ion,elastic,mechanical,4,pass,pass,pass,unknown,unknown,unknown,,rxn_e390028107d7
SF5- + SF -> SF5- + SF,Ion-neutral elastic scattering,ion,elastic,mechanical,4,pass,pass,pass,unknown,unknown,unknown,,rxn_f3120892c9f9
SF6- + SF -> SF6- + SF,Ion-neutral elastic scattering,ion,elastic,mechanical,4,pass,pass,pass,unknown,unknown,unknown,,rxn_e37917dff2e4
S+ + SF6 -> SF+ + SF5,Ligand transfer,ion,ligand_transfer,mechanical,4,pass,pass,pass,unknown,unknown,unknown,,rxn_ec469810bcf1
SF+ + F- -> F + SF,Ion-ion mutual neutralization,ion,mutual_neutralization,mechanical,4,pass,pass,pass,pass,pass,pass,kinetics; reaction_evidence,rxn_afe0831eda14
SF+ + O- -> O + SF,Ion-ion mutual neutralization,ion,mutual_neutralization,mechanical,4,pass,pass,pass,unknown,unknown,unknown,,rxn_a437790bb933
SF+ + SF2- -> SF2 + SF,Ion-ion mutual neutralization,ion,mutual_neutralization,mechanical,4,pass,pass,pass,pass,pass,pass,kinetics; reaction_evidence,rxn_82e06ab1c0b5
SF+ + SF3- -> SF3 + SF,Ion-ion mutual neutralization,ion,mutual_neutralization,mechanical,4,pass,pass,pass,pass,pass,pass,kinetics; reaction_evidence,rxn_c80d25e1fcc4
SF+ + SF4- -> SF4 + SF,Ion-ion mutual neutralization,ion,mutual_neutralization,mechanical,4,pass,pass,pass,pass,pass,pass,kinetics; reaction_evidence,rxn_7a5da1a0ada8
SF+ + SF5- -> SF5 + SF,Ion-ion mutual neutralization,ion,mutual_neutralization,mechanical,4,pass,pass,pass,pass,pass,pass,kinetics; reaction_evidence,rxn_cb701319cbd5
SF+ + SF6- -> SF + SF6,Ion-ion mutual neutralization,ion,mutual_neutralization,mechanical,4,pass,pass,pass,pass,pass,pass,kinetics; reaction_evidence,rxn_5712fb05d036
SF+ + Ar -> S+ + Ar + F,Projectile-ion dissociation,ion,projectile_dissociation,mechanical,4,pass,pass,pass,unknown,unknown,unknown,,rxn_c62f4bede2fb
SF+ + F -> S+ + 2 F,Projectile-ion dissociation,ion,projectile_dissociation,mechanical,4,pass,pass,pass,unknown,unknown,unknown,,rxn_3f840e39dad9
SF+ + O -> S+ + F + O,Projectile-ion dissociation,ion,projectile_dissociation,mechanical,4,pass,pass,pass,unknown,unknown,unknown,,rxn_217b37b9cb73
SF+ + O2 -> S+ + F + O2,Projectile-ion dissociation,ion,projectile_dissociation,mechanical,4,pass,pass,pass,unknown,unknown,unknown,,rxn_5acfbd217ac9
SF+ + OF -> S+ + F + OF,Projectile-ion dissociation,ion,projectile_dissociation,mechanical,4,pass,pass,pass,unknown,unknown,unknown,,rxn_e6ae0b76460d
SF+ + SF -> S+ + F + SF,Projectile-ion dissociation,ion,projectile_dissociation,mechanical,4,pass,pass,pass,unknown,unknown,unknown,,rxn_393eefd51d68
SF+ + SF2 -> S+ + F + SF2,Projectile-ion dissociation,ion,projectile_dissociation,mechanical,4,pass,pass,pass,unknown,unknown,unknown,,rxn_c5f8d2876f6d
SF+ + SF3 -> S+ + F + SF3,Projectile-ion dissociation,ion,projectile_dissociation,mechanical,4,pass,pass,pass,unknown,unknown,unknown,,rxn_4fb00082f7b7
SF+ + SF4 -> S+ + F + SF4,Projectile-ion dissociation,ion,projectile_dissociation,mechanical,4,pass,pass,pass,unknown,unknown,unknown,,rxn_ba444b59b63a
SF+ + SF5 -> S+ + F + SF5,Projectile-ion dissociation,ion,projectile_dissociation,mechanical,4,pass,pass,pass,unknown,unknown,unknown,,rxn_ccc36dea1564
SF+ + SF6 -> S+ + F + SF6,Projectile-ion dissociation,ion,projectile_dissociation,mechanical,4,pass,pass,pass,unknown,unknown,unknown,,rxn_17ff01da49d1
S+ + S -> S+ + S,Resonant charge exchange,ion,resonant_charge_exchange,mechanical,4,pass,pass,pass,unknown,unknown,unknown,,rxn_467e29976587
S- + S -> S- + S,Resonant charge exchange,ion,resonant_charge_exchange,mechanical,4,pass,pass,pass,unknown,unknown,unknown,,rxn_c606cd84ef4d
SF+ + SF -> SF+ + SF,Resonant charge exchange,ion,resonant_charge_exchange,mechanical,4,pass,pass,pass,unknown,unknown,unknown,,rxn_da7c098c92cf
