id,equation,family,type,depth,consume,threshold_eV,electron_energy_cost_eV,rate_value,rate_unit,rate_basis,reverse_rate,frequency_upper_bound_s-1,relevance,delta_g_eV,status,source
e_Ar_elastic,e + Ar -> e + Ar,electron,elastic,0,cross_section,0.0,,,,,,,unknown,0.0,curated,
e_Ar_excitation_4s_lumped,e + Ar -> e + Ar_4s,electron,excitation,0,cross_section,11.6,11.6,,,,,,unknown,11.599999878283448,curated,
e_Ar_ionization,e + Ar -> 2 e + Ar+,electron,ionization,0,cross_section,15.75961,15.75961,,,,,,unknown,15.775407831330298,curated,
e_O2_elastic,e + O2 -> e + O2,electron,elastic,0,cross_section,0.0,,,,,,,unknown,0.0,curated,
e_O2_excitation_O2_a1Delta,e + O2 -> e + O2_a1Delta,electron,excitation,0,cross_section,0.977,0.977,,,,,,unknown,0.9769999897485282,curated,
e_O2_excitation_O2_b1Sigma,e + O2 -> e + O2_b1Sigma,electron,excitation,0,cross_section,1.627,1.627,,,,,,unknown,1.6269999829282042,curated,
e_O2_ionization,e + O2 -> 2 e + O2+,electron,ionization,0,cross_section,12.0697,12.0697,,,,,,unknown,,curated,
e_O2_dissociation_O_O,e + O2 -> e + 2 O,electron,dissociation,0,cross_section,5.12,5.12,,,,,,unknown,4.677816967714865,literature_supported,"J. Son et al., Plasma Chemistry and Plasma Processing 34, 239-257 (2014)."
e_O2_dissociation_O_O1D,e + O2 -> e + O + O_1D,electron,dissociation,0,cross_section,8.57,8.57,,,,,,unknown,6.6448169470755145,literature_supported,"J. Son et al., Plasma Chemistry and Plasma Processing 34, 239-257 (2014)."
e_SF6_elastic,e + SF6 -> e + SF6,electron,elastic,0,cross_section,0.0,,,,,,,unknown,0.0,curated,
e_SF6_dissociation_SF5_F,e + SF6 -> e + SF5 + F,electron,dissociation,0,cross_section,9.6,9.6,,,,,,unknown,3.3370901953466827,literature_supported,
e_SF6_dissociation_SF4_2F,e + SF6 -> e + SF4 + 2 F,electron,dissociation,0,cross_section,12.1,12.1,,,,,,unknown,5.022796508084812,literature_supported,
e_SF6_dissociation_SF3_3F,e + SF6 -> e + SF3 + 3 F,electron,dissociation,0,cross_section,15.9,15.9,,,,,,unknown,7.93378924469273,literature_supported,
e_SF6_dissociation_SF2_F2_2F,e + SF6 -> e + SF2 + F2 + 2 F,electron,dissociation,0,cross_section,18.6,18.6,,,,,,unknown,9.191654091223244,literature_supported,"A. Pateau et al., Journal of Vacuum Science & Technology A 32, 021303 (2014)."
e_SF6_dissociation_SF_F2_3F,e + SF6 -> e + SF + F2 + 3 F,electron,dissociation,0,cross_section,22.7,22.7,,,,,,unknown,12.693319179689546,literature_supported,"A. Pateau et al., Journal of Vacuum Science & Technology A 32, 021303 (2014)."
e_SF6_dissociative_ionization_SF5p_F,e + SF6 -> 2 e + SF5+ + F,electron,dissociative_ionization,0,cross_section,16.0,16.0,,,,,,unknown,14.569361976279586,literature_supported,
e_SF6_dissociative_ionization_SF4p_2F,e + SF6 -> 2 e + SF4+ + 2 F,electron,dissociative_ionization,0,cross_section,20.0,20.0,,,,,,unknown,17.194366361755755,literature_supported,"A. Pateau et al., Journal of Vacuum Science & Technology A 32, 021303 (2014)."
e_SF6_dissociative_ionization_SF3p_3F,e + SF6 -> 2 e + SF3+ + 3 F,electron,dissociative_ionization,0,cross_section,20.5,20.5,,,,,,unknown,17.29914567084043,literature_supported,"A. Pateau et al., Journal of Vacuum Science & Technology A 32, 021303 (2014)."
e_SF6_dissociative_ionization_SF2p_F2_2F,e + SF6 -> 2 e + SF2+ + F2 + 2 F,electron,dissociative_ionization,0,cross_section,28.0,28.0,,,,,,unknown,19.521987031967676,literature_supported,"A. Pateau et al., Journal of Vacuum Science & Technology A 32, 021303 (2014)."
e_SF6_dissociative_ionization_SFp_F2_3F,e + SF6 -> 2 e + SF+ + F2 + 3 F,electron,dissociative_ionization,0,cross_section,37.5,37.5,,,,,,unknown,22.839410045682392,literature_supported,"A. Pateau et al., Journal of Vacuum Science & Technology A 32, 021303 (2014)."
e_SF6_dissociative_ionization_Sp_F2_4F,e + SF6 -> 2 e + S+ + F2 + 4 F,electron,dissociative_ionization,0,cross_section,18.0,18.0,,,,,,unknown,26.26326993230503,literature_supported,"A. Pateau et al., Journal of Vacuum Science & Technology A 32, 021303 (2014)."
e_SF6_dissociative_ionization_Fp_SF4_F,e + SF6 -> 2 e + F+ + SF4 + F,electron,dissociative_ionization,0,cross_section,23.0,23.0,,,,,,unknown,22.503820985775107,literature_supported,"A. Pateau et al., Journal of Vacuum Science & Technology A 32, 021303 (2014)."
cand_e_O2_to_e_O2_v,e + O2 -> e + O2_v,electron,excitation,0,cross_section,,-0.1853,,,,,,unknown,,candidate,conservation allows this channel; no source has been consulted
cand_e_O2_v_to_e_O2,e + O2_v -> e + O2,electron,deexcitation,0,cross_section,0.0,0.0,,,,,,unknown,,candidate,conservation allows this channel; no source has been consulted
cand_e_O2_to_e_e_Op_O,e + O2 -> e + e + O+ + O,electron,dissociative_ionization,0,cross_section,,-18.783732,,,,,,unknown,,candidate,conservation allows this channel; no source has been consulted
cand_e_SF6_to_e_e_SF6p,e + SF6 -> e + e + SF6+,electron,ionization,0,cross_section,,,,,,,,unknown,,candidate,conservation allows this channel; no source has been consulted
cand_e_SF6_to_e_SF6_v,e + SF6 -> e + SF6_v,electron,excitation,0,cross_section,,,,,,,,unknown,,candidate,conservation allows this channel; no source has been consulted
cand_e_SF6_v_to_e_SF6,e + SF6_v -> e + SF6,electron,deexcitation,0,cross_section,0.0,0.0,,,,,,unknown,,candidate,conservation allows this channel; no source has been consulted
cand_e_SF6_to_e_SF6*,e + SF6 -> e + SF6*,electron,excitation,0,cross_section,,,,,,,,unknown,,candidate,conservation allows this channel; no source has been consulted
cand_e_SF6*_to_e_SF6,e + SF6* -> e + SF6,electron,deexcitation,0,cross_section,0.0,0.0,,,,,,unknown,,candidate,conservation allows this channel; no source has been consulted
cand_e_SF6_to_e_SF4_F2,e + SF6 -> e + SF4 + F2,electron,dissociation,0,cross_section,,-4.739579999999999,,,,,,unknown,3.863983460995074,candidate,conservation allows this channel; no source has been consulted
cand_e_SF6_to_e_e_SF4p_F2,e + SF6 -> e + e + SF4+ + F2,electron,dissociative_ionization,0,cross_section,,,,,,,,unknown,16.03555331466602,candidate,conservation allows this channel; no source has been consulted
cand_O2_diss_O_1S,e + O2 -> e + O + O_1S,electron,dissociation,0,cross_section,,-9.3559,,,,,,unknown,8.867562923752672,candidate,"bond energy 5.17 eV plus the 4.19 eV level; the thermodynamic limit, below any measured onset"
e_Ar4s_elastic,e + Ar_4s -> e + Ar_4s,electron,elastic,1,cross_section,0.0,,,,,,,unknown,0.0,literature_supported,
e_Ar4s_stepwise_ionization,e + Ar_4s -> 2 e + Ar+,electron,ionization,1,cross_section,4.16,4.16,,,,,,unknown,4.175407953046849,literature_supported,
e_Ar4s_superelastic,e + Ar_4s -> e + Ar,electron,deexcitation,1,cross_section,0.0,0.0,,,,,,unknown,-11.599999878283448,literature_supported,
e_F_elastic,e + F -> e + F,electron,elastic,1,cross_section,0.0,,,,,,,unknown,0.0,curated,
e_F_ionization,e + F -> 2 e + F+,electron,ionization,1,cross_section,17.42282,17.42282,,,,,,unknown,17.481024477690294,curated,
e_F2_dissociation_2F,e + F2 -> e + 2 F,electron,dissociation,1,cross_section,4.34,4.34,,,,,,unknown,1.158813047089739,literature_supported,"J. Son et al., Plasma Chemistry and Plasma Processing 34, 239-257 (2014), Table 1."
e_F2_ionization_F2p,e + F2 -> 2 e + F2+,electron,ionization,1,cross_section,15.69,15.69,,,,,,unknown,,literature_supported,"A. Pateau et al., Journal of Vacuum Science & Technology A 32, 021303 (2014)."
e_O_elastic,e + O -> e + O,electron,elastic,1,cross_section,0.0,,,,,,,unknown,0.0,literature_supported,
e_O_excitation_O_1D,e + O -> e + O_1D,electron,excitation,1,cross_section,1.967,1.967,,,,,,unknown,1.9669999793606499,curated,"J. Son et al., Plasma Chemistry and Plasma Processing 34, 239-257 (2014)."
e_O_ionization,e + O -> 2 e + O+,electron,ionization,1,cross_section,13.618055,13.618055,,,,,,unknown,,curated,
e_O_excitation_O_1S,e + O -> e + O_1S,electron,excitation,1,cross_section,4.189746,4.189746,,,,,,unknown,4.1897459560378065,literature_supported,"NIST Atomic Spectra Database, energy levels (energy1.pl)"
e_O2_a1Delta_elastic,e + O2_a1Delta -> e + O2_a1Delta,electron,elastic,1,cross_section,0.0,,,,,,,unknown,0.0,literature_supported,
e_O2_a1Delta_ionization,e + O2_a1Delta -> 2 e + O2+,electron,ionization,1,cross_section,11.0927,11.0927,,,,,,unknown,,literature_supported,
e_O2_a1Delta_superelastic,e + O2_a1Delta -> e + O2,electron,deexcitation,1,cross_section,0.0,0.0,,,,,,unknown,-0.9769999897485282,literature_supported,
e_O2_b1Sigma_elastic,e + O2_b1Sigma -> e + O2_b1Sigma,electron,elastic,1,cross_section,0.0,,,,,,,unknown,0.0,literature_supported,
e_O2_b1Sigma_ionization,e + O2_b1Sigma -> 2 e + O2+,electron,ionization,1,cross_section,10.4427,10.4427,,,,,,unknown,,literature_supported,
e_O2_b1Sigma_superelastic,e + O2_b1Sigma -> e + O2,electron,deexcitation,1,cross_section,0.0,0.0,,,,,,unknown,-1.6269999829282042,literature_supported,
e_O_1D_elastic,e + O_1D -> e + O_1D,electron,elastic,1,cross_section,0.0,,,,,,,unknown,0.0,literature_supported,
e_O_1D_ionization,e + O_1D -> 2 e + O+,electron,ionization,1,cross_section,11.6511,11.6511,,,,,,unknown,,literature_supported,
e_O_1D_superelastic,e + O_1D -> e + O,electron,deexcitation,1,cross_section,0.0,0.0,,,,,,unknown,-1.9669999793606499,literature_supported,
e_O_1S_elastic,e + O_1S -> e + O_1S,electron,elastic,1,cross_section,0.0,,,,,,,unknown,0.0,literature_supported,"NIST Atomic Spectra Database, energy levels (energy1.pl)"
e_O_1S_superelastic,e + O_1S -> e + O,electron,deexcitation,1,cross_section,0.0,0.0,,,,,,unknown,-4.1897459560378065,literature_supported,"NIST Atomic Spectra Database, energy levels (energy1.pl)"
e_SF_dissociation_S_F,e + SF -> e + S + F,electron,dissociation,1,cross_section,7.9,7.9,,,,,,unknown,0.82497948325668,literature_supported,"A. Pateau et al., Journal of Vacuum Science & Technology A 32, 021303 (2014)."
e_SF_ionization_SFp,e + SF -> 2 e + SF+,electron,ionization,1,cross_section,10.3,10.3,,,,,,unknown,10.146090865992846,literature_supported,"A. Pateau et al., Journal of Vacuum Science & Technology A 32, 021303 (2014)."
e_SF2_dissociation_SF_F,e + SF2 -> e + SF + F,electron,dissociation,1,cross_section,8.0,8.0,,,,,,unknown,3.501665088466303,literature_supported,"A. Pateau et al., Journal of Vacuum Science & Technology A 32, 021303 (2014)."
e_SF2_ionization_SF2p,e + SF2 -> 2 e + SF2+,electron,ionization,1,cross_section,10.8,10.8,,,,,,unknown,10.330332940744434,literature_supported,"A. Pateau et al., Journal of Vacuum Science & Technology A 32, 021303 (2014)."
e_SF3_dissociation_SF2_F,e + SF3 -> e + SF2 + F,electron,dissociation,1,cross_section,5.0,5.0,,,,,,unknown,2.416677893620253,literature_supported,"A. Pateau et al., Journal of Vacuum Science & Technology A 32, 021303 (2014)."
e_SF3_ionization,e + SF3 -> 2 e + SF3+,electron,ionization,1,cross_section,8.18,8.18,,,,,,unknown,9.365356426147702,literature_supported,
e_SF4_dissociation_SF3_F,e + SF4 -> e + SF3 + F,electron,dissociation,1,cross_section,8.5,8.5,,,,,,unknown,2.9109927366079167,literature_supported,"A. Pateau et al., Journal of Vacuum Science & Technology A 32, 021303 (2014)."
e_SF4_dissociative_ionization_SF3p_F,e + SF4 -> 2 e + SF3+ + F,electron,dissociative_ionization,1,cross_section,14.5,14.5,,,,,,unknown,12.276349162755622,literature_supported,"A. Pateau et al., Journal of Vacuum Science & Technology A 32, 021303 (2014)."
e_SF4_ionization,e + SF4 -> 2 e + SF4+,electron,ionization,1,cross_section,12.0,12.0,,,,,,unknown,12.171569853670947,literature_supported,
e_SF5_dissociation_SF4_F,e + SF5 -> e + SF4 + F,electron,dissociation,1,cross_section,5.0,5.0,,,,,,unknown,1.68570631273813,literature_supported,"A. Pateau et al., Journal of Vacuum Science & Technology A 32, 021303 (2014)."
e_SF5_dissociative_ionization_SF4p_F,e + SF5 -> 2 e + SF4+ + F,electron,dissociative_ionization,1,cross_section,15.0,15.0,,,,,,unknown,13.857276166409076,literature_supported,"A. Pateau et al., Journal of Vacuum Science & Technology A 32, 021303 (2014)."
e_SF5_ionization,e + SF5 -> 2 e + SF5+,electron,ionization,1,cross_section,9.6,9.6,,,,,,unknown,11.232271780932903,literature_supported,
Arp_O2_charge_transfer,Ar+ + O2 -> Ar + O2+,ion_neutral,charge_transfer,1,rate_coefficient,,,6.3e-17,m3/s,dataset,,45630.71425105149,fast,,literature_supported,
Arp_SF6_dissociative_charge_transfer_SF5p_F,Ar+ + SF6 -> Ar + SF5+ + F,ion_neutral,dissociative_charge_transfer,1,rate_coefficient,,,1.54e-15,m3/s,dataset,,1115417.4594701475,fast,-1.206045855050711,literature_supported,
Op_O2_charge_transfer,O+ + O2 -> O + O2+,ion_neutral,charge_transfer,1,rate_coefficient,,,2.1e-17,m3/s,dataset,,15210.23808368383,fast,,literature_supported,
SF5p_SF6_to_SF3p_SF6_F2,SF5+ + SF6 -> SF3+ + SF6 + F2,ion_neutral,reactive_scattering,1,rate_coefficient,,,6e-18,m3/s,dataset,,4345.782309623951,fast,1.5709706474711074,literature_supported,"A. Pateau et al., Journal of Vacuum Science & Technology A 32, 021303 (2014)."
F2_O_to_FO_F,F2 + O -> FO + F,neutral_neutral,reactive_scattering,1,rate_coefficient,,,9.999999999999999e-23,m3/s,dataset,,0.07242970516039919,slow,-0.6848389074990747,literature_supported,"J. Son et al., Plasma Chemistry and Plasma Processing 34, 239-257 (2014), Table 1."
F2_O1D_to_FO_F,F2 + O_1D -> FO + F,neutral_neutral,reactive_scattering,1,rate_coefficient,,,7.940000000000001e-18,m3/s,dataset,,5750.9185897356965,fast,-2.651838886859724,literature_supported,"J. Son et al., Plasma Chemistry and Plasma Processing 34, 239-257 (2014), Table 1."
O2a_O2_self_quenching,O2 + O2_a1Delta -> 2 O2,neutral_neutral,reactive_scattering,1,rate_coefficient,,,1.5e-24,m3/s,dataset,,0.001086445577405988,negligible,-0.9769999897485282,literature_supported,
O1D_O2_quenching_O2_b1Sigma,O_1D + O2 -> O + O2_b1Sigma,neutral_neutral,reactive_scattering,1,rate_coefficient,,,2.64e-17,m3/s,dataset,,19121.44216234539,fast,-0.33999999643244555,literature_supported,
O1D_O2_quenching_O2_a1Delta,O_1D + O2 -> O + O2_a1Delta,neutral_neutral,reactive_scattering,1,rate_coefficient,,,6.6e-18,m3/s,dataset,,4780.360540586347,fast,-0.9899999896121217,literature_supported,
SF_F2_to_SF2_F,SF + F2 -> SF2 + F,neutral_neutral,reactive_scattering,1,rate_coefficient,,,6.999999999999999e-21,m3/s,dataset,,5.0700793612279424,comparable,-2.342852041376564,literature_supported,"A. Pateau et al., Journal of Vacuum Science & Technology A 32, 021303 (2014)."
SF_O_R121,SF + O -> SO + F,neutral_neutral,reactive_scattering,1,rate_coefficient,,,1.7e-16,m3/s,dataset,,123130.49877267862,fast,-1.8227082927748417,literature_supported,"A. Pateau et al., Journal of Vacuum Science & Technology A 32, 021303 (2014)."
SF_O_R136,SF + O -> SOF,neutral_neutral,reactive_scattering,1,rate_coefficient,,,1e-16,m3/s,dataset,,72429.70516039919,fast,,literature_supported,"A. Pateau et al., Journal of Vacuum Science & Technology A 32, 021303 (2014)."
SF_O1D_R121,SF + O_1D -> SO + F,neutral_neutral,reactive_scattering,1,rate_coefficient,,,1.7e-16,m3/s,dataset,,123130.49877267862,fast,-3.789708272135492,literature_supported,"A. Pateau et al., Journal of Vacuum Science & Technology A 32, 021303 (2014)."
SF_O1D_R136,SF + O_1D -> SOF,neutral_neutral,reactive_scattering,1,rate_coefficient,,,1e-16,m3/s,dataset,,72429.70516039919,fast,,literature_supported,"A. Pateau et al., Journal of Vacuum Science & Technology A 32, 021303 (2014)."
SF_SF_to_S_SF2,SF + SF -> S + SF2,neutral_neutral,reactive_scattering,1,rate_coefficient,,,2.5e-17,m3/s,dataset,,18107.426290099796,fast,-2.6766856052096224,literature_supported,"A. Pateau et al., Journal of Vacuum Science & Technology A 32, 021303 (2014)."
SF2_F2_to_SF3_F,SF2 + F2 -> SF3 + F,neutral_neutral,reactive_scattering,1,rate_coefficient,,,6.999999999999999e-21,m3/s,dataset,,5.0700793612279424,comparable,-1.2578648465305142,literature_supported,"A. Pateau et al., Journal of Vacuum Science & Technology A 32, 021303 (2014)."
SF2_O_R120,SF2 + O -> SOF + F,neutral_neutral,reactive_scattering,1,rate_coefficient,,,1.0999999999999999e-16,m3/s,dataset,,79672.6756764391,fast,,literature_supported,"A. Pateau et al., Journal of Vacuum Science & Technology A 32, 021303 (2014)."
SF2_O_R135,SF2 + O -> SOF2,neutral_neutral,reactive_scattering,1,rate_coefficient,,,1e-16,m3/s,dataset,,72429.70516039919,fast,-4.565123010556578,literature_supported,"A. Pateau et al., Journal of Vacuum Science & Technology A 32, 021303 (2014)."
SF2_O1D_R120,SF2 + O_1D -> SOF + F,neutral_neutral,reactive_scattering,1,rate_coefficient,,,1.0999999999999999e-16,m3/s,dataset,,79672.6756764391,fast,,literature_supported,"A. Pateau et al., Journal of Vacuum Science & Technology A 32, 021303 (2014)."
SF2_O1D_R135,SF2 + O_1D -> SOF2,neutral_neutral,reactive_scattering,1,rate_coefficient,,,1e-16,m3/s,dataset,,72429.70516039919,fast,-6.5321229899172275,literature_supported,"A. Pateau et al., Journal of Vacuum Science & Technology A 32, 021303 (2014)."
SF3_F2_to_SF4_F,SF3 + F2 -> SF4 + F,neutral_neutral,reactive_scattering,1,rate_coefficient,,,6.999999999999999e-21,m3/s,dataset,,5.0700793612279424,comparable,-1.752179689518178,literature_supported,"A. Pateau et al., Journal of Vacuum Science & Technology A 32, 021303 (2014)."
SF3_O_R119,SF3 + O -> SOF2 + F,neutral_neutral,reactive_scattering,1,rate_coefficient,,,1.9999999999999998e-17,m3/s,dataset,,14485.941032079838,fast,-2.1484451169363252,literature_supported,"A. Pateau et al., Journal of Vacuum Science & Technology A 32, 021303 (2014)."
SF3_O_R134,SF3 + O -> SOF3,neutral_neutral,reactive_scattering,1,rate_coefficient,,,1e-16,m3/s,dataset,,72429.70516039919,fast,,literature_supported,"A. Pateau et al., Journal of Vacuum Science & Technology A 32, 021303 (2014)."
SF3_O1D_R119,SF3 + O_1D -> SOF2 + F,neutral_neutral,reactive_scattering,1,rate_coefficient,,,1.9999999999999998e-17,m3/s,dataset,,14485.941032079838,fast,-4.115445096296974,literature_supported,"A. Pateau et al., Journal of Vacuum Science & Technology A 32, 021303 (2014)."
SF3_O1D_R134,SF3 + O_1D -> SOF3,neutral_neutral,reactive_scattering,1,rate_coefficient,,,1e-16,m3/s,dataset,,72429.70516039919,fast,,literature_supported,"A. Pateau et al., Journal of Vacuum Science & Technology A 32, 021303 (2014)."
SF3_SF3_to_SF2_SF4,SF3 + SF3 -> SF2 + SF4,neutral_neutral,reactive_scattering,1,rate_coefficient,,,2.5e-17,m3/s,dataset,,18107.426290099796,fast,-0.4943148429876641,literature_supported,"A. Pateau et al., Journal of Vacuum Science & Technology A 32, 021303 (2014)."
SF4_F2_to_SF5_F,SF4 + F2 -> SF5 + F,neutral_neutral,reactive_scattering,1,rate_coefficient,,,6.999999999999999e-21,m3/s,dataset,,5.0700793612279424,comparable,-0.526893265648391,literature_supported,"A. Pateau et al., Journal of Vacuum Science & Technology A 32, 021303 (2014)."
SF4_O_R133,SF4 + O -> SOF4,neutral_neutral,reactive_scattering,1,rate_coefficient,,,1e-20,m3/s,dataset,,7.242970516039919,comparable,,literature_supported,"A. Pateau et al., Journal of Vacuum Science & Technology A 32, 021303 (2014)."
SF4_O1D_R133,SF4 + O_1D -> SOF4,neutral_neutral,reactive_scattering,1,rate_coefficient,,,1e-20,m3/s,dataset,,7.242970516039919,comparable,,literature_supported,"A. Pateau et al., Journal of Vacuum Science & Technology A 32, 021303 (2014)."
SF5_F2_to_SF6_F,SF5 + F2 -> SF6 + F,neutral_neutral,reactive_scattering,1,rate_coefficient,,,6.999999999999999e-21,m3/s,dataset,,5.0700793612279424,comparable,-2.1782771482569436,literature_supported,"A. Pateau et al., Journal of Vacuum Science & Technology A 32, 021303 (2014)."
SF5_O_R132,SF5 + O -> SOF4 + F,neutral_neutral,reactive_scattering,1,rate_coefficient,,,9.999999999999999e-19,m3/s,dataset,,724.2970516039918,fast,,literature_supported,"A. Pateau et al., Journal of Vacuum Science & Technology A 32, 021303 (2014)."
SF5_O1D_R132,SF5 + O_1D -> SOF4 + F,neutral_neutral,reactive_scattering,1,rate_coefficient,,,9.999999999999999e-19,m3/s,dataset,,724.2970516039918,fast,,literature_supported,"A. Pateau et al., Journal of Vacuum Science & Technology A 32, 021303 (2014)."
SF5_SF5_to_SF4_SF6,SF5 + SF5 -> SF4 + SF6,neutral_neutral,reactive_scattering,1,rate_coefficient,,,2.5e-17,m3/s,dataset,,18107.426290099796,fast,-1.6513838826085525,literature_supported,"A. Pateau et al., Journal of Vacuum Science & Technology A 32, 021303 (2014)."
cand_e_F_to_e_F*,e + F -> e + F*,electron,excitation,1,cross_section,,,,,,,,unknown,,candidate,conservation allows this channel; no source has been consulted
cand_e_F*_to_e_F,e + F* -> e + F,electron,deexcitation,1,cross_section,0.0,0.0,,,,,,unknown,,candidate,conservation allows this channel; no source has been consulted
cand_e_F2_to_e_F2,e + F2 -> e + F2,electron,elastic,1,cross_section,0.0,,,,,,,unknown,0.0,candidate,conservation allows this channel; no source has been consulted
cand_e_F2_to_e_F2_v,e + F2 -> e + F2_v,electron,excitation,1,cross_section,,-0.0991,,,,,,unknown,,candidate,conservation allows this channel; no source has been consulted
cand_e_F2_v_to_e_F2,e + F2_v -> e + F2,electron,deexcitation,1,cross_section,0.0,0.0,,,,,,unknown,,candidate,conservation allows this channel; no source has been consulted
cand_e_F2_to_e_F2*,e + F2 -> e + F2*,electron,excitation,1,cross_section,,,,,,,,unknown,,candidate,conservation allows this channel; no source has been consulted
cand_e_F2*_to_e_F2,e + F2* -> e + F2,electron,deexcitation,1,cross_section,0.0,0.0,,,,,,unknown,,candidate,conservation allows this channel; no source has been consulted
cand_e_F2_to_e_e_Fp_F,e + F2 -> e + e + F+ + F,electron,dissociative_ionization,1,cross_section,,-19.068189725314177,,,,,,unknown,18.63983752478003,candidate,conservation allows this channel; no source has been consulted
cand_e_O2_a1Delta_to_e_O_O,e + O2_a1Delta -> e + O + O,electron,dissociation,1,cross_section,,-4.189153999999999,,,,,,unknown,3.700816977966337,candidate,conservation allows this channel; no source has been consulted
cand_e_O2_a1Delta_to_e_e_Op_O,e + O2_a1Delta -> e + e + O+ + O,electron,dissociative_ionization,1,cross_section,,-17.806732,,,,,,unknown,,candidate,conservation allows this channel; no source has been consulted
cand_e_O2_b1Sigma_to_e_O_O,e + O2_b1Sigma -> e + O + O,electron,dissociation,1,cross_section,,-3.539154,,,,,,unknown,3.0508169847866604,candidate,conservation allows this channel; no source has been consulted
cand_e_O2_b1Sigma_to_e_e_Op_O,e + O2_b1Sigma -> e + e + O+ + O,electron,dissociative_ionization,1,cross_section,,-17.156732,,,,,,unknown,,candidate,conservation allows this channel; no source has been consulted
cand_e_O2_v_to_e_O2_v,e + O2_v -> e + O2_v,electron,elastic,1,cross_section,0.0,,,,,,,unknown,,candidate,conservation allows this channel; no source has been consulted
cand_e_O2_v_to_e_e_O2p,e + O2_v -> e + e + O2+,electron,ionization,1,cross_section,,-11.8844,,,,,,unknown,,candidate,conservation allows this channel; no source has been consulted
cand_e_O2_v_to_e_O_O,e + O2_v -> e + O + O,electron,dissociation,1,cross_section,,-4.980854,,,,,,unknown,,candidate,conservation allows this channel; no source has been consulted
cand_e_O2_v_to_e_e_Op_O,e + O2_v -> e + e + O+ + O,electron,dissociative_ionization,1,cross_section,,-18.598432,,,,,,unknown,,candidate,conservation allows this channel; no source has been consulted
cand_e_O_1S_to_e_e_Op,e + O_1S -> e + e + O+,electron,ionization,1,cross_section,,-9.427832000000002,,,,,,unknown,,candidate,conservation allows this channel; no source has been consulted
cand_e_SF_to_e_SF,e + SF -> e + SF,electron,elastic,1,cross_section,0.0,,,,,,,unknown,0.0,candidate,conservation allows this channel; no source has been consulted
cand_e_SF_to_e_SF_v,e + SF -> e + SF_v,electron,excitation,1,cross_section,,,,,,,,unknown,,candidate,conservation allows this channel; no source has been consulted
cand_e_SF_v_to_e_SF,e + SF_v -> e + SF,electron,deexcitation,1,cross_section,0.0,0.0,,,,,,unknown,,candidate,conservation allows this channel; no source has been consulted
cand_e_SF_to_e_SF*,e + SF -> e + SF*,electron,excitation,1,cross_section,,,,,,,,unknown,,candidate,conservation allows this channel; no source has been consulted
cand_e_SF*_to_e_SF,e + SF* -> e + SF,electron,deexcitation,1,cross_section,0.0,0.0,,,,,,unknown,,candidate,conservation allows this channel; no source has been consulted
cand_e_SF_to_e_e_Fp_S,e + SF -> e + e + F+ + S,electron,dissociative_ionization,1,cross_section,,,,,,,,unknown,18.306003960946978,candidate,conservation allows this channel; no source has been consulted
cand_e_SF2_to_e_SF2,e + SF2 -> e + SF2,electron,elastic,1,cross_section,0.0,,,,,,,unknown,0.0,candidate,conservation allows this channel; no source has been consulted
cand_e_SF2_to_e_SF2_v,e + SF2 -> e + SF2_v,electron,excitation,1,cross_section,,,,,,,,unknown,,candidate,conservation allows this channel; no source has been consulted
cand_e_SF2_v_to_e_SF2,e + SF2_v -> e + SF2,electron,deexcitation,1,cross_section,0.0,0.0,,,,,,unknown,,candidate,conservation allows this channel; no source has been consulted
cand_e_SF2_to_e_SF2*,e + SF2 -> e + SF2*,electron,excitation,1,cross_section,,,,,,,,unknown,,candidate,conservation allows this channel; no source has been consulted
cand_e_SF2*_to_e_SF2,e + SF2* -> e + SF2,electron,deexcitation,1,cross_section,0.0,0.0,,,,,,unknown,,candidate,conservation allows this channel; no source has been consulted
cand_e_SF2_to_e_e_SFp_F,e + SF2 -> e + e + SF+ + F,electron,dissociative_ionization,1,cross_section,,,,,,,,unknown,13.64775595445915,candidate,conservation allows this channel; no source has been consulted
cand_e_SF2_to_e_S_F2,e + SF2 -> e + S + F2,electron,dissociation,1,cross_section,,-5.9475370000000005,,,,,,unknown,3.1678315246332445,candidate,conservation allows this channel; no source has been consulted
cand_e_SF2_to_e_e_Sp_F2,e + SF2 -> e + e + S+ + F2,electron,dissociative_ionization,1,cross_section,,,,,,,,unknown,15.91280279399205,candidate,conservation allows this channel; no source has been consulted
cand_e_SF3_to_e_SF3,e + SF3 -> e + SF3,electron,elastic,1,cross_section,0.0,,,,,,,unknown,0.0,candidate,conservation allows this channel; no source has been consulted
cand_e_SF3_to_e_SF3_v,e + SF3 -> e + SF3_v,electron,excitation,1,cross_section,,,,,,,,unknown,,candidate,conservation allows this channel; no source has been consulted
cand_e_SF3_v_to_e_SF3,e + SF3_v -> e + SF3,electron,deexcitation,1,cross_section,0.0,0.0,,,,,,unknown,,candidate,conservation allows this channel; no source has been consulted
cand_e_SF3_to_e_SF3*,e + SF3 -> e + SF3*,electron,excitation,1,cross_section,,,,,,,,unknown,,candidate,conservation allows this channel; no source has been consulted
cand_e_SF3*_to_e_SF3,e + SF3* -> e + SF3,electron,deexcitation,1,cross_section,0.0,0.0,,,,,,unknown,,candidate,conservation allows this channel; no source has been consulted
cand_e_SF3_to_e_e_SF2p_F,e + SF3 -> e + e + SF2+ + F,electron,dissociative_ionization,1,cross_section,,,,,,,,unknown,12.747010834364685,candidate,conservation allows this channel; no source has been consulted
cand_e_SF3_to_e_SF_F2,e + SF3 -> e + SF + F2,electron,dissociation,1,cross_section,,,,,,,,unknown,4.7595299349968165,candidate,conservation allows this channel; no source has been consulted
cand_e_SF3_to_e_e_SFp_F2,e + SF3 -> e + e + SF+ + F2,electron,dissociative_ionization,1,cross_section,,,,,,,,unknown,14.905620800989665,candidate,conservation allows this channel; no source has been consulted
cand_e_SF4_to_e_SF4,e + SF4 -> e + SF4,electron,elastic,1,cross_section,0.0,,,,,,,unknown,0.0,candidate,conservation allows this channel; no source has been consulted
cand_e_SF4_to_e_SF4_v,e + SF4 -> e + SF4_v,electron,excitation,1,cross_section,,-0.07669999999999977,,,,,,unknown,,candidate,conservation allows this channel; no source has been consulted
cand_e_SF4_v_to_e_SF4,e + SF4_v -> e + SF4,electron,deexcitation,1,cross_section,0.0,0.0,,,,,,unknown,,candidate,conservation allows this channel; no source has been consulted
cand_e_SF4_to_e_SF4*,e + SF4 -> e + SF4*,electron,excitation,1,cross_section,,,,,,,,unknown,,candidate,conservation allows this channel; no source has been consulted
cand_e_SF4*_to_e_SF4,e + SF4* -> e + SF4,electron,deexcitation,1,cross_section,0.0,0.0,,,,,,unknown,,candidate,conservation allows this channel; no source has been consulted
cand_e_SF4_to_e_SF2_F2,e + SF4 -> e + SF2 + F2,electron,dissociation,1,cross_section,,-4.83545,,,,,,unknown,4.168857583138431,candidate,conservation allows this channel; no source has been consulted
cand_e_SF4_to_e_e_SF2p_F2,e + SF4 -> e + e + SF2+ + F2,electron,dissociative_ionization,1,cross_section,,,,,,,,unknown,14.499190523882866,candidate,conservation allows this channel; no source has been consulted
cand_e_SF5_to_e_SF5,e + SF5 -> e + SF5,electron,elastic,1,cross_section,0.0,,,,,,,unknown,0.0,candidate,conservation allows this channel; no source has been consulted
cand_e_SF5_to_e_SF5_v,e + SF5 -> e + SF5_v,electron,excitation,1,cross_section,,,,,,,,unknown,,candidate,conservation allows this channel; no source has been consulted
cand_e_SF5_v_to_e_SF5,e + SF5_v -> e + SF5,electron,deexcitation,1,cross_section,0.0,0.0,,,,,,unknown,,candidate,conservation allows this channel; no source has been consulted
cand_e_SF5_to_e_SF5*,e + SF5 -> e + SF5*,electron,excitation,1,cross_section,,,,,,,,unknown,,candidate,conservation allows this channel; no source has been consulted
cand_e_SF5*_to_e_SF5,e + SF5* -> e + SF5,electron,deexcitation,1,cross_section,0.0,0.0,,,,,,unknown,,candidate,conservation allows this channel; no source has been consulted
cand_e_SF5_to_e_SF3_F2,e + SF5 -> e + SF3 + F2,electron,dissociation,1,cross_section,,,,,,,,unknown,3.437886002256308,candidate,conservation allows this channel; no source has been consulted
cand_e_SF5_to_e_e_SF3p_F2,e + SF5 -> e + e + SF3+ + F2,electron,dissociative_ionization,1,cross_section,,,,,,,,unknown,12.803242428404012,candidate,conservation allows this channel; no source has been consulted
cand_e_SF6*_to_e_SF6*,e + SF6* -> e + SF6*,electron,elastic,1,cross_section,0.0,,,,,,,unknown,,candidate,conservation allows this channel; no source has been consulted
cand_e_SF6*_to_e_e_SF6p,e + SF6* -> e + e + SF6+,electron,ionization,1,cross_section,,,,,,,,unknown,,candidate,conservation allows this channel; no source has been consulted
cand_e_SF6*_to_e_SF5_F,e + SF6* -> e + SF5 + F,electron,dissociation,1,cross_section,,,,,,,,unknown,,candidate,conservation allows this channel; no source has been consulted
cand_e_SF6*_to_e_e_SF5p_F,e + SF6* -> e + e + SF5+ + F,electron,dissociative_ionization,1,cross_section,,,,,,,,unknown,,candidate,conservation allows this channel; no source has been consulted
cand_e_SF6*_to_e_SF4_F2,e + SF6* -> e + SF4 + F2,electron,dissociation,1,cross_section,,,,,,,,unknown,,candidate,conservation allows this channel; no source has been consulted
cand_e_SF6*_to_e_e_SF4p_F2,e + SF6* -> e + e + SF4+ + F2,electron,dissociative_ionization,1,cross_section,,,,,,,,unknown,,candidate,conservation allows this channel; no source has been consulted
cand_e_SF6_v_to_e_SF6_v,e + SF6_v -> e + SF6_v,electron,elastic,1,cross_section,0.0,,,,,,,unknown,,candidate,conservation allows this channel; no source has been consulted
cand_e_SF6_v_to_e_e_SF6p,e + SF6_v -> e + e + SF6+,electron,ionization,1,cross_section,,,,,,,,unknown,,candidate,conservation allows this channel; no source has been consulted
cand_e_SF6_v_to_e_SF5_F,e + SF6_v -> e + SF5 + F,electron,dissociation,1,cross_section,,,,,,,,unknown,,candidate,conservation allows this channel; no source has been consulted
cand_e_SF6_v_to_e_e_SF5p_F,e + SF6_v -> e + e + SF5+ + F,electron,dissociative_ionization,1,cross_section,,,,,,,,unknown,,candidate,conservation allows this channel; no source has been consulted
cand_e_SF6_v_to_e_SF4_F2,e + SF6_v -> e + SF4 + F2,electron,dissociation,1,cross_section,,,,,,,,unknown,,candidate,conservation allows this channel; no source has been consulted
cand_e_SF6_v_to_e_e_SF4p_F2,e + SF6_v -> e + e + SF4+ + F2,electron,dissociative_ionization,1,cross_section,,,,,,,,unknown,,candidate,conservation allows this channel; no source has been consulted
cand_SF2_diss_S_1D,e + SF2 -> e + F2 + S_1D,electron,dissociation,1,cross_section,,-7.092979000000001,,,,,,unknown,4.3132735126143436,candidate,"bond energy 5.95 eV plus the 1.15 eV level; the thermodynamic limit, below any measured onset"
cand_SF2_diss_S_1S,e + SF2 -> e + F2 + S_1S,electron,dissociation,1,cross_section,,-8.697501,,,,,,unknown,5.917795495778406,candidate,"bond energy 5.95 eV plus the 2.75 eV level; the thermodynamic limit, below any measured onset"
cand_O2_v_Ar_vt,O2_v + Ar -> O2 + Ar,neutral_neutral,vibrational_relaxation,1,rate_coefficient,0.0,,,,,,,unknown,,candidate,a heavy collision de-excites the manifold; the rate depends strongly on which partner it is
cand_O2_v_Ar_4s_vt,O2_v + Ar_4s -> O2 + Ar_4s,neutral_neutral,vibrational_relaxation,1,rate_coefficient,0.0,,,,,,,unknown,,candidate,a heavy collision de-excites the manifold; the rate depends strongly on which partner it is
cand_O2_v_F_vt,O2_v + F -> O2 + F,neutral_neutral,vibrational_relaxation,1,rate_coefficient,0.0,,,,,,,unknown,,candidate,a heavy collision de-excites the manifold; the rate depends strongly on which partner it is
cand_O2_v_F2_vt,O2_v + F2 -> O2 + F2,neutral_neutral,vibrational_relaxation,1,rate_coefficient,0.0,,,,,,,unknown,,candidate,a heavy collision de-excites the manifold; the rate depends strongly on which partner it is
cand_O2_v_O_vt,O2_v + O -> O2 + O,neutral_neutral,vibrational_relaxation,1,rate_coefficient,0.0,,,,,,,unknown,,candidate,a heavy collision de-excites the manifold; the rate depends strongly on which partner it is
cand_O2_v_O2_vt,O2_v + O2 -> O2 + O2,neutral_neutral,vibrational_relaxation,1,rate_coefficient,0.0,,,,,,,unknown,,candidate,a heavy collision de-excites the manifold; the rate depends strongly on which partner it is
cand_O2_v_O2_a1Delta_vt,O2_v + O2_a1Delta -> O2 + O2_a1Delta,neutral_neutral,vibrational_relaxation,1,rate_coefficient,0.0,,,,,,,unknown,,candidate,a heavy collision de-excites the manifold; the rate depends strongly on which partner it is
cand_O2_v_O2_b1Sigma_vt,O2_v + O2_b1Sigma -> O2 + O2_b1Sigma,neutral_neutral,vibrational_relaxation,1,rate_coefficient,0.0,,,,,,,unknown,,candidate,a heavy collision de-excites the manifold; the rate depends strongly on which partner it is
cand_O2_v_O_1D_vt,O2_v + O_1D -> O2 + O_1D,neutral_neutral,vibrational_relaxation,1,rate_coefficient,0.0,,,,,,,unknown,,candidate,a heavy collision de-excites the manifold; the rate depends strongly on which partner it is
cand_O2_v_O_1S_vt,O2_v + O_1S -> O2 + O_1S,neutral_neutral,vibrational_relaxation,1,rate_coefficient,0.0,,,,,,,unknown,,candidate,a heavy collision de-excites the manifold; the rate depends strongly on which partner it is
cand_O2_v_SF_vt,O2_v + SF -> O2 + SF,neutral_neutral,vibrational_relaxation,1,rate_coefficient,0.0,,,,,,,unknown,,candidate,a heavy collision de-excites the manifold; the rate depends strongly on which partner it is
cand_O2_v_SF2_vt,O2_v + SF2 -> O2 + SF2,neutral_neutral,vibrational_relaxation,1,rate_coefficient,0.0,,,,,,,unknown,,candidate,a heavy collision de-excites the manifold; the rate depends strongly on which partner it is
cand_O2_v_SF3_vt,O2_v + SF3 -> O2 + SF3,neutral_neutral,vibrational_relaxation,1,rate_coefficient,0.0,,,,,,,unknown,,candidate,a heavy collision de-excites the manifold; the rate depends strongly on which partner it is
cand_O2_v_SF4_vt,O2_v + SF4 -> O2 + SF4,neutral_neutral,vibrational_relaxation,1,rate_coefficient,0.0,,,,,,,unknown,,candidate,a heavy collision de-excites the manifold; the rate depends strongly on which partner it is
cand_O2_v_SF5_vt,O2_v + SF5 -> O2 + SF5,neutral_neutral,vibrational_relaxation,1,rate_coefficient,0.0,,,,,,,unknown,,candidate,a heavy collision de-excites the manifold; the rate depends strongly on which partner it is
cand_O2_v_SF6_vt,O2_v + SF6 -> O2 + SF6,neutral_neutral,vibrational_relaxation,1,rate_coefficient,0.0,,,,,,,unknown,,candidate,a heavy collision de-excites the manifold; the rate depends strongly on which partner it is
cand_O2_v_SF6*_vt,O2_v + SF6* -> O2 + SF6*,neutral_neutral,vibrational_relaxation,1,rate_coefficient,0.0,,,,,,,unknown,,candidate,a heavy collision de-excites the manifold; the rate depends strongly on which partner it is
cand_O2_v_SF6_v_vt,O2_v + SF6_v -> O2 + SF6_v,neutral_neutral,vibrational_relaxation,1,rate_coefficient,0.0,,,,,,,unknown,,candidate,a heavy collision de-excites the manifold; the rate depends strongly on which partner it is
cand_SF6_v_Ar_vt,SF6_v + Ar -> SF6 + Ar,neutral_neutral,vibrational_relaxation,1,rate_coefficient,0.0,,,,,,,unknown,,candidate,a heavy collision de-excites the manifold; the rate depends strongly on which partner it is
cand_SF6_v_Ar_4s_vt,SF6_v + Ar_4s -> SF6 + Ar_4s,neutral_neutral,vibrational_relaxation,1,rate_coefficient,0.0,,,,,,,unknown,,candidate,a heavy collision de-excites the manifold; the rate depends strongly on which partner it is
cand_SF6_v_F_vt,SF6_v + F -> SF6 + F,neutral_neutral,vibrational_relaxation,1,rate_coefficient,0.0,,,,,,,unknown,,candidate,a heavy collision de-excites the manifold; the rate depends strongly on which partner it is
cand_SF6_v_F2_vt,SF6_v + F2 -> SF6 + F2,neutral_neutral,vibrational_relaxation,1,rate_coefficient,0.0,,,,,,,unknown,,candidate,a heavy collision de-excites the manifold; the rate depends strongly on which partner it is
cand_SF6_v_O_vt,SF6_v + O -> SF6 + O,neutral_neutral,vibrational_relaxation,1,rate_coefficient,0.0,,,,,,,unknown,,candidate,a heavy collision de-excites the manifold; the rate depends strongly on which partner it is
cand_SF6_v_O2_vt,SF6_v + O2 -> SF6 + O2,neutral_neutral,vibrational_relaxation,1,rate_coefficient,0.0,,,,,,,unknown,,candidate,a heavy collision de-excites the manifold; the rate depends strongly on which partner it is
cand_SF6_v_O2_a1Delta_vt,SF6_v + O2_a1Delta -> SF6 + O2_a1Delta,neutral_neutral,vibrational_relaxation,1,rate_coefficient,0.0,,,,,,,unknown,,candidate,a heavy collision de-excites the manifold; the rate depends strongly on which partner it is
cand_SF6_v_O2_b1Sigma_vt,SF6_v + O2_b1Sigma -> SF6 + O2_b1Sigma,neutral_neutral,vibrational_relaxation,1,rate_coefficient,0.0,,,,,,,unknown,,candidate,a heavy collision de-excites the manifold; the rate depends strongly on which partner it is
cand_SF6_v_O2_v_vt,SF6_v + O2_v -> SF6 + O2_v,neutral_neutral,vibrational_relaxation,1,rate_coefficient,0.0,,,,,,,unknown,,candidate,a heavy collision de-excites the manifold; the rate depends strongly on which partner it is
cand_SF6_v_O_1D_vt,SF6_v + O_1D -> SF6 + O_1D,neutral_neutral,vibrational_relaxation,1,rate_coefficient,0.0,,,,,,,unknown,,candidate,a heavy collision de-excites the manifold; the rate depends strongly on which partner it is
cand_SF6_v_O_1S_vt,SF6_v + O_1S -> SF6 + O_1S,neutral_neutral,vibrational_relaxation,1,rate_coefficient,0.0,,,,,,,unknown,,candidate,a heavy collision de-excites the manifold; the rate depends strongly on which partner it is
cand_SF6_v_SF_vt,SF6_v + SF -> SF6 + SF,neutral_neutral,vibrational_relaxation,1,rate_coefficient,0.0,,,,,,,unknown,,candidate,a heavy collision de-excites the manifold; the rate depends strongly on which partner it is
cand_SF6_v_SF2_vt,SF6_v + SF2 -> SF6 + SF2,neutral_neutral,vibrational_relaxation,1,rate_coefficient,0.0,,,,,,,unknown,,candidate,a heavy collision de-excites the manifold; the rate depends strongly on which partner it is
cand_SF6_v_SF3_vt,SF6_v + SF3 -> SF6 + SF3,neutral_neutral,vibrational_relaxation,1,rate_coefficient,0.0,,,,,,,unknown,,candidate,a heavy collision de-excites the manifold; the rate depends strongly on which partner it is
cand_SF6_v_SF4_vt,SF6_v + SF4 -> SF6 + SF4,neutral_neutral,vibrational_relaxation,1,rate_coefficient,0.0,,,,,,,unknown,,candidate,a heavy collision de-excites the manifold; the rate depends strongly on which partner it is
cand_SF6_v_SF5_vt,SF6_v + SF5 -> SF6 + SF5,neutral_neutral,vibrational_relaxation,1,rate_coefficient,0.0,,,,,,,unknown,,candidate,a heavy collision de-excites the manifold; the rate depends strongly on which partner it is
cand_SF6_v_SF6_vt,SF6_v + SF6 -> SF6 + SF6,neutral_neutral,vibrational_relaxation,1,rate_coefficient,0.0,,,,,,,unknown,,candidate,a heavy collision de-excites the manifold; the rate depends strongly on which partner it is
cand_SF6_v_SF6*_vt,SF6_v + SF6* -> SF6 + SF6*,neutral_neutral,vibrational_relaxation,1,rate_coefficient,0.0,,,,,,,unknown,,candidate,a heavy collision de-excites the manifold; the rate depends strongly on which partner it is
cand_Arp_F_char_Ar_Fp,Ar+ + F -> Ar + F+,ion_neutral,charge_transfer,1,rate_coefficient,1.6632100000000012,,4.871223276821828e-16,m3/s,langevin_estimate,,352821.2657106786,fast,1.705616646359994,candidate,"delta H = +1.66 eV from formation enthalpies, with ion enthalpies built from the ionization energy"
cand_Arp_F2_char_Ar_F2p,Ar+ + F2 -> Ar + F2+,ion_neutral,charge_transfer,1,rate_coefficient,0.0,,,,,,,unknown,,candidate,"delta H = -0.07 eV from formation enthalpies, with ion enthalpies built from the ionization energy"
cand_Arp_F2_reac_Arp_F_F,Ar+ + F2 -> Ar+ + F + F,ion_neutral,reactive_scattering,1,rate_coefficient,1.6453100000000003,,,,,,,unknown,1.158813047089739,candidate,"delta H = +1.65 eV from formation enthalpies, with ion enthalpies built from the ionization energy"
cand_Arp_O_char_Ar_Op,Ar+ + O -> Ar + O+,ion_neutral,charge_transfer,1,rate_coefficient,0.0,,6.140783410095053e-16,m3/s,langevin_estimate,,444775.1318470554,fast,,candidate,"delta H = -2.14 eV from formation enthalpies, with ion enthalpies built from the ionization energy"
cand_Arp_O2_a1Delta_char_Ar_O2p,Ar+ + O2_a1Delta -> Ar + O2+,ion_neutral,charge_transfer,1,rate_coefficient,0.0,,6.944166251779241e-16,m3/s,langevin_estimate,,502963.9142011648,fast,,candidate,"delta H = -4.67 eV from formation enthalpies, with ion enthalpies built from the ionization energy"
cand_Arp_O2_b1Sigma_char_Ar_O2p,Ar+ + O2_b1Sigma -> Ar + O2+,ion_neutral,charge_transfer,1,rate_coefficient,0.0,,6.944166251779241e-16,m3/s,langevin_estimate,,502963.9142011648,fast,,candidate,"delta H = -5.32 eV from formation enthalpies, with ion enthalpies built from the ionization energy"
cand_Arp_O2_b1Sigma_diss_Ar_Op_O,Ar+ + O2_b1Sigma -> Ar + O+ + O,ion_neutral,dissociative_charge_transfer,1,rate_coefficient,1.3975990000000003,,6.944166251779241e-16,m3/s,langevin_estimate,,502963.9142011648,fast,,candidate,"delta H = +1.40 eV from formation enthalpies, with ion enthalpies built from the ionization energy"
cand_Arp_O2_v_char_Ar_O2p,Ar+ + O2_v -> Ar + O2+,ion_neutral,charge_transfer,1,rate_coefficient,0.0,,6.944166251779241e-16,m3/s,langevin_estimate,,502963.9142011648,fast,,candidate,"delta H = -3.69 eV from formation enthalpies, with ion enthalpies built from the ionization energy"
cand_Arp_O_1D_char_Ar_Op,Ar+ + O_1D -> Ar + O+,ion_neutral,charge_transfer,1,rate_coefficient,0.0,,6.140783410095053e-16,m3/s,langevin_estimate,,444775.1318470554,fast,,candidate,"delta H = -4.11 eV from formation enthalpies, with ion enthalpies built from the ionization energy"
cand_Arp_O_1S_char_Ar_Op,Ar+ + O_1S -> Ar + O+,ion_neutral,charge_transfer,1,rate_coefficient,0.0,,6.140783410095053e-16,m3/s,langevin_estimate,,444775.1318470554,fast,,candidate,"delta H = -6.33 eV from formation enthalpies, with ion enthalpies built from the ionization energy"
cand_Arp_SF_char_Ar_SFp,Ar+ + SF -> Ar + SF+,ion_neutral,charge_transfer,1,rate_coefficient,0.0,,,,,,,unknown,-5.62931696533745,candidate,"delta H = -5.46 eV from formation enthalpies, with ion enthalpies built from the ionization energy"
cand_Arp_SF2_char_Ar_SF2p,Ar+ + SF2 -> Ar + SF2+,ion_neutral,charge_transfer,1,rate_coefficient,0.0,,,,,,,unknown,-5.445074890585864,candidate,"delta H = -4.96 eV from formation enthalpies, with ion enthalpies built from the ionization energy"
cand_Arp_SF2_diss_Ar_Sp_F2,Ar+ + SF2 -> Ar + S+ + F2,ion_neutral,dissociative_charge_transfer,1,rate_coefficient,0.5479370000000001,,,,,,,unknown,0.13739496266175136,candidate,"delta H = +0.55 eV from formation enthalpies, with ion enthalpies built from the ionization energy"
cand_Arp_SF3_char_Ar_SF3p,Ar+ + SF3 -> Ar + SF3+,ion_neutral,charge_transfer,1,rate_coefficient,0.0,,,,,,,unknown,-6.410051405182598,candidate,"delta H = -7.58 eV from formation enthalpies, with ion enthalpies built from the ionization energy"
cand_Arp_SF4_char_Ar_SF4p,Ar+ + SF4 -> Ar + SF4+,ion_neutral,charge_transfer,1,rate_coefficient,0.0,,,,,,,unknown,-3.603837977659351,candidate,"delta H = -3.76 eV from formation enthalpies, with ion enthalpies built from the ionization energy"
cand_Arp_SF4_diss_Ar_SF2p_F2,Ar+ + SF4 -> Ar + SF2+ + F2,ion_neutral,dissociative_charge_transfer,1,rate_coefficient,0.0,,,,,,,unknown,-1.2762173074474337,candidate,"delta H = -0.12 eV from formation enthalpies, with ion enthalpies built from the ionization energy"
cand_Arp_SF5_char_Ar_SF5p,Ar+ + SF5 -> Ar + SF5+,ion_neutral,charge_transfer,1,rate_coefficient,0.0,,,,,,,unknown,-4.543136050397395,candidate,"delta H = -6.16 eV from formation enthalpies, with ion enthalpies built from the ionization energy"
cand_Arp_SF5_diss_Ar_SF4p_F,Ar+ + SF5 -> Ar + SF4+ + F,ion_neutral,dissociative_charge_transfer,1,rate_coefficient,0.0,,,,,,,unknown,-1.9181316649212212,candidate,"delta H = -1.43 eV from formation enthalpies, with ion enthalpies built from the ionization energy"
cand_Arp_SF6_char_Ar_SF6p,Ar+ + SF6 -> Ar + SF6+,ion_neutral,charge_transfer,1,rate_coefficient,0.0,,8.860671750980831e-16,m3/s,langevin_estimate,,641775.8424466196,fast,,candidate,"delta H = -0.44 eV from formation enthalpies, with ion enthalpies built from the ionization energy"
cand_Arp_SF6_diss_Ar_SF4p_F2,Ar+ + SF6 -> Ar + SF4+ + F2,ion_neutral,dissociative_charge_transfer,1,rate_coefficient,0.9799699999999998,,8.860671750980831e-16,m3/s,langevin_estimate,,641775.8424466196,fast,0.2601454833357225,candidate,"delta H = +0.98 eV from formation enthalpies, with ion enthalpies built from the ionization energy"
cand_Arp_SF6*_char_Ar_SF6p,Ar+ + SF6* -> Ar + SF6+,ion_neutral,charge_transfer,1,rate_coefficient,0.0,,8.860671750980831e-16,m3/s,langevin_estimate,,641775.8424466196,fast,,candidate,"delta H = -0.44 eV from formation enthalpies, with ion enthalpies built from the ionization energy"
cand_Arp_SF6*_diss_Ar_SF5p_F,Ar+ + SF6* -> Ar + SF5+ + F,ion_neutral,dissociative_charge_transfer,1,rate_coefficient,0.0,,8.860671750980831e-16,m3/s,langevin_estimate,,641775.8424466196,fast,,candidate,"delta H = -2.10 eV from formation enthalpies, with ion enthalpies built from the ionization energy"
cand_Arp_SF6*_diss_Ar_SF4p_F2,Ar+ + SF6* -> Ar + SF4+ + F2,ion_neutral,dissociative_charge_transfer,1,rate_coefficient,0.9799699999999998,,8.860671750980831e-16,m3/s,langevin_estimate,,641775.8424466196,fast,,candidate,"delta H = +0.98 eV from formation enthalpies, with ion enthalpies built from the ionization energy"
cand_Arp_SF6_v_char_Ar_SF6p,Ar+ + SF6_v -> Ar + SF6+,ion_neutral,charge_transfer,1,rate_coefficient,0.0,,8.860671750980831e-16,m3/s,langevin_estimate,,641775.8424466196,fast,,candidate,"delta H = -0.44 eV from formation enthalpies, with ion enthalpies built from the ionization energy"
cand_Arp_SF6_v_diss_Ar_SF5p_F,Ar+ + SF6_v -> Ar + SF5+ + F,ion_neutral,dissociative_charge_transfer,1,rate_coefficient,0.0,,8.860671750980831e-16,m3/s,langevin_estimate,,641775.8424466196,fast,,candidate,"delta H = -2.10 eV from formation enthalpies, with ion enthalpies built from the ionization energy"
cand_Arp_SF6_v_diss_Ar_SF4p_F2,Ar+ + SF6_v -> Ar + SF4+ + F2,ion_neutral,dissociative_charge_transfer,1,rate_coefficient,0.9799699999999998,,8.860671750980831e-16,m3/s,langevin_estimate,,641775.8424466196,fast,,candidate,"delta H = +0.98 eV from formation enthalpies, with ion enthalpies built from the ionization energy"
cand_Fp_Ar_char_F_Arp,F+ + Ar -> F + Ar+,ion_neutral,charge_transfer,1,rate_coefficient,0.0,,8.361443266922488e-16,m3/s,langevin_estimate,,605616.8705386008,fast,-1.7056166463599949,candidate,"delta H = -1.66 eV from formation enthalpies, with ion enthalpies built from the ionization energy"
cand_Fp_Ar_4s_char_F_Arp,F+ + Ar_4s -> F + Ar+,ion_neutral,charge_transfer,1,rate_coefficient,0.0,,8.364499722465142e-16,m3/s,langevin_estimate,,605838.2487123911,fast,-13.305616524643446,candidate,"delta H = -13.26 eV from formation enthalpies, with ion enthalpies built from the ionization energy"
cand_Fp_F2_char_F_F2p,F+ + F2 -> F + F2+,ion_neutral,charge_transfer,1,rate_coefficient,0.0,,,,,,,unknown,,candidate,"delta H = -1.73 eV from formation enthalpies, with ion enthalpies built from the ionization energy"
cand_Fp_F2_reac_Fp_F_F,F+ + F2 -> F+ + F + F,ion_neutral,reactive_scattering,1,rate_coefficient,1.6452462746858245,,,,,,,unknown,1.1588130470897393,candidate,"delta H = +1.65 eV from formation enthalpies, with ion enthalpies built from the ionization energy"
cand_Fp_O_char_F_Op,F+ + O -> F + O+,ion_neutral,charge_transfer,1,rate_coefficient,0.0,,7.042797473872429e-16,m3/s,langevin_estimate,,510107.74453698425,fast,,candidate,"delta H = -3.80 eV from formation enthalpies, with ion enthalpies built from the ionization energy"
cand_Fp_O2_char_F_O2p,F+ + O2 -> F + O2+,ion_neutral,charge_transfer,1,rate_coefficient,0.0,,8.477721066909624e-16,m3/s,langevin_estimate,,614038.8373083689,fast,,candidate,"delta H = -5.35 eV from formation enthalpies, with ion enthalpies built from the ionization energy"
cand_Fp_O2_diss_F_Op_O,F+ + O2 -> F + O+ + O,ion_neutral,dissociative_charge_transfer,1,rate_coefficient,1.3613272746858236,,8.477721066909624e-16,m3/s,langevin_estimate,,614038.8373083689,fast,,candidate,"delta H = +1.36 eV from formation enthalpies, with ion enthalpies built from the ionization energy"
cand_Fp_O2_a1Delta_char_F_O2p,F+ + O2_a1Delta -> F + O2+,ion_neutral,charge_transfer,1,rate_coefficient,0.0,,8.477721066909624e-16,m3/s,langevin_estimate,,614038.8373083689,fast,,candidate,"delta H = -6.33 eV from formation enthalpies, with ion enthalpies built from the ionization energy"
cand_Fp_O2_a1Delta_diss_F_Op_O,F+ + O2_a1Delta -> F + O+ + O,ion_neutral,dissociative_charge_transfer,1,rate_coefficient,0.3843272746858236,,8.477721066909624e-16,m3/s,langevin_estimate,,614038.8373083689,fast,,candidate,"delta H = +0.38 eV from formation enthalpies, with ion enthalpies built from the ionization energy"
cand_Fp_O2_b1Sigma_char_F_O2p,F+ + O2_b1Sigma -> F + O2+,ion_neutral,charge_transfer,1,rate_coefficient,0.0,,8.477721066909624e-16,m3/s,langevin_estimate,,614038.8373083689,fast,,candidate,"delta H = -6.98 eV from formation enthalpies, with ion enthalpies built from the ionization energy"
cand_Fp_O2_b1Sigma_diss_F_Op_O,F+ + O2_b1Sigma -> F + O+ + O,ion_neutral,dissociative_charge_transfer,1,rate_coefficient,0.0,,8.477721066909624e-16,m3/s,langevin_estimate,,614038.8373083689,fast,,candidate,"delta H = -0.27 eV from formation enthalpies, with ion enthalpies built from the ionization energy"
cand_Fp_O2_v_char_F_O2p,F+ + O2_v -> F + O2+,ion_neutral,charge_transfer,1,rate_coefficient,0.0,,8.477721066909624e-16,m3/s,langevin_estimate,,614038.8373083689,fast,,candidate,"delta H = -5.35 eV from formation enthalpies, with ion enthalpies built from the ionization energy"
cand_Fp_O2_v_diss_F_Op_O,F+ + O2_v -> F + O+ + O,ion_neutral,dissociative_charge_transfer,1,rate_coefficient,1.3613272746858236,,8.477721066909624e-16,m3/s,langevin_estimate,,614038.8373083689,fast,,candidate,"delta H = +1.36 eV from formation enthalpies, with ion enthalpies built from the ionization energy"
cand_Fp_O_1D_char_F_Op,F+ + O_1D -> F + O+,ion_neutral,charge_transfer,1,rate_coefficient,0.0,,7.042797473872429e-16,m3/s,langevin_estimate,,510107.74453698425,fast,,candidate,"delta H = -5.77 eV from formation enthalpies, with ion enthalpies built from the ionization energy"
cand_Fp_O_1S_char_F_Op,F+ + O_1S -> F + O+,ion_neutral,charge_transfer,1,rate_coefficient,0.0,,7.042797473872429e-16,m3/s,langevin_estimate,,510107.74453698425,fast,,candidate,"delta H = -7.99 eV from formation enthalpies, with ion enthalpies built from the ionization energy"
cand_Fp_SF_char_F_SFp,F+ + SF -> F + SF+,ion_neutral,charge_transfer,1,rate_coefficient,0.0,,,,,,,unknown,-7.334933611697447,candidate,"delta H = -7.12 eV from formation enthalpies, with ion enthalpies built from the ionization energy"
cand_Fp_SF2_char_F_SF2p,F+ + SF2 -> F + SF2+,ion_neutral,charge_transfer,1,rate_coefficient,0.0,,,,,,,unknown,-7.15069153694586,candidate,"delta H = -6.62 eV from formation enthalpies, with ion enthalpies built from the ionization energy"
cand_Fp_SF2_diss_F_Sp_F2,F+ + SF2 -> F + S+ + F2,ion_neutral,dissociative_charge_transfer,1,rate_coefficient,0.0,,,,,,,unknown,-1.568221683698244,candidate,"delta H = -1.12 eV from formation enthalpies, with ion enthalpies built from the ionization energy"
cand_Fp_SF3_char_F_SF3p,F+ + SF3 -> F + SF3+,ion_neutral,charge_transfer,1,rate_coefficient,0.0,,,,,,,unknown,-8.11566805154259,candidate,"delta H = -9.24 eV from formation enthalpies, with ion enthalpies built from the ionization energy"
cand_Fp_SF4_char_F_SF4p,F+ + SF4 -> F + SF4+,ion_neutral,charge_transfer,1,rate_coefficient,0.0,,,,,,,unknown,-5.309454624019348,candidate,"delta H = -5.42 eV from formation enthalpies, with ion enthalpies built from the ionization energy"
cand_Fp_SF4_diss_F_SF2p_F2,F+ + SF4 -> F + SF2+ + F2,ion_neutral,dissociative_charge_transfer,1,rate_coefficient,0.0,,,,,,,unknown,-2.981833953807427,candidate,"delta H = -1.79 eV from formation enthalpies, with ion enthalpies built from the ionization energy"
cand_Fp_SF5_char_F_SF5p,F+ + SF5 -> F + SF5+,ion_neutral,charge_transfer,1,rate_coefficient,0.0,,,,,,,unknown,-6.248752696757389,candidate,"delta H = -7.82 eV from formation enthalpies, with ion enthalpies built from the ionization energy"
cand_Fp_SF5_diss_F_SF4p_F,F+ + SF5 -> F + SF4+ + F,ion_neutral,dissociative_charge_transfer,1,rate_coefficient,0.0,,,,,,,unknown,-3.623748311281217,candidate,"delta H = -3.09 eV from formation enthalpies, with ion enthalpies built from the ionization energy"
cand_Fp_SF6_char_F_SF6p,F+ + SF6 -> F + SF6+,ion_neutral,charge_transfer,1,rate_coefficient,0.0,,1.2103503132135598e-15,m3/s,langevin_estimate,,876653.1632685495,fast,,candidate,"delta H = -2.10 eV from formation enthalpies, with ion enthalpies built from the ionization energy"
cand_Fp_SF6_diss_F_SF5p_F,F+ + SF6 -> F + SF5+ + F,ion_neutral,dissociative_charge_transfer,1,rate_coefficient,0.0,,1.2103503132135598e-15,m3/s,langevin_estimate,,876653.1632685495,fast,-2.9116625014107074,candidate,"delta H = -3.77 eV from formation enthalpies, with ion enthalpies built from the ionization energy"
cand_Fp_SF6_diss_F_SF4p_F2,F+ + SF6 -> F + SF4+ + F2,ion_neutral,dissociative_charge_transfer,1,rate_coefficient,0.0,,1.2103503132135598e-15,m3/s,langevin_estimate,,876653.1632685495,fast,-1.4454711630242734,candidate,"delta H = -0.68 eV from formation enthalpies, with ion enthalpies built from the ionization energy"
cand_Fp_SF6*_char_F_SF6p,F+ + SF6* -> F + SF6+,ion_neutral,charge_transfer,1,rate_coefficient,0.0,,1.2103503132135598e-15,m3/s,langevin_estimate,,876653.1632685495,fast,,candidate,"delta H = -2.10 eV from formation enthalpies, with ion enthalpies built from the ionization energy"
cand_Fp_SF6*_diss_F_SF5p_F,F+ + SF6* -> F + SF5+ + F,ion_neutral,dissociative_charge_transfer,1,rate_coefficient,0.0,,1.2103503132135598e-15,m3/s,langevin_estimate,,876653.1632685495,fast,,candidate,"delta H = -3.77 eV from formation enthalpies, with ion enthalpies built from the ionization energy"
cand_Fp_SF6*_diss_F_SF4p_F2,F+ + SF6* -> F + SF4+ + F2,ion_neutral,dissociative_charge_transfer,1,rate_coefficient,0.0,,1.2103503132135598e-15,m3/s,langevin_estimate,,876653.1632685495,fast,,candidate,"delta H = -0.68 eV from formation enthalpies, with ion enthalpies built from the ionization energy"
cand_Fp_SF6_v_char_F_SF6p,F+ + SF6_v -> F + SF6+,ion_neutral,charge_transfer,1,rate_coefficient,0.0,,1.2103503132135598e-15,m3/s,langevin_estimate,,876653.1632685495,fast,,candidate,"delta H = -2.10 eV from formation enthalpies, with ion enthalpies built from the ionization energy"
cand_Fp_SF6_v_diss_F_SF5p_F,F+ + SF6_v -> F + SF5+ + F,ion_neutral,dissociative_charge_transfer,1,rate_coefficient,0.0,,1.2103503132135598e-15,m3/s,langevin_estimate,,876653.1632685495,fast,,candidate,"delta H = -3.77 eV from formation enthalpies, with ion enthalpies built from the ionization energy"
cand_Fp_SF6_v_diss_F_SF4p_F2,F+ + SF6_v -> F + SF4+ + F2,ion_neutral,dissociative_charge_transfer,1,rate_coefficient,0.0,,1.2103503132135598e-15,m3/s,langevin_estimate,,876653.1632685495,fast,,candidate,"delta H = -0.68 eV from formation enthalpies, with ion enthalpies built from the ionization energy"
cand_Op_Ar_4s_char_O_Arp,O+ + Ar_4s -> O + Ar+,ion_neutral,charge_transfer,1,rate_coefficient,0.0,,8.879919716625724e-16,m3/s,langevin_estimate,,643169.9669232167,fast,,candidate,"delta H = -9.46 eV from formation enthalpies, with ion enthalpies built from the ionization energy"
cand_Op_F2_reac_Op_F_F,O+ + F2 -> O+ + F + F,ion_neutral,reactive_scattering,1,rate_coefficient,1.645785,,,,,,,unknown,,candidate,"delta H = +1.65 eV from formation enthalpies, with ion enthalpies built from the ionization energy"
cand_Op_O2_a1Delta_char_O_O2p,O+ + O2_a1Delta -> O + O2+,ion_neutral,charge_transfer,1,rate_coefficient,0.0,,8.962437720654399e-16,m3/s,langevin_estimate,,649146.7216254383,fast,,candidate,"delta H = -2.52 eV from formation enthalpies, with ion enthalpies built from the ionization energy"
cand_Op_O2_b1Sigma_char_O_O2p,O+ + O2_b1Sigma -> O + O2+,ion_neutral,charge_transfer,1,rate_coefficient,0.0,,8.962437720654399e-16,m3/s,langevin_estimate,,649146.7216254383,fast,,candidate,"delta H = -3.17 eV from formation enthalpies, with ion enthalpies built from the ionization energy"
cand_Op_O2_v_char_O_O2p,O+ + O2_v -> O + O2+,ion_neutral,charge_transfer,1,rate_coefficient,0.0,,8.962437720654399e-16,m3/s,langevin_estimate,,649146.7216254383,fast,,candidate,"delta H = -1.55 eV from formation enthalpies, with ion enthalpies built from the ionization energy"
cand_Op_SF_char_O_SFp,O+ + SF -> O + SF+,ion_neutral,charge_transfer,1,rate_coefficient,0.0,,,,,,,unknown,,candidate,"delta H = -3.32 eV from formation enthalpies, with ion enthalpies built from the ionization energy"
cand_Op_SF2_char_O_SF2p,O+ + SF2 -> O + SF2+,ion_neutral,charge_transfer,1,rate_coefficient,0.0,,,,,,,unknown,,candidate,"delta H = -2.82 eV from formation enthalpies, with ion enthalpies built from the ionization energy"
cand_Op_SF3_char_O_SF3p,O+ + SF3 -> O + SF3+,ion_neutral,charge_transfer,1,rate_coefficient,0.0,,,,,,,unknown,,candidate,"delta H = -5.44 eV from formation enthalpies, with ion enthalpies built from the ionization energy"
cand_Op_SF4_char_O_SF4p,O+ + SF4 -> O + SF4+,ion_neutral,charge_transfer,1,rate_coefficient,0.0,,,,,,,unknown,,candidate,"delta H = -1.62 eV from formation enthalpies, with ion enthalpies built from the ionization energy"
cand_Op_SF5_char_O_SF5p,O+ + SF5 -> O + SF5+,ion_neutral,charge_transfer,1,rate_coefficient,0.0,,,,,,,unknown,,candidate,"delta H = -4.02 eV from formation enthalpies, with ion enthalpies built from the ionization energy"
cand_Op_SF5_diss_O_SF4p_F,O+ + SF5 -> O + SF4+ + F,ion_neutral,dissociative_charge_transfer,1,rate_coefficient,0.7104859999999977,,,,,,,unknown,,candidate,"delta H = +0.71 eV from formation enthalpies, with ion enthalpies built from the ionization energy"
cand_Op_SF6_char_O_SF6p,O+ + SF6 -> O + SF6+,ion_neutral,charge_transfer,1,rate_coefficient,1.7024219999999985,,1.3068842464907237e-15,m3/s,langevin_estimate,,946572.4065209358,fast,,candidate,"delta H = +1.70 eV from formation enthalpies, with ion enthalpies built from the ionization energy"
cand_Op_SF6_diss_O_SF5p_F,O+ + SF6 -> O + SF5+ + F,ion_neutral,dissociative_charge_transfer,1,rate_coefficient,0.03924599999999678,,1.3068842464907237e-15,m3/s,langevin_estimate,,946572.4065209358,fast,,candidate,"delta H = +0.04 eV from formation enthalpies, with ion enthalpies built from the ionization energy"
cand_Op_SF6*_char_O_SF6p,O+ + SF6* -> O + SF6+,ion_neutral,charge_transfer,1,rate_coefficient,1.7024219999999985,,1.3068842464907237e-15,m3/s,langevin_estimate,,946572.4065209358,fast,,candidate,"delta H = +1.70 eV from formation enthalpies, with ion enthalpies built from the ionization energy"
cand_Op_SF6*_diss_O_SF5p_F,O+ + SF6* -> O + SF5+ + F,ion_neutral,dissociative_charge_transfer,1,rate_coefficient,0.03924599999999678,,1.3068842464907237e-15,m3/s,langevin_estimate,,946572.4065209358,fast,,candidate,"delta H = +0.04 eV from formation enthalpies, with ion enthalpies built from the ionization energy"
cand_Op_SF6_v_char_O_SF6p,O+ + SF6_v -> O + SF6+,ion_neutral,charge_transfer,1,rate_coefficient,1.7024219999999985,,1.3068842464907237e-15,m3/s,langevin_estimate,,946572.4065209358,fast,,candidate,"delta H = +1.70 eV from formation enthalpies, with ion enthalpies built from the ionization energy"
cand_Op_SF6_v_diss_O_SF5p_F,O+ + SF6_v -> O + SF5+ + F,ion_neutral,dissociative_charge_transfer,1,rate_coefficient,0.03924599999999678,,1.3068842464907237e-15,m3/s,langevin_estimate,,946572.4065209358,fast,,candidate,"delta H = +0.04 eV from formation enthalpies, with ion enthalpies built from the ionization energy"
cand_O2p_Ar_4s_char_O2_Arp,O2+ + Ar_4s -> O2 + Ar+,ion_neutral,charge_transfer,1,rate_coefficient,0.0,,7.120435863506108e-16,m3/s,langevin_estimate,,515731.0702072798,fast,,candidate,"delta H = -7.91 eV from formation enthalpies, with ion enthalpies built from the ionization energy"
cand_O2p_Ar_4s_diss_Op_O_Ar,O2+ + Ar_4s -> O+ + O + Ar,ion_neutral,dissociative_charge_transfer,1,rate_coefficient,0.0,,7.120435863506108e-16,m3/s,langevin_estimate,,515731.0702072798,fast,,candidate,"delta H = -4.89 eV from formation enthalpies, with ion enthalpies built from the ionization energy"
cand_O2p_Ar_4s_diss_O_O_Arp,O2+ + Ar_4s -> O + O + Ar+,ion_neutral,dissociative_charge_transfer,1,rate_coefficient,0.0,,7.120435863506108e-16,m3/s,langevin_estimate,,515731.0702072798,fast,,candidate,"delta H = -2.74 eV from formation enthalpies, with ion enthalpies built from the ionization energy"
cand_O2p_F2_reac_O2p_F_F,O2+ + F2 -> O2+ + F + F,ion_neutral,reactive_scattering,1,rate_coefficient,1.645308,,,,,,,unknown,,candidate,"delta H = +1.65 eV from formation enthalpies, with ion enthalpies built from the ionization energy"
cand_O2p_O_char_O2_Op,O2+ + O -> O2 + O+,ion_neutral,charge_transfer,1,rate_coefficient,1.5483550000000008,,6.355172768326321e-16,m3/s,langevin_estimate,,460303.2898532733,fast,,candidate,"delta H = +1.55 eV from formation enthalpies, with ion enthalpies built from the ionization energy"
cand_O2p_O_1D_char_O2_Op,O2+ + O_1D -> O2 + O+,ion_neutral,charge_transfer,1,rate_coefficient,0.0,,6.355172768326321e-16,m3/s,langevin_estimate,,460303.2898532733,fast,,candidate,"delta H = -0.42 eV from formation enthalpies, with ion enthalpies built from the ionization energy"
cand_O2p_O_1S_char_O2_Op,O2+ + O_1S -> O2 + O+,ion_neutral,charge_transfer,1,rate_coefficient,0.0,,6.355172768326321e-16,m3/s,langevin_estimate,,460303.2898532733,fast,,candidate,"delta H = -2.64 eV from formation enthalpies, with ion enthalpies built from the ionization energy"
cand_O2p_SF_char_O2_SFp,O2+ + SF -> O2 + SF+,ion_neutral,charge_transfer,1,rate_coefficient,0.0,,,,,,,unknown,,candidate,"delta H = -1.77 eV from formation enthalpies, with ion enthalpies built from the ionization energy"
cand_O2p_SF2_char_O2_SF2p,O2+ + SF2 -> O2 + SF2+,ion_neutral,charge_transfer,1,rate_coefficient,0.0,,,,,,,unknown,,candidate,"delta H = -1.27 eV from formation enthalpies, with ion enthalpies built from the ionization energy"
cand_O2p_SF3_char_O2_SF3p,O2+ + SF3 -> O2 + SF3+,ion_neutral,charge_transfer,1,rate_coefficient,0.0,,,,,,,unknown,,candidate,"delta H = -3.89 eV from formation enthalpies, with ion enthalpies built from the ionization energy"
cand_O2p_SF3_diss_O_O_SF3p,O2+ + SF3 -> O + O + SF3+,ion_neutral,dissociative_charge_transfer,1,rate_coefficient,1.2764539999999993,,,,,,,unknown,,candidate,"delta H = +1.28 eV from formation enthalpies, with ion enthalpies built from the ionization energy"
cand_O2p_SF4_char_O2_SF4p,O2+ + SF4 -> O2 + SF4+,ion_neutral,charge_transfer,1,rate_coefficient,0.0,,,,,,,unknown,,candidate,"delta H = -0.07 eV from formation enthalpies, with ion enthalpies built from the ionization energy"
cand_O2p_SF5_char_O2_SF5p,O2+ + SF5 -> O2 + SF5+,ion_neutral,charge_transfer,1,rate_coefficient,0.0,,,,,,,unknown,,candidate,"delta H = -2.47 eV from formation enthalpies, with ion enthalpies built from the ionization energy"
cand_O2p_SF6_diss_O2_SF5p_F,O2+ + SF6 -> O2 + SF5+ + F,ion_neutral,dissociative_charge_transfer,1,rate_coefficient,1.5871239999999993,,9.686428519064863e-16,m3/s,langevin_estimate,,701585.1616931502,fast,,candidate,"delta H = +1.59 eV from formation enthalpies, with ion enthalpies built from the ionization energy"
cand_O2p_SF6*_diss_O2_SF5p_F,O2+ + SF6* -> O2 + SF5+ + F,ion_neutral,dissociative_charge_transfer,1,rate_coefficient,1.5871239999999993,,9.686428519064863e-16,m3/s,langevin_estimate,,701585.1616931502,fast,,candidate,"delta H = +1.59 eV from formation enthalpies, with ion enthalpies built from the ionization energy"
cand_O2p_SF6_v_diss_O2_SF5p_F,O2+ + SF6_v -> O2 + SF5+ + F,ion_neutral,dissociative_charge_transfer,1,rate_coefficient,1.5871239999999993,,9.686428519064863e-16,m3/s,langevin_estimate,,701585.1616931502,fast,,candidate,"delta H = +1.59 eV from formation enthalpies, with ion enthalpies built from the ionization energy"
cand_Sp_Ar_4s_char_S_Arp,S+ + Ar_4s -> S + Ar+,ion_neutral,charge_transfer,1,rate_coefficient,0.0,,7.116661236363663e-16,m3/s,langevin_estimate,,515457.67507626204,fast,-8.569563316311957,candidate,"delta H = -6.20 eV from formation enthalpies, with ion enthalpies built from the ionization energy"
cand_Sp_F2_reac_Sp_F_F,S+ + F2 -> S+ + F + F,ion_neutral,reactive_scattering,1,rate_coefficient,1.645308,,,,,,,unknown,1.158813047089739,candidate,"delta H = +1.65 eV from formation enthalpies, with ion enthalpies built from the ionization energy"
cand_Sp_O2_char_S_O2p,S+ + O2 -> S + O2+,ion_neutral,charge_transfer,1,rate_coefficient,1.7096899999999984,,7.314254305063956e-16,m3/s,langevin_estimate,,529769.2827839628,fast,,candidate,"delta H = +1.71 eV from formation enthalpies, with ion enthalpies built from the ionization energy"
cand_Sp_O2_a1Delta_char_S_O2p,S+ + O2_a1Delta -> S + O2+,ion_neutral,charge_transfer,1,rate_coefficient,0.7326899999999984,,7.314254305063956e-16,m3/s,langevin_estimate,,529769.2827839628,fast,,candidate,"delta H = +0.73 eV from formation enthalpies, with ion enthalpies built from the ionization energy"
cand_Sp_O2_b1Sigma_char_S_O2p,S+ + O2_b1Sigma -> S + O2+,ion_neutral,charge_transfer,1,rate_coefficient,0.08268999999999838,,7.314254305063956e-16,m3/s,langevin_estimate,,529769.2827839628,fast,,candidate,"delta H = +0.08 eV from formation enthalpies, with ion enthalpies built from the ionization energy"
cand_Sp_O2_v_char_S_O2p,S+ + O2_v -> S + O2+,ion_neutral,charge_transfer,1,rate_coefficient,1.7096899999999984,,7.314254305063956e-16,m3/s,langevin_estimate,,529769.2827839628,fast,,candidate,"delta H = +1.71 eV from formation enthalpies, with ion enthalpies built from the ionization energy"
cand_Sp_O_1D_char_S_Op,S+ + O_1D -> S + O+,ion_neutral,charge_transfer,1,rate_coefficient,1.2915219999999987,,6.353150467976499e-16,m3/s,langevin_estimate,,460156.8152351899,fast,,candidate,"delta H = +1.29 eV from formation enthalpies, with ion enthalpies built from the ionization energy"
cand_Sp_O_1S_char_S_Op,S+ + O_1S -> S + O+,ion_neutral,charge_transfer,1,rate_coefficient,0.0,,6.353150467976499e-16,m3/s,langevin_estimate,,460156.8152351899,fast,,candidate,"delta H = -0.93 eV from formation enthalpies, with ion enthalpies built from the ionization energy"
cand_Sp_SF_char_S_SFp,S+ + SF -> S + SF+,ion_neutral,charge_transfer,1,rate_coefficient,0.0,,,,,,,unknown,-2.5988804033659574,candidate,"delta H = -0.06 eV from formation enthalpies, with ion enthalpies built from the ionization energy"
cand_Sp_SF2_char_S_SF2p,S+ + SF2 -> S + SF2+,ion_neutral,charge_transfer,1,rate_coefficient,0.4399899999999999,,,,,,,unknown,-2.414638328614371,candidate,"delta H = +0.44 eV from formation enthalpies, with ion enthalpies built from the ionization energy"
cand_Sp_SF3_char_S_SF3p,S+ + SF3 -> S + SF3+,ion_neutral,charge_transfer,1,rate_coefficient,0.0,,,,,,,unknown,-3.379614843211102,candidate,"delta H = -2.18 eV from formation enthalpies, with ion enthalpies built from the ionization energy"
cand_Sp_SF4_char_S_SF4p,S+ + SF4 -> S + SF4+,ion_neutral,charge_transfer,1,rate_coefficient,1.6399899999999992,,,,,,,unknown,-0.5734014156878585,candidate,"delta H = +1.64 eV from formation enthalpies, with ion enthalpies built from the ionization energy"
cand_Sp_SF5_char_S_SF5p,S+ + SF5 -> S + SF5+,ion_neutral,charge_transfer,1,rate_coefficient,0.0,,,,,,,unknown,-1.5126994884259006,candidate,"delta H = -0.76 eV from formation enthalpies, with ion enthalpies built from the ionization energy"
cand_SFp_Ar_4s_char_SF_Arp,SF+ + Ar_4s -> SF + Ar+,ion_neutral,charge_transfer,1,rate_coefficient,0.0,,6.33971528563383e-16,m3/s,langevin_estimate,,459183.7089393342,fast,-5.970682912945997,candidate,"delta H = -6.14 eV from formation enthalpies, with ion enthalpies built from the ionization energy"
cand_SFp_F2_reac_SFp_F_F,SF+ + F2 -> SF+ + F + F,ion_neutral,reactive_scattering,1,rate_coefficient,1.645308,,,,,,,unknown,1.158813047089739,candidate,"delta H = +1.65 eV from formation enthalpies, with ion enthalpies built from the ionization energy"
cand_SFp_O2_char_SF_O2p,SF+ + O2 -> SF + O2+,ion_neutral,charge_transfer,1,rate_coefficient,1.7696999999999985,,6.599593045516211e-16,m3/s,langevin_estimate,,478006.57846536016,fast,,candidate,"delta H = +1.77 eV from formation enthalpies, with ion enthalpies built from the ionization energy"
cand_SFp_O2_a1Delta_char_SF_O2p,SF+ + O2_a1Delta -> SF + O2+,ion_neutral,charge_transfer,1,rate_coefficient,0.7926999999999985,,6.599593045516211e-16,m3/s,langevin_estimate,,478006.57846536016,fast,,candidate,"delta H = +0.79 eV from formation enthalpies, with ion enthalpies built from the ionization energy"
cand_SFp_O2_b1Sigma_char_SF_O2p,SF+ + O2_b1Sigma -> SF + O2+,ion_neutral,charge_transfer,1,rate_coefficient,0.1426999999999985,,6.599593045516211e-16,m3/s,langevin_estimate,,478006.57846536016,fast,,candidate,"delta H = +0.14 eV from formation enthalpies, with ion enthalpies built from the ionization energy"
cand_SFp_O2_v_char_SF_O2p,SF+ + O2_v -> SF + O2+,ion_neutral,charge_transfer,1,rate_coefficient,1.7696999999999985,,6.599593045516211e-16,m3/s,langevin_estimate,,478006.57846536016,fast,,candidate,"delta H = +1.77 eV from formation enthalpies, with ion enthalpies built from the ionization energy"
cand_SFp_O_1D_char_SF_Op,SF+ + O_1D -> SF + O+,ion_neutral,charge_transfer,1,rate_coefficient,1.3515319999999988,,5.946651717107634e-16,m3/s,langevin_estimate,,430714.23056168755,fast,,candidate,"delta H = +1.35 eV from formation enthalpies, with ion enthalpies built from the ionization energy"
cand_SFp_O_1S_char_SF_Op,SF+ + O_1S -> SF + O+,ion_neutral,charge_transfer,1,rate_coefficient,0.0,,5.946651717107634e-16,m3/s,langevin_estimate,,430714.23056168755,fast,,candidate,"delta H = -0.87 eV from formation enthalpies, with ion enthalpies built from the ionization energy"
cand_SFp_SF2_char_SF_SF2p,SF+ + SF2 -> SF + SF2+,ion_neutral,charge_transfer,1,rate_coefficient,0.5,,,,,,,unknown,0.18424207475158705,candidate,"delta H = +0.50 eV from formation enthalpies, with ion enthalpies built from the ionization energy"
cand_SFp_SF3_char_SF_SF3p,SF+ + SF3 -> SF + SF3+,ion_neutral,charge_transfer,1,rate_coefficient,0.0,,,,,,,unknown,-0.7807344398451439,candidate,"delta H = -2.12 eV from formation enthalpies, with ion enthalpies built from the ionization energy"
cand_SFp_SF4_char_SF_SF4p,SF+ + SF4 -> SF + SF4+,ion_neutral,charge_transfer,1,rate_coefficient,1.6999999999999993,,,,,,,unknown,2.0254789876781003,candidate,"delta H = +1.70 eV from formation enthalpies, with ion enthalpies built from the ionization energy"
cand_SFp_SF5_char_SF_SF5p,SF+ + SF5 -> SF + SF5+,ion_neutral,charge_transfer,1,rate_coefficient,0.0,,,,,,,unknown,1.086180914940057,candidate,"delta H = -0.70 eV from formation enthalpies, with ion enthalpies built from the ionization energy"
cand_SF2p_Ar_4s_char_SF2_Arp,SF2+ + Ar_4s -> SF2 + Ar+,ion_neutral,charge_transfer,1,rate_coefficient,0.0,,5.95042251692547e-16,m3/s,langevin_estimate,,430987.3484807123,fast,-6.154924987697585,candidate,"delta H = -6.64 eV from formation enthalpies, with ion enthalpies built from the ionization energy"
cand_SF2p_Ar_4s_diss_Sp_F2_Ar,SF2+ + Ar_4s -> S+ + F2 + Ar,ion_neutral,dissociative_charge_transfer,1,rate_coefficient,0.0,,5.95042251692547e-16,m3/s,langevin_estimate,,430987.3484807123,fast,-6.017530025035834,candidate,"delta H = -6.09 eV from formation enthalpies, with ion enthalpies built from the ionization energy"
cand_SF2p_Ar_4s_diss_S_F2p_Ar,SF2+ + Ar_4s -> S + F2+ + Ar,ion_neutral,dissociative_charge_transfer,1,rate_coefficient,0.0,,5.95042251692547e-16,m3/s,langevin_estimate,,430987.3484807123,fast,,candidate,"delta H = -0.76 eV from formation enthalpies, with ion enthalpies built from the ionization energy"
cand_SF2p_Ar_4s_diss_S_F2_Arp,SF2+ + Ar_4s -> S + F2 + Ar+,ion_neutral,dissociative_charge_transfer,1,rate_coefficient,0.0,,5.95042251692547e-16,m3/s,langevin_estimate,,430987.3484807123,fast,-2.987093463064341,candidate,"delta H = -0.69 eV from formation enthalpies, with ion enthalpies built from the ionization energy"
cand_SF2p_F2_reac_SF2p_F_F,SF2+ + F2 -> SF2+ + F + F,ion_neutral,reactive_scattering,1,rate_coefficient,1.645308,,,,,,,unknown,1.1588130470897398,candidate,"delta H = +1.65 eV from formation enthalpies, with ion enthalpies built from the ionization energy"
cand_SF2p_O2_char_SF2_O2p,SF2+ + O2 -> SF2 + O2+,ion_neutral,charge_transfer,1,rate_coefficient,1.2696999999999985,,6.245326420513941e-16,m3/s,langevin_estimate,,452347.151268276,fast,,candidate,"delta H = +1.27 eV from formation enthalpies, with ion enthalpies built from the ionization energy"
cand_SF2p_O2_a1Delta_char_SF2_O2p,SF2+ + O2_a1Delta -> SF2 + O2+,ion_neutral,charge_transfer,1,rate_coefficient,0.2926999999999985,,6.245326420513941e-16,m3/s,langevin_estimate,,452347.151268276,fast,,candidate,"delta H = +0.29 eV from formation enthalpies, with ion enthalpies built from the ionization energy"
cand_SF2p_O2_b1Sigma_char_SF2_O2p,SF2+ + O2_b1Sigma -> SF2 + O2+,ion_neutral,charge_transfer,1,rate_coefficient,0.0,,6.245326420513941e-16,m3/s,langevin_estimate,,452347.151268276,fast,,candidate,"delta H = -0.36 eV from formation enthalpies, with ion enthalpies built from the ionization energy"
cand_SF2p_O2_v_char_SF2_O2p,SF2+ + O2_v -> SF2 + O2+,ion_neutral,charge_transfer,1,rate_coefficient,1.2696999999999985,,6.245326420513941e-16,m3/s,langevin_estimate,,452347.151268276,fast,,candidate,"delta H = +1.27 eV from formation enthalpies, with ion enthalpies built from the ionization energy"
cand_SF2p_O_1D_char_SF2_Op,SF2+ + O_1D -> SF2 + O+,ion_neutral,charge_transfer,1,rate_coefficient,0.8515319999999988,,5.751050784586969e-16,m3/s,langevin_estimate,,416546.9126901166,fast,,candidate,"delta H = +0.85 eV from formation enthalpies, with ion enthalpies built from the ionization energy"
cand_SF2p_O_1S_char_SF2_Op,SF2+ + O_1S -> SF2 + O+,ion_neutral,charge_transfer,1,rate_coefficient,0.0,,5.751050784586969e-16,m3/s,langevin_estimate,,416546.9126901166,fast,,candidate,"delta H = -1.37 eV from formation enthalpies, with ion enthalpies built from the ionization energy"
cand_SF2p_O_1S_diss_Sp_F2_O,SF2+ + O_1S -> S+ + F2 + O,ion_neutral,dissociative_charge_transfer,1,rate_coefficient,1.3178010000000002,,5.751050784586969e-16,m3/s,langevin_estimate,,416546.9126901166,fast,1.3927238972098084,candidate,"delta H = +1.32 eV from formation enthalpies, with ion enthalpies built from the ionization energy"
cand_SF2p_SF_char_SF2_SFp,SF2+ + SF -> SF2 + SF+,ion_neutral,charge_transfer,1,rate_coefficient,0.0,,,,,,,unknown,-0.1842420747515876,candidate,"delta H = -0.50 eV from formation enthalpies, with ion enthalpies built from the ionization energy"
cand_SF2p_SF3_char_SF2_SF3p,SF2+ + SF3 -> SF2 + SF3+,ion_neutral,charge_transfer,1,rate_coefficient,0.0,,,,,,,unknown,-0.9649765145967305,candidate,"delta H = -2.62 eV from formation enthalpies, with ion enthalpies built from the ionization energy"
cand_SF2p_SF4_char_SF2_SF4p,SF2+ + SF4 -> SF2 + SF4+,ion_neutral,charge_transfer,1,rate_coefficient,1.1999999999999993,,,,,,,unknown,1.8412369129265127,candidate,"delta H = +1.20 eV from formation enthalpies, with ion enthalpies built from the ionization energy"
cand_SF2p_SF5_char_SF2_SF5p,SF2+ + SF5 -> SF2 + SF5+,ion_neutral,charge_transfer,1,rate_coefficient,0.0,,,,,,,unknown,0.9019388401884695,candidate,"delta H = -1.20 eV from formation enthalpies, with ion enthalpies built from the ionization energy"
cand_SF3p_Ar_4s_char_SF3_Arp,SF3+ + Ar_4s -> SF3 + Ar+,ion_neutral,charge_transfer,1,rate_coefficient,0.0,,5.715210774219903e-16,m3/s,langevin_estimate,,413951.03130628436,fast,-5.189948473100853,candidate,"delta H = -4.02 eV from formation enthalpies, with ion enthalpies built from the ionization energy"
cand_SF3p_F2_reac_SF3p_F_F,SF3+ + F2 -> SF3+ + F + F,ion_neutral,reactive_scattering,1,rate_coefficient,1.645308,,,,,,,unknown,1.1588130470897389,candidate,"delta H = +1.65 eV from formation enthalpies, with ion enthalpies built from the ionization energy"
cand_SF3p_O_1S_char_SF3_Op,SF3+ + O_1S -> SF3 + O+,ion_neutral,charge_transfer,1,rate_coefficient,1.248309,,5.635811204524278e-16,m3/s,langevin_estimate,,408200.14388336765,fast,,candidate,"delta H = +1.25 eV from formation enthalpies, with ion enthalpies built from the ionization energy"
cand_SF3p_SF5_char_SF3_SF5p,SF3+ + SF5 -> SF3 + SF5+,ion_neutral,charge_transfer,1,rate_coefficient,1.42,,,,,,,unknown,1.8669153547852009,candidate,"delta H = +1.42 eV from formation enthalpies, with ion enthalpies built from the ionization energy"
cand_SF4p_Ar_4s_char_SF4_Arp,SF4+ + Ar_4s -> SF4 + Ar+,ion_neutral,charge_transfer,1,rate_coefficient,0.0,,5.557462872066667e-16,m3/s,langevin_estimate,,402525.397263654,fast,-7.996161900624097,candidate,"delta H = -7.84 eV from formation enthalpies, with ion enthalpies built from the ionization energy"
cand_SF4p_Ar_4s_diss_SF2p_F2_Ar,SF4+ + Ar_4s -> SF2+ + F2 + Ar,ion_neutral,dissociative_charge_transfer,1,rate_coefficient,0.0,,5.557462872066667e-16,m3/s,langevin_estimate,,402525.397263654,fast,-9.27237920807153,candidate,"delta H = -7.96 eV from formation enthalpies, with ion enthalpies built from the ionization energy"
cand_SF4p_Ar_4s_diss_SF2_F2p_Ar,SF4+ + Ar_4s -> SF2 + F2+ + Ar,ion_neutral,dissociative_charge_transfer,1,rate_coefficient,0.0,,5.557462872066667e-16,m3/s,langevin_estimate,,402525.397263654,fast,,candidate,"delta H = -3.07 eV from formation enthalpies, with ion enthalpies built from the ionization energy"
cand_SF4p_Ar_4s_diss_SF2_F2_Arp,SF4+ + Ar_4s -> SF2 + F2 + Ar+,ion_neutral,dissociative_charge_transfer,1,rate_coefficient,0.0,,5.557462872066667e-16,m3/s,langevin_estimate,,402525.397263654,fast,-3.827304317485666,candidate,"delta H = -3.00 eV from formation enthalpies, with ion enthalpies built from the ionization energy"
cand_SF4p_F2_reac_SF4p_F_F,SF4+ + F2 -> SF4+ + F + F,ion_neutral,reactive_scattering,1,rate_coefficient,1.645308,,,,,,,unknown,1.1588130470897384,candidate,"delta H = +1.65 eV from formation enthalpies, with ion enthalpies built from the ionization energy"
cand_SF4p_O_char_SF4_Op,SF4+ + O -> SF4 + O+,ion_neutral,charge_transfer,1,rate_coefficient,1.618055,,5.559852229421144e-16,m3/s,langevin_estimate,,402698.4577123616,fast,,candidate,"delta H = +1.62 eV from formation enthalpies, with ion enthalpies built from the ionization energy"
cand_SF4p_O2_char_SF4_O2p,SF4+ + O2 -> SF4 + O2+,ion_neutral,charge_transfer,1,rate_coefficient,0.06969999999999921,,5.890931726012339e-16,m3/s,langevin_estimate,,426678.44803511526,fast,,candidate,"delta H = +0.07 eV from formation enthalpies, with ion enthalpies built from the ionization energy"
cand_SF4p_O2_a1Delta_char_SF4_O2p,SF4+ + O2_a1Delta -> SF4 + O2+,ion_neutral,charge_transfer,1,rate_coefficient,0.0,,5.890931726012339e-16,m3/s,langevin_estimate,,426678.44803511526,fast,,candidate,"delta H = -0.91 eV from formation enthalpies, with ion enthalpies built from the ionization energy"
cand_SF4p_O2_b1Sigma_char_SF4_O2p,SF4+ + O2_b1Sigma -> SF4 + O2+,ion_neutral,charge_transfer,1,rate_coefficient,0.0,,5.890931726012339e-16,m3/s,langevin_estimate,,426678.44803511526,fast,,candidate,"delta H = -1.56 eV from formation enthalpies, with ion enthalpies built from the ionization energy"
cand_SF4p_O2_v_char_SF4_O2p,SF4+ + O2_v -> SF4 + O2+,ion_neutral,charge_transfer,1,rate_coefficient,0.06969999999999921,,5.890931726012339e-16,m3/s,langevin_estimate,,426678.44803511526,fast,,candidate,"delta H = +0.07 eV from formation enthalpies, with ion enthalpies built from the ionization energy"
cand_SF4p_O_1D_char_SF4_Op,SF4+ + O_1D -> SF4 + O+,ion_neutral,charge_transfer,1,rate_coefficient,0.0,,5.559852229421144e-16,m3/s,langevin_estimate,,402698.4577123616,fast,,candidate,"delta H = -0.35 eV from formation enthalpies, with ion enthalpies built from the ionization energy"
cand_SF4p_O_1D_diss_SF2p_F2_O,SF4+ + O_1D -> SF2+ + F2 + O,ion_neutral,dissociative_charge_transfer,1,rate_coefficient,1.668927,,5.559852229421144e-16,m3/s,langevin_estimate,,402698.4577123616,fast,0.36062069085126885,candidate,"delta H = +1.67 eV from formation enthalpies, with ion enthalpies built from the ionization energy"
cand_SF4p_O_1S_char_SF4_Op,SF4+ + O_1S -> SF4 + O+,ion_neutral,charge_transfer,1,rate_coefficient,0.0,,5.559852229421144e-16,m3/s,langevin_estimate,,402698.4577123616,fast,,candidate,"delta H = -2.57 eV from formation enthalpies, with ion enthalpies built from the ionization energy"
cand_SF4p_O_1S_diss_SF2p_F2_O,SF4+ + O_1S -> SF2+ + F2 + O,ion_neutral,dissociative_charge_transfer,1,rate_coefficient,0.0,,5.559852229421144e-16,m3/s,langevin_estimate,,402698.4577123616,fast,-1.862125285825888,candidate,"delta H = -0.55 eV from formation enthalpies, with ion enthalpies built from the ionization energy"
cand_SF4p_SF_char_SF4_SFp,SF4+ + SF -> SF4 + SF+,ion_neutral,charge_transfer,1,rate_coefficient,0.0,,,,,,,unknown,-2.0254789876780994,candidate,"delta H = -1.70 eV from formation enthalpies, with ion enthalpies built from the ionization energy"
cand_SF4p_SF2_char_SF4_SF2p,SF4+ + SF2 -> SF4 + SF2+,ion_neutral,charge_transfer,1,rate_coefficient,0.0,,,,,,,unknown,-1.8412369129265131,candidate,"delta H = -1.20 eV from formation enthalpies, with ion enthalpies built from the ionization energy"
cand_SF4p_SF3_char_SF4_SF3p,SF4+ + SF3 -> SF4 + SF3+,ion_neutral,charge_transfer,1,rate_coefficient,0.0,,,,,,,unknown,-2.806213427523243,candidate,"delta H = -3.82 eV from formation enthalpies, with ion enthalpies built from the ionization energy"
cand_SF4p_SF3_diss_SF2_F2_SF3p,SF4+ + SF3 -> SF2 + F2 + SF3+,ion_neutral,dissociative_charge_transfer,1,rate_coefficient,1.0154499999999995,,,,,,,unknown,1.3626441556151876,candidate,"delta H = +1.02 eV from formation enthalpies, with ion enthalpies built from the ionization energy"
cand_SF4p_SF5_char_SF4_SF5p,SF4+ + SF5 -> SF4 + SF5+,ion_neutral,charge_transfer,1,rate_coefficient,0.0,,,,,,,unknown,-0.9392980727380422,candidate,"delta H = -2.40 eV from formation enthalpies, with ion enthalpies built from the ionization energy"
cand_SF4p_SF6_diss_SF4_SF5p_F,SF4+ + SF6 -> SF4 + SF5+ + F,ion_neutral,dissociative_charge_transfer,1,rate_coefficient,1.6568239999999985,,6.29703786065784e-16,m3/s,langevin_estimate,,456092.5956313182,fast,2.3977921226086405,candidate,"delta H = +1.66 eV from formation enthalpies, with ion enthalpies built from the ionization energy"
cand_SF4p_SF6_diss_SF5p_SF5,SF4+ + SF6 -> SF5+ + SF5,ion_neutral,dissociative_charge_transfer,1,rate_coefficient,0.0,,6.29703786065784e-16,m3/s,langevin_estimate,,456092.5956313182,fast,0.7120858098705101,candidate,"delta H = -0.67 eV from formation enthalpies, with ion enthalpies built from the ionization energy"
cand_SF4p_SF6*_diss_SF4_SF5p_F,SF4+ + SF6* -> SF4 + SF5+ + F,ion_neutral,dissociative_charge_transfer,1,rate_coefficient,1.6568239999999985,,6.29703786065784e-16,m3/s,langevin_estimate,,456092.5956313182,fast,,candidate,"delta H = +1.66 eV from formation enthalpies, with ion enthalpies built from the ionization energy"
cand_SF4p_SF6*_diss_SF5p_SF5,SF4+ + SF6* -> SF5+ + SF5,ion_neutral,dissociative_charge_transfer,1,rate_coefficient,0.0,,6.29703786065784e-16,m3/s,langevin_estimate,,456092.5956313182,fast,,candidate,"delta H = -0.67 eV from formation enthalpies, with ion enthalpies built from the ionization energy"
cand_SF4p_SF6_v_diss_SF4_SF5p_F,SF4+ + SF6_v -> SF4 + SF5+ + F,ion_neutral,dissociative_charge_transfer,1,rate_coefficient,1.6568239999999985,,6.29703786065784e-16,m3/s,langevin_estimate,,456092.5956313182,fast,,candidate,"delta H = +1.66 eV from formation enthalpies, with ion enthalpies built from the ionization energy"
cand_SF4p_SF6_v_diss_SF5p_SF5,SF4+ + SF6_v -> SF5+ + SF5,ion_neutral,dissociative_charge_transfer,1,rate_coefficient,0.0,,6.29703786065784e-16,m3/s,langevin_estimate,,456092.5956313182,fast,,candidate,"delta H = -0.67 eV from formation enthalpies, with ion enthalpies built from the ionization energy"
cand_SF5p_Ar_4s_char_SF5_Arp,SF5+ + Ar_4s -> SF5 + Ar+,ion_neutral,charge_transfer,1,rate_coefficient,0.0,,5.444165001925059e-16,m3/s,langevin_estimate,,394319.2659339961,fast,-7.056863827886056,candidate,"delta H = -5.44 eV from formation enthalpies, with ion enthalpies built from the ionization energy"
cand_SF5p_Ar_4s_diss_SF4p_F_Ar,SF5+ + Ar_4s -> SF4+ + F + Ar,ion_neutral,dissociative_charge_transfer,1,rate_coefficient,0.0,,5.444165001925059e-16,m3/s,langevin_estimate,,394319.2659339961,fast,-8.974995492807277,candidate,"delta H = -6.87 eV from formation enthalpies, with ion enthalpies built from the ionization energy"
cand_SF5p_Ar_4s_diss_SF4_Fp_Ar,SF5+ + Ar_4s -> SF4 + F+ + Ar,ion_neutral,dissociative_charge_transfer,1,rate_coefficient,0.0,,5.444165001925059e-16,m3/s,langevin_estimate,,394319.2659339961,fast,-3.665540868787929,candidate,"delta H = -1.45 eV from formation enthalpies, with ion enthalpies built from the ionization energy"
cand_SF5p_Ar_4s_diss_SF4_F_Arp,SF5+ + Ar_4s -> SF4 + F + Ar+,ion_neutral,dissociative_charge_transfer,1,rate_coefficient,0.0,,5.444165001925059e-16,m3/s,langevin_estimate,,394319.2659339961,fast,-5.3711575151479245,candidate,"delta H = -3.11 eV from formation enthalpies, with ion enthalpies built from the ionization energy"
cand_SF5p_F2_reac_SF5p_F_F,SF5+ + F2 -> SF5+ + F + F,ion_neutral,reactive_scattering,1,rate_coefficient,1.645308,,,,,,,unknown,1.158813047089739,candidate,"delta H = +1.65 eV from formation enthalpies, with ion enthalpies built from the ionization energy"
cand_SF5p_O2_a1Delta_char_SF5_O2p,SF5+ + O2_a1Delta -> SF5 + O2+,ion_neutral,charge_transfer,1,rate_coefficient,1.4926999999999997,,5.789435301394194e-16,m3/s,langevin_estimate,,419327.0919251883,fast,,candidate,"delta H = +1.49 eV from formation enthalpies, with ion enthalpies built from the ionization energy"
cand_SF5p_O2_b1Sigma_char_SF5_O2p,SF5+ + O2_b1Sigma -> SF5 + O2+,ion_neutral,charge_transfer,1,rate_coefficient,0.8426999999999996,,5.789435301394194e-16,m3/s,langevin_estimate,,419327.0919251883,fast,,candidate,"delta H = +0.84 eV from formation enthalpies, with ion enthalpies built from the ionization energy"
cand_SF5p_O_1S_char_SF5_Op,SF5+ + O_1S -> SF5 + O+,ion_neutral,charge_transfer,1,rate_coefficient,0.0,,5.505983979906477e-16,m3/s,langevin_estimate,,398796.7962825075,fast,,candidate,"delta H = -0.17 eV from formation enthalpies, with ion enthalpies built from the ionization energy"
cand_SF5p_O_1S_diss_SF4p_F_O,SF5+ + O_1S -> SF4+ + F + O,ion_neutral,dissociative_charge_transfer,1,rate_coefficient,0.5383180000000012,,5.505983979906477e-16,m3/s,langevin_estimate,,398796.7962825075,fast,-1.564741570561634,candidate,"delta H = +0.54 eV from formation enthalpies, with ion enthalpies built from the ionization energy"
cand_SF5p_SF_char_SF5_SFp,SF5+ + SF -> SF5 + SF+,ion_neutral,charge_transfer,1,rate_coefficient,0.7000000000000011,,,,,,,unknown,-1.086180914940057,candidate,"delta H = +0.70 eV from formation enthalpies, with ion enthalpies built from the ionization energy"
cand_SF5p_SF2_char_SF5_SF2p,SF5+ + SF2 -> SF5 + SF2+,ion_neutral,charge_transfer,1,rate_coefficient,1.200000000000001,,,,,,,unknown,-0.9019388401884703,candidate,"delta H = +1.20 eV from formation enthalpies, with ion enthalpies built from the ionization energy"
cand_SF5p_SF3_char_SF5_SF3p,SF5+ + SF3 -> SF5 + SF3+,ion_neutral,charge_transfer,1,rate_coefficient,0.0,,,,,,,unknown,-1.866915354785201,candidate,"delta H = -1.42 eV from formation enthalpies, with ion enthalpies built from the ionization energy"
cand_SF5p_SF3_diss_SF4_F_SF3p,SF5+ + SF3 -> SF4 + F + SF3+,ion_neutral,dissociative_charge_transfer,1,rate_coefficient,0.9080640000000013,,,,,,,unknown,-0.18120904204707097,candidate,"delta H = +0.91 eV from formation enthalpies, with ion enthalpies built from the ionization energy"
cand_SF5p_SF5_diss_SF6_SF4p,SF5+ + SF5 -> SF6 + SF4+,ion_neutral,dissociative_charge_transfer,1,rate_coefficient,0.671240000000001,,,,,,,unknown,-0.7120858098705101,candidate,"delta H = +0.67 eV from formation enthalpies, with ion enthalpies built from the ionization energy"
cand_SF6p_Ar_char_SF6_Arp,SF6+ + Ar -> SF6 + Ar+,ion_neutral,charge_transfer,1,rate_coefficient,0.43961200000000034,,5.356859928872861e-16,m3/s,langevin_estimate,,387995.7852338183,fast,,candidate,"delta H = +0.44 eV from formation enthalpies, with ion enthalpies built from the ionization energy"
cand_SF6p_Ar_diss_SF5p_F_Ar,SF6+ + Ar -> SF5+ + F + Ar,ion_neutral,dissociative_charge_transfer,1,rate_coefficient,0.0,,5.356859928872861e-16,m3/s,langevin_estimate,,387995.7852338183,fast,,candidate,"delta H = -1.66 eV from formation enthalpies, with ion enthalpies built from the ionization energy"
cand_SF6p_Ar_diss_SF4p_F2_Ar,SF6+ + Ar -> SF4+ + F2 + Ar,ion_neutral,dissociative_charge_transfer,1,rate_coefficient,1.419579999999998,,5.356859928872861e-16,m3/s,langevin_estimate,,387995.7852338183,fast,,candidate,"delta H = +1.42 eV from formation enthalpies, with ion enthalpies built from the ionization energy"
cand_SF6p_Ar_4s_char_SF6_Arp,SF6+ + Ar_4s -> SF6 + Ar+,ion_neutral,charge_transfer,1,rate_coefficient,0.0,,5.358818084145599e-16,m3/s,langevin_estimate,,388137.613842881,fast,,candidate,"delta H = -11.16 eV from formation enthalpies, with ion enthalpies built from the ionization energy"
cand_SF6p_Ar_4s_diss_SF5p_F_Ar,SF6+ + Ar_4s -> SF5+ + F + Ar,ion_neutral,dissociative_charge_transfer,1,rate_coefficient,0.0,,5.358818084145599e-16,m3/s,langevin_estimate,,388137.613842881,fast,,candidate,"delta H = -13.26 eV from formation enthalpies, with ion enthalpies built from the ionization energy"
cand_SF6p_Ar_4s_diss_SF5_Fp_Ar,SF6+ + Ar_4s -> SF5 + F+ + Ar,ion_neutral,dissociative_charge_transfer,1,rate_coefficient,0.0,,5.358818084145599e-16,m3/s,langevin_estimate,,388137.613842881,fast,,candidate,"delta H = -5.44 eV from formation enthalpies, with ion enthalpies built from the ionization energy"
cand_SF6p_Ar_4s_diss_SF5_F_Arp,SF6+ + Ar_4s -> SF5 + F + Ar+,ion_neutral,dissociative_charge_transfer,1,rate_coefficient,0.0,,5.358818084145599e-16,m3/s,langevin_estimate,,388137.613842881,fast,,candidate,"delta H = -7.10 eV from formation enthalpies, with ion enthalpies built from the ionization energy"
cand_SF6p_Ar_4s_diss_SF4p_F2_Ar,SF6+ + Ar_4s -> SF4+ + F2 + Ar,ion_neutral,dissociative_charge_transfer,1,rate_coefficient,0.0,,5.358818084145599e-16,m3/s,langevin_estimate,,388137.613842881,fast,,candidate,"delta H = -10.18 eV from formation enthalpies, with ion enthalpies built from the ionization energy"
cand_SF6p_Ar_4s_diss_SF4_F2p_Ar,SF6+ + Ar_4s -> SF4 + F2+ + Ar,ion_neutral,dissociative_charge_transfer,1,rate_coefficient,0.0,,5.358818084145599e-16,m3/s,langevin_estimate,,388137.613842881,fast,,candidate,"delta H = -6.49 eV from formation enthalpies, with ion enthalpies built from the ionization energy"
cand_SF6p_Ar_4s_diss_SF4_F2_Arp,SF6+ + Ar_4s -> SF4 + F2 + Ar+,ion_neutral,dissociative_charge_transfer,1,rate_coefficient,0.0,,5.358818084145599e-16,m3/s,langevin_estimate,,388137.613842881,fast,,candidate,"delta H = -6.42 eV from formation enthalpies, with ion enthalpies built from the ionization energy"
cand_SF6p_F_diss_SF5p_F_F,SF6+ + F -> SF5+ + F + F,ion_neutral,dissociative_charge_transfer,1,rate_coefficient,0.0,,4.26295593068441e-16,m3/s,langevin_estimate,,308764.64117124694,fast,,candidate,"delta H = -1.66 eV from formation enthalpies, with ion enthalpies built from the ionization energy"
cand_SF6p_F_diss_SF4p_F2_F,SF6+ + F -> SF4+ + F2 + F,ion_neutral,dissociative_charge_transfer,1,rate_coefficient,1.419579999999998,,4.26295593068441e-16,m3/s,langevin_estimate,,308764.64117124694,fast,,candidate,"delta H = +1.42 eV from formation enthalpies, with ion enthalpies built from the ionization energy"
cand_SF6p_F2_char_SF6_F2p,SF6+ + F2 -> SF6 + F2+,ion_neutral,charge_transfer,1,rate_coefficient,0.3699999999999992,,,,,,,unknown,,candidate,"delta H = +0.37 eV from formation enthalpies, with ion enthalpies built from the ionization energy"
cand_SF6p_F2_diss_SF5p_F_F2,SF6+ + F2 -> SF5+ + F + F2,ion_neutral,dissociative_charge_transfer,1,rate_coefficient,0.0,,,,,,,unknown,,candidate,"delta H = -1.66 eV from formation enthalpies, with ion enthalpies built from the ionization energy"
cand_SF6p_F2_diss_SF4p_F2_F2,SF6+ + F2 -> SF4+ + F2 + F2,ion_neutral,dissociative_charge_transfer,1,rate_coefficient,1.419579999999998,,,,,,,unknown,,candidate,"delta H = +1.42 eV from formation enthalpies, with ion enthalpies built from the ionization energy"
cand_SF6p_F2_reac_SF6p_F_F,SF6+ + F2 -> SF6+ + F + F,ion_neutral,reactive_scattering,1,rate_coefficient,1.645308,,,,,,,unknown,,candidate,"delta H = +1.65 eV from formation enthalpies, with ion enthalpies built from the ionization energy"
cand_SF6p_O_char_SF6_Op,SF6+ + O -> SF6 + O+,ion_neutral,charge_transfer,1,rate_coefficient,0.0,,5.465796308780138e-16,m3/s,langevin_estimate,,395886.0151117436,fast,,candidate,"delta H = -1.70 eV from formation enthalpies, with ion enthalpies built from the ionization energy"
cand_SF6p_O_diss_SF5p_F_O,SF6+ + O -> SF5+ + F + O,ion_neutral,dissociative_charge_transfer,1,rate_coefficient,0.0,,5.465796308780138e-16,m3/s,langevin_estimate,,395886.0151117436,fast,,candidate,"delta H = -1.66 eV from formation enthalpies, with ion enthalpies built from the ionization energy"
cand_SF6p_O_diss_SF4p_F2_O,SF6+ + O -> SF4+ + F2 + O,ion_neutral,dissociative_charge_transfer,1,rate_coefficient,1.419579999999998,,5.465796308780138e-16,m3/s,langevin_estimate,,395886.0151117436,fast,,candidate,"delta H = +1.42 eV from formation enthalpies, with ion enthalpies built from the ionization energy"
cand_SF6p_O2_char_SF6_O2p,SF6+ + O2 -> SF6 + O2+,ion_neutral,charge_transfer,1,rate_coefficient,0.0,,5.713198833289428e-16,m3/s,langevin_estimate,,413805.30701789,fast,,candidate,"delta H = -3.25 eV from formation enthalpies, with ion enthalpies built from the ionization energy"
cand_SF6p_O2_diss_SF5p_F_O2,SF6+ + O2 -> SF5+ + F + O2,ion_neutral,dissociative_charge_transfer,1,rate_coefficient,0.0,,5.713198833289428e-16,m3/s,langevin_estimate,,413805.30701789,fast,,candidate,"delta H = -1.66 eV from formation enthalpies, with ion enthalpies built from the ionization energy"
cand_SF6p_O2_diss_SF5_F_O2p,SF6+ + O2 -> SF5 + F + O2+,ion_neutral,dissociative_charge_transfer,1,rate_coefficient,0.8065239999999978,,5.713198833289428e-16,m3/s,langevin_estimate,,413805.30701789,fast,,candidate,"delta H = +0.81 eV from formation enthalpies, with ion enthalpies built from the ionization energy"
cand_SF6p_O2_diss_SF4p_F2_O2,SF6+ + O2 -> SF4+ + F2 + O2,ion_neutral,dissociative_charge_transfer,1,rate_coefficient,1.419579999999998,,5.713198833289428e-16,m3/s,langevin_estimate,,413805.30701789,fast,,candidate,"delta H = +1.42 eV from formation enthalpies, with ion enthalpies built from the ionization energy"
cand_SF6p_O2_diss_SF4_F2_O2p,SF6+ + O2 -> SF4 + F2 + O2+,ion_neutral,dissociative_charge_transfer,1,rate_coefficient,1.489279999999999,,5.713198833289428e-16,m3/s,langevin_estimate,,413805.30701789,fast,,candidate,"delta H = +1.49 eV from formation enthalpies, with ion enthalpies built from the ionization energy"
cand_SF6p_O2_a1Delta_char_SF6_O2p,SF6+ + O2_a1Delta -> SF6 + O2+,ion_neutral,charge_transfer,1,rate_coefficient,0.0,,5.713198833289428e-16,m3/s,langevin_estimate,,413805.30701789,fast,,candidate,"delta H = -4.23 eV from formation enthalpies, with ion enthalpies built from the ionization energy"
cand_SF6p_O2_a1Delta_diss_SF5p_F_O2,SF6+ + O2_a1Delta -> SF5+ + F + O2,ion_neutral,dissociative_charge_transfer,1,rate_coefficient,0.0,,5.713198833289428e-16,m3/s,langevin_estimate,,413805.30701789,fast,,candidate,"delta H = -2.64 eV from formation enthalpies, with ion enthalpies built from the ionization energy"
cand_SF6p_O2_a1Delta_diss_SF5_F_O2p,SF6+ + O2_a1Delta -> SF5 + F + O2+,ion_neutral,dissociative_charge_transfer,1,rate_coefficient,0.0,,5.713198833289428e-16,m3/s,langevin_estimate,,413805.30701789,fast,,candidate,"delta H = -0.17 eV from formation enthalpies, with ion enthalpies built from the ionization energy"
cand_SF6p_O2_a1Delta_diss_SF4p_F2_O2,SF6+ + O2_a1Delta -> SF4+ + F2 + O2,ion_neutral,dissociative_charge_transfer,1,rate_coefficient,0.4425799999999981,,5.713198833289428e-16,m3/s,langevin_estimate,,413805.30701789,fast,,candidate,"delta H = +0.44 eV from formation enthalpies, with ion enthalpies built from the ionization energy"
cand_SF6p_O2_a1Delta_diss_SF4_F2_O2p,SF6+ + O2_a1Delta -> SF4 + F2 + O2+,ion_neutral,dissociative_charge_transfer,1,rate_coefficient,0.5122799999999991,,5.713198833289428e-16,m3/s,langevin_estimate,,413805.30701789,fast,,candidate,"delta H = +0.51 eV from formation enthalpies, with ion enthalpies built from the ionization energy"
cand_SF6p_O2_b1Sigma_char_SF6_O2p,SF6+ + O2_b1Sigma -> SF6 + O2+,ion_neutral,charge_transfer,1,rate_coefficient,0.0,,5.713198833289428e-16,m3/s,langevin_estimate,,413805.30701789,fast,,candidate,"delta H = -4.88 eV from formation enthalpies, with ion enthalpies built from the ionization energy"
cand_SF6p_O2_b1Sigma_diss_SF5p_F_O2,SF6+ + O2_b1Sigma -> SF5+ + F + O2,ion_neutral,dissociative_charge_transfer,1,rate_coefficient,0.0,,5.713198833289428e-16,m3/s,langevin_estimate,,413805.30701789,fast,,candidate,"delta H = -3.29 eV from formation enthalpies, with ion enthalpies built from the ionization energy"
cand_SF6p_O2_b1Sigma_diss_SF5_F_O2p,SF6+ + O2_b1Sigma -> SF5 + F + O2+,ion_neutral,dissociative_charge_transfer,1,rate_coefficient,0.0,,5.713198833289428e-16,m3/s,langevin_estimate,,413805.30701789,fast,,candidate,"delta H = -0.82 eV from formation enthalpies, with ion enthalpies built from the ionization energy"
cand_SF6p_O2_b1Sigma_diss_SF4p_F2_O2,SF6+ + O2_b1Sigma -> SF4+ + F2 + O2,ion_neutral,dissociative_charge_transfer,1,rate_coefficient,0.0,,5.713198833289428e-16,m3/s,langevin_estimate,,413805.30701789,fast,,candidate,"delta H = -0.21 eV from formation enthalpies, with ion enthalpies built from the ionization energy"
cand_SF6p_O2_b1Sigma_diss_SF4_F2_O2p,SF6+ + O2_b1Sigma -> SF4 + F2 + O2+,ion_neutral,dissociative_charge_transfer,1,rate_coefficient,0.0,,5.713198833289428e-16,m3/s,langevin_estimate,,413805.30701789,fast,,candidate,"delta H = -0.14 eV from formation enthalpies, with ion enthalpies built from the ionization energy"
cand_SF6p_O2_b1Sigma_diss_SF6_Op_O,SF6+ + O2_b1Sigma -> SF6 + O+ + O,ion_neutral,dissociative_charge_transfer,1,rate_coefficient,1.8372089999999994,,5.713198833289428e-16,m3/s,langevin_estimate,,413805.30701789,fast,,candidate,"delta H = +1.84 eV from formation enthalpies, with ion enthalpies built from the ionization energy"
cand_SF6p_O2_v_char_SF6_O2p,SF6+ + O2_v -> SF6 + O2+,ion_neutral,charge_transfer,1,rate_coefficient,0.0,,5.713198833289428e-16,m3/s,langevin_estimate,,413805.30701789,fast,,candidate,"delta H = -3.25 eV from formation enthalpies, with ion enthalpies built from the ionization energy"
cand_SF6p_O2_v_diss_SF5p_F_O2,SF6+ + O2_v -> SF5+ + F + O2,ion_neutral,dissociative_charge_transfer,1,rate_coefficient,0.0,,5.713198833289428e-16,m3/s,langevin_estimate,,413805.30701789,fast,,candidate,"delta H = -1.66 eV from formation enthalpies, with ion enthalpies built from the ionization energy"
cand_SF6p_O2_v_diss_SF5_F_O2p,SF6+ + O2_v -> SF5 + F + O2+,ion_neutral,dissociative_charge_transfer,1,rate_coefficient,0.8065239999999978,,5.713198833289428e-16,m3/s,langevin_estimate,,413805.30701789,fast,,candidate,"delta H = +0.81 eV from formation enthalpies, with ion enthalpies built from the ionization energy"
cand_SF6p_O2_v_diss_SF4p_F2_O2,SF6+ + O2_v -> SF4+ + F2 + O2,ion_neutral,dissociative_charge_transfer,1,rate_coefficient,1.419579999999998,,5.713198833289428e-16,m3/s,langevin_estimate,,413805.30701789,fast,,candidate,"delta H = +1.42 eV from formation enthalpies, with ion enthalpies built from the ionization energy"
cand_SF6p_O2_v_diss_SF4_F2_O2p,SF6+ + O2_v -> SF4 + F2 + O2+,ion_neutral,dissociative_charge_transfer,1,rate_coefficient,1.489279999999999,,5.713198833289428e-16,m3/s,langevin_estimate,,413805.30701789,fast,,candidate,"delta H = +1.49 eV from formation enthalpies, with ion enthalpies built from the ionization energy"
cand_SF6p_O_1D_char_SF6_Op,SF6+ + O_1D -> SF6 + O+,ion_neutral,charge_transfer,1,rate_coefficient,0.0,,5.465796308780138e-16,m3/s,langevin_estimate,,395886.0151117436,fast,,candidate,"delta H = -3.67 eV from formation enthalpies, with ion enthalpies built from the ionization energy"
cand_SF6p_O_1D_diss_SF5p_F_O,SF6+ + O_1D -> SF5+ + F + O,ion_neutral,dissociative_charge_transfer,1,rate_coefficient,0.0,,5.465796308780138e-16,m3/s,langevin_estimate,,395886.0151117436,fast,,candidate,"delta H = -3.63 eV from formation enthalpies, with ion enthalpies built from the ionization energy"
cand_SF6p_O_1D_diss_SF5_F_Op,SF6+ + O_1D -> SF5 + F + O+,ion_neutral,dissociative_charge_transfer,1,rate_coefficient,0.38835599999999815,,5.465796308780138e-16,m3/s,langevin_estimate,,395886.0151117436,fast,,candidate,"delta H = +0.39 eV from formation enthalpies, with ion enthalpies built from the ionization energy"
cand_SF6p_O_1D_diss_SF4p_F2_O,SF6+ + O_1D -> SF4+ + F2 + O,ion_neutral,dissociative_charge_transfer,1,rate_coefficient,0.0,,5.465796308780138e-16,m3/s,langevin_estimate,,395886.0151117436,fast,,candidate,"delta H = -0.55 eV from formation enthalpies, with ion enthalpies built from the ionization energy"
cand_SF6p_O_1D_diss_SF4_F2_Op,SF6+ + O_1D -> SF4 + F2 + O+,ion_neutral,dissociative_charge_transfer,1,rate_coefficient,1.0711119999999994,,5.465796308780138e-16,m3/s,langevin_estimate,,395886.0151117436,fast,,candidate,"delta H = +1.07 eV from formation enthalpies, with ion enthalpies built from the ionization energy"
cand_SF6p_O_1S_char_SF6_Op,SF6+ + O_1S -> SF6 + O+,ion_neutral,charge_transfer,1,rate_coefficient,0.0,,5.465796308780138e-16,m3/s,langevin_estimate,,395886.0151117436,fast,,candidate,"delta H = -5.89 eV from formation enthalpies, with ion enthalpies built from the ionization energy"
cand_SF6p_O_1S_diss_SF5p_F_O,SF6+ + O_1S -> SF5+ + F + O,ion_neutral,dissociative_charge_transfer,1,rate_coefficient,0.0,,5.465796308780138e-16,m3/s,langevin_estimate,,395886.0151117436,fast,,candidate,"delta H = -5.85 eV from formation enthalpies, with ion enthalpies built from the ionization energy"
cand_SF6p_O_1S_diss_SF5_Fp_O,SF6+ + O_1S -> SF5 + F+ + O,ion_neutral,dissociative_charge_transfer,1,rate_coefficient,1.9698979999999997,,5.465796308780138e-16,m3/s,langevin_estimate,,395886.0151117436,fast,,candidate,"delta H = +1.97 eV from formation enthalpies, with ion enthalpies built from the ionization energy"
cand_SF6p_O_1S_diss_SF5_F_Op,SF6+ + O_1S -> SF5 + F + O+,ion_neutral,dissociative_charge_transfer,1,rate_coefficient,0.0,,5.465796308780138e-16,m3/s,langevin_estimate,,395886.0151117436,fast,,candidate,"delta H = -1.83 eV from formation enthalpies, with ion enthalpies built from the ionization energy"
cand_SF6p_O_1S_diss_SF4p_F2_O,SF6+ + O_1S -> SF4+ + F2 + O,ion_neutral,dissociative_charge_transfer,1,rate_coefficient,0.0,,5.465796308780138e-16,m3/s,langevin_estimate,,395886.0151117436,fast,,candidate,"delta H = -2.77 eV from formation enthalpies, with ion enthalpies built from the ionization energy"
cand_SF6p_O_1S_diss_SF4_F2p_O,SF6+ + O_1S -> SF4 + F2+ + O,ion_neutral,dissociative_charge_transfer,1,rate_coefficient,0.9198339999999989,,5.465796308780138e-16,m3/s,langevin_estimate,,395886.0151117436,fast,,candidate,"delta H = +0.92 eV from formation enthalpies, with ion enthalpies built from the ionization energy"
cand_SF6p_O_1S_diss_SF4_F2_Op,SF6+ + O_1S -> SF4 + F2 + O+,ion_neutral,dissociative_charge_transfer,1,rate_coefficient,0.0,,5.465796308780138e-16,m3/s,langevin_estimate,,395886.0151117436,fast,,candidate,"delta H = -1.15 eV from formation enthalpies, with ion enthalpies built from the ionization energy"
cand_SF6p_SF_char_SF6_SFp,SF6+ + SF -> SF6 + SF+,ion_neutral,charge_transfer,1,rate_coefficient,0.0,,,,,,,unknown,,candidate,"delta H = -5.02 eV from formation enthalpies, with ion enthalpies built from the ionization energy"
cand_SF6p_SF_diss_SF5p_F_SF,SF6+ + SF -> SF5+ + F + SF,ion_neutral,dissociative_charge_transfer,1,rate_coefficient,0.0,,,,,,,unknown,,candidate,"delta H = -1.66 eV from formation enthalpies, with ion enthalpies built from the ionization energy"
cand_SF6p_SF_diss_SF5_F_SFp,SF6+ + SF -> SF5 + F + SF+,ion_neutral,dissociative_charge_transfer,1,rate_coefficient,0.0,,,,,,,unknown,,candidate,"delta H = -0.96 eV from formation enthalpies, with ion enthalpies built from the ionization energy"
cand_SF6p_SF_diss_SF4p_F2_SF,SF6+ + SF -> SF4+ + F2 + SF,ion_neutral,dissociative_charge_transfer,1,rate_coefficient,1.419579999999998,,,,,,,unknown,,candidate,"delta H = +1.42 eV from formation enthalpies, with ion enthalpies built from the ionization energy"
cand_SF6p_SF_diss_SF4_F2_SFp,SF6+ + SF -> SF4 + F2 + SF+,ion_neutral,dissociative_charge_transfer,1,rate_coefficient,0.0,,,,,,,unknown,,candidate,"delta H = -0.28 eV from formation enthalpies, with ion enthalpies built from the ionization energy"
cand_SF6p_SF2_char_SF6_SF2p,SF6+ + SF2 -> SF6 + SF2+,ion_neutral,charge_transfer,1,rate_coefficient,0.0,,,,,,,unknown,,candidate,"delta H = -4.52 eV from formation enthalpies, with ion enthalpies built from the ionization energy"
cand_SF6p_SF2_diss_SF5p_F_SF2,SF6+ + SF2 -> SF5+ + F + SF2,ion_neutral,dissociative_charge_transfer,1,rate_coefficient,0.0,,,,,,,unknown,,candidate,"delta H = -1.66 eV from formation enthalpies, with ion enthalpies built from the ionization energy"
cand_SF6p_SF2_diss_SF5_F_SF2p,SF6+ + SF2 -> SF5 + F + SF2+,ion_neutral,dissociative_charge_transfer,1,rate_coefficient,0.0,,,,,,,unknown,,candidate,"delta H = -0.46 eV from formation enthalpies, with ion enthalpies built from the ionization energy"
cand_SF6p_SF2_diss_SF4p_F2_SF2,SF6+ + SF2 -> SF4+ + F2 + SF2,ion_neutral,dissociative_charge_transfer,1,rate_coefficient,1.419579999999998,,,,,,,unknown,,candidate,"delta H = +1.42 eV from formation enthalpies, with ion enthalpies built from the ionization energy"
cand_SF6p_SF2_diss_SF4_F2_SF2p,SF6+ + SF2 -> SF4 + F2 + SF2+,ion_neutral,dissociative_charge_transfer,1,rate_coefficient,0.21957999999999878,,,,,,,unknown,,candidate,"delta H = +0.22 eV from formation enthalpies, with ion enthalpies built from the ionization energy"
cand_SF6p_SF2_diss_SF6_Sp_F2,SF6+ + SF2 -> SF6 + S+ + F2,ion_neutral,dissociative_charge_transfer,1,rate_coefficient,0.9875470000000006,,,,,,,unknown,,candidate,"delta H = +0.99 eV from formation enthalpies, with ion enthalpies built from the ionization energy"
cand_SF6p_SF3_char_SF6_SF3p,SF6+ + SF3 -> SF6 + SF3+,ion_neutral,charge_transfer,1,rate_coefficient,0.0,,,,,,,unknown,,candidate,"delta H = -7.14 eV from formation enthalpies, with ion enthalpies built from the ionization energy"
cand_SF6p_SF3_diss_SF5p_F_SF3,SF6+ + SF3 -> SF5+ + F + SF3,ion_neutral,dissociative_charge_transfer,1,rate_coefficient,0.0,,,,,,,unknown,,candidate,"delta H = -1.66 eV from formation enthalpies, with ion enthalpies built from the ionization energy"
cand_SF6p_SF3_diss_SF5_F_SF3p,SF6+ + SF3 -> SF5 + F + SF3+,ion_neutral,dissociative_charge_transfer,1,rate_coefficient,0.0,,,,,,,unknown,,candidate,"delta H = -3.08 eV from formation enthalpies, with ion enthalpies built from the ionization energy"
cand_SF6p_SF3_diss_SF4p_F2_SF3,SF6+ + SF3 -> SF4+ + F2 + SF3,ion_neutral,dissociative_charge_transfer,1,rate_coefficient,1.419579999999998,,,,,,,unknown,,candidate,"delta H = +1.42 eV from formation enthalpies, with ion enthalpies built from the ionization energy"
cand_SF6p_SF3_diss_SF4_F2_SF3p,SF6+ + SF3 -> SF4 + F2 + SF3+,ion_neutral,dissociative_charge_transfer,1,rate_coefficient,0.0,,,,,,,unknown,,candidate,"delta H = -2.40 eV from formation enthalpies, with ion enthalpies built from the ionization energy"
cand_SF6p_SF4_char_SF6_SF4p,SF6+ + SF4 -> SF6 + SF4+,ion_neutral,charge_transfer,1,rate_coefficient,0.0,,,,,,,unknown,,candidate,"delta H = -3.32 eV from formation enthalpies, with ion enthalpies built from the ionization energy"
cand_SF6p_SF4_diss_SF5p_F_SF4,SF6+ + SF4 -> SF5+ + F + SF4,ion_neutral,dissociative_charge_transfer,1,rate_coefficient,0.0,,,,,,,unknown,,candidate,"delta H = -1.66 eV from formation enthalpies, with ion enthalpies built from the ionization energy"
cand_SF6p_SF4_diss_SF5_F_SF4p,SF6+ + SF4 -> SF5 + F + SF4+,ion_neutral,dissociative_charge_transfer,1,rate_coefficient,0.7368239999999986,,,,,,,unknown,,candidate,"delta H = +0.74 eV from formation enthalpies, with ion enthalpies built from the ionization energy"
cand_SF6p_SF4_diss_SF4p_F2_SF4,SF6+ + SF4 -> SF4+ + F2 + SF4,ion_neutral,dissociative_charge_transfer,1,rate_coefficient,1.419579999999998,,,,,,,unknown,,candidate,"delta H = +1.42 eV from formation enthalpies, with ion enthalpies built from the ionization energy"
cand_SF6p_SF4_diss_SF6_SF2p_F2,SF6+ + SF4 -> SF6 + SF2+ + F2,ion_neutral,dissociative_charge_transfer,1,rate_coefficient,0.31545000000000023,,,,,,,unknown,,candidate,"delta H = +0.32 eV from formation enthalpies, with ion enthalpies built from the ionization energy"
cand_SF6p_SF4_diss_SF5p_SF5,SF6+ + SF4 -> SF5+ + SF5,ion_neutral,dissociative_charge_transfer,1,rate_coefficient,0.0,,,,,,,unknown,,candidate,"delta H = -3.99 eV from formation enthalpies, with ion enthalpies built from the ionization energy"
cand_SF6p_SF5_char_SF6_SF5p,SF6+ + SF5 -> SF6 + SF5+,ion_neutral,charge_transfer,1,rate_coefficient,0.0,,,,,,,unknown,,candidate,"delta H = -5.72 eV from formation enthalpies, with ion enthalpies built from the ionization energy"
cand_SF6p_SF5_diss_SF5p_F_SF5,SF6+ + SF5 -> SF5+ + F + SF5,ion_neutral,dissociative_charge_transfer,1,rate_coefficient,0.0,,,,,,,unknown,,candidate,"delta H = -1.66 eV from formation enthalpies, with ion enthalpies built from the ionization energy"
cand_SF6p_SF5_diss_SF4p_F2_SF5,SF6+ + SF5 -> SF4+ + F2 + SF5,ion_neutral,dissociative_charge_transfer,1,rate_coefficient,1.419579999999998,,,,,,,unknown,,candidate,"delta H = +1.42 eV from formation enthalpies, with ion enthalpies built from the ionization energy"
cand_SF6p_SF5_diss_SF4_F2_SF5p,SF6+ + SF5 -> SF4 + F2 + SF5+,ion_neutral,dissociative_charge_transfer,1,rate_coefficient,0.0,,,,,,,unknown,,candidate,"delta H = -0.98 eV from formation enthalpies, with ion enthalpies built from the ionization energy"
cand_SF6p_SF5_diss_SF6_SF4p_F,SF6+ + SF5 -> SF6 + SF4+ + F,ion_neutral,dissociative_charge_transfer,1,rate_coefficient,0.0,,,,,,,unknown,,candidate,"delta H = -0.99 eV from formation enthalpies, with ion enthalpies built from the ionization energy"
cand_SF6p_SF6_diss_SF5p_F_SF6,SF6+ + SF6 -> SF5+ + F + SF6,ion_neutral,dissociative_charge_transfer,1,rate_coefficient,0.0,,5.807251801889138e-16,m3/s,langevin_estimate,,420617.5358030272,fast,,candidate,"delta H = -1.66 eV from formation enthalpies, with ion enthalpies built from the ionization energy"
cand_SF6p_SF6_diss_SF4p_F2_SF6,SF6+ + SF6 -> SF4+ + F2 + SF6,ion_neutral,dissociative_charge_transfer,1,rate_coefficient,1.419579999999998,,5.807251801889138e-16,m3/s,langevin_estimate,,420617.5358030272,fast,,candidate,"delta H = +1.42 eV from formation enthalpies, with ion enthalpies built from the ionization energy"
cand_SF6p_SF6*_diss_SF5p_F_SF6,SF6+ + SF6* -> SF5+ + F + SF6,ion_neutral,dissociative_charge_transfer,1,rate_coefficient,0.0,,5.807251801889138e-16,m3/s,langevin_estimate,,420617.5358030272,fast,,candidate,"delta H = -1.66 eV from formation enthalpies, with ion enthalpies built from the ionization energy"
cand_SF6p_SF6*_diss_SF4p_F2_SF6,SF6+ + SF6* -> SF4+ + F2 + SF6,ion_neutral,dissociative_charge_transfer,1,rate_coefficient,1.419579999999998,,5.807251801889138e-16,m3/s,langevin_estimate,,420617.5358030272,fast,,candidate,"delta H = +1.42 eV from formation enthalpies, with ion enthalpies built from the ionization energy"
cand_SF6p_SF6_v_diss_SF5p_F_SF6,SF6+ + SF6_v -> SF5+ + F + SF6,ion_neutral,dissociative_charge_transfer,1,rate_coefficient,0.0,,5.807251801889138e-16,m3/s,langevin_estimate,,420617.5358030272,fast,,candidate,"delta H = -1.66 eV from formation enthalpies, with ion enthalpies built from the ionization energy"
cand_SF6p_SF6_v_diss_SF4p_F2_SF6,SF6+ + SF6_v -> SF4+ + F2 + SF6,ion_neutral,dissociative_charge_transfer,1,rate_coefficient,1.419579999999998,,5.807251801889138e-16,m3/s,langevin_estimate,,420617.5358030272,fast,,candidate,"delta H = +1.42 eV from formation enthalpies, with ion enthalpies built from the ionization energy"
cand_Ar_4s_SF_penning,Ar_4s + SF -> Ar + SF+ + e,neutral_neutral,penning_ionization,1,rate_coefficient,,,,,,,,unknown,-1.4539090122906018,candidate,"the metastable carries 11.60 eV, more than the 10.30 eV needed"
cand_Ar_4s_SF2_penning,Ar_4s + SF2 -> Ar + SF2+ + e,neutral_neutral,penning_ionization,1,rate_coefficient,,,,,,,,unknown,-1.2696669375390153,candidate,"the metastable carries 11.60 eV, more than the 10.80 eV needed"
cand_Ar_4s_SF3_penning,Ar_4s + SF3 -> Ar + SF3+ + e,neutral_neutral,penning_ionization,1,rate_coefficient,,,,,,,,unknown,-2.2346434521357463,candidate,"the metastable carries 11.60 eV, more than the 8.18 eV needed"
cand_Ar_4s_SF5_penning,Ar_4s + SF5 -> Ar + SF5+ + e,neutral_neutral,penning_ionization,1,rate_coefficient,,,,,,,,unknown,-0.36772809735054646,candidate,"the metastable carries 11.60 eV, more than the 9.60 eV needed"
e_FO_dissociation_F_O,e + FO -> e + F + O,electron,dissociation,2,cross_section,4.3,4.3,,,,,,unknown,1.843651954588814,literature_supported,"J. Son et al., Plasma Chemistry and Plasma Processing 34, 239-257 (2014), Table 1."
e_S_ionization_Sp,e + S -> 2 e + S+,electron,ionization,2,cross_section,10.36001,10.36001,,,,,,unknown,12.744971269358803,literature_supported,"A. Pateau et al., Journal of Vacuum Science & Technology A 32, 021303 (2014)."
e_S_excitation_S_1D,e + S -> e + S_1D,electron,excitation,2,cross_section,1.145442,1.145442,,,,,,unknown,1.145441987981099,literature_supported,"NIST Atomic Spectra Database, energy levels (energy1.pl)"
e_S_excitation_S_1S,e + S -> e + S_1S,electron,excitation,2,cross_section,2.749964,2.749964,,,,,,unknown,2.7499639711451604,literature_supported,"NIST Atomic Spectra Database, energy levels (energy1.pl)"
e_S_1D_elastic,e + S_1D -> e + S_1D,electron,elastic,2,cross_section,0.0,,,,,,,unknown,0.0,literature_supported,"NIST Atomic Spectra Database, energy levels (energy1.pl)"
e_S_1D_superelastic,e + S_1D -> e + S,electron,deexcitation,2,cross_section,0.0,0.0,,,,,,unknown,-1.145441987981099,literature_supported,"NIST Atomic Spectra Database, energy levels (energy1.pl)"
e_S_1S_elastic,e + S_1S -> e + S_1S,electron,elastic,2,cross_section,0.0,,,,,,,unknown,0.0,literature_supported,"NIST Atomic Spectra Database, energy levels (energy1.pl)"
e_S_1S_superelastic,e + S_1S -> e + S,electron,deexcitation,2,cross_section,0.0,0.0,,,,,,unknown,-2.7499639711451604,literature_supported,"NIST Atomic Spectra Database, energy levels (energy1.pl)"
FO_FO_to_2F_O2,FO + FO -> 2 F + O2,neutral_neutral,reactive_scattering,2,rate_coefficient,,,2.5099999999999997e-18,m3/s,dataset,,1817.9855995260195,fast,-0.9905130585372375,literature_supported,"J. Son et al., Plasma Chemistry and Plasma Processing 34, 239-257 (2014), Table 1."
FO_FO_to_F2_O2,FO + FO -> F2 + O2,neutral_neutral,reactive_scattering,2,rate_coefficient,,,2.51e-22,m3/s,dataset,,0.18179855995260197,slow,-2.1493261056269763,literature_supported,"J. Son et al., Plasma Chemistry and Plasma Processing 34, 239-257 (2014), Table 1."
FO_O_to_F_O2,FO + O -> F + O2,neutral_neutral,reactive_scattering,2,rate_coefficient,,,2.5099999999999997e-17,m3/s,dataset,,18179.855995260194,fast,-2.8341650131260505,literature_supported,"J. Son et al., Plasma Chemistry and Plasma Processing 34, 239-257 (2014), Table 1."
FO_O1D_to_F_O2,FO + O_1D -> F + O2,neutral_neutral,reactive_scattering,2,rate_coefficient,,,5.0099999999999997e-17,m3/s,dataset,,36287.282285359994,fast,-4.801164992486702,literature_supported,"J. Son et al., Plasma Chemistry and Plasma Processing 34, 239-257 (2014), Table 1."
S_F2_to_SF_F,S + F2 -> SF + F,neutral_neutral,reactive_scattering,2,rate_coefficient,,,6.999999999999999e-21,m3/s,dataset,,5.0700793612279424,comparable,0.333833563833059,literature_supported,"A. Pateau et al., Journal of Vacuum Science & Technology A 32, 021303 (2014)."
SO_O_R130,SO + O -> SO2,neutral_neutral,reactive_scattering,2,rate_coefficient,,,1.4e-19,m3/s,dataset,,101.40158722455887,fast,-5.150187573095953,literature_supported,"A. Pateau et al., Journal of Vacuum Science & Technology A 32, 021303 (2014)."
SO_O1D_R130,SO + O_1D -> SO2,neutral_neutral,reactive_scattering,2,rate_coefficient,,,1.4e-19,m3/s,dataset,,101.40158722455887,fast,-7.1171875524566035,literature_supported,"A. Pateau et al., Journal of Vacuum Science & Technology A 32, 021303 (2014)."
SOF_O_R122,SOF + O -> SO2 + F,neutral_neutral,reactive_scattering,2,rate_coefficient,,,7.899999999999999e-17,m3/s,dataset,,57219.46707671535,fast,,literature_supported,"A. Pateau et al., Journal of Vacuum Science & Technology A 32, 021303 (2014)."
SOF_O1D_R122,SOF + O_1D -> SO2 + F,neutral_neutral,reactive_scattering,2,rate_coefficient,,,7.899999999999999e-17,m3/s,dataset,,57219.46707671535,fast,,literature_supported,"A. Pateau et al., Journal of Vacuum Science & Technology A 32, 021303 (2014)."
SOF2_O_R131,SOF2 + O -> SO2F2,neutral_neutral,reactive_scattering,2,rate_coefficient,,,1.0000000000000001e-21,m3/s,dataset,,0.7242970516039919,slow,-4.156108600542587,literature_supported,"A. Pateau et al., Journal of Vacuum Science & Technology A 32, 021303 (2014)."
SOF2_O1D_R131,SOF2 + O_1D -> SO2F2,neutral_neutral,reactive_scattering,2,rate_coefficient,,,1.0000000000000001e-21,m3/s,dataset,,0.7242970516039919,slow,-6.123108579903237,literature_supported,"A. Pateau et al., Journal of Vacuum Science & Technology A 32, 021303 (2014)."
SOF3_O_R123,SOF3 + O -> SO2F2 + F,neutral_neutral,reactive_scattering,2,rate_coefficient,,,5e-17,m3/s,dataset,,36214.85258019959,fast,,literature_supported,"A. Pateau et al., Journal of Vacuum Science & Technology A 32, 021303 (2014)."
SOF3_O1D_R123,SOF3 + O_1D -> SO2F2 + F,neutral_neutral,reactive_scattering,2,rate_coefficient,,,5e-17,m3/s,dataset,,36214.85258019959,fast,,literature_supported,"A. Pateau et al., Journal of Vacuum Science & Technology A 32, 021303 (2014)."
SOF4_dissociation_SOF3_F,SOF4 -> SOF3 + F,unimolecular,dissociation,2,rate_coefficient,,,,,,,,unknown,,literature_supported,"A. Pateau et al., Journal of Vacuum Science & Technology A 32, 021303 (2014)."
cand_e_F*_to_e_F*,e + F* -> e + F*,electron,elastic,2,cross_section,0.0,,,,,,,unknown,,candidate,conservation allows this channel; no source has been consulted
cand_e_F*_to_e_e_Fp,e + F* -> e + e + F+,electron,ionization,2,cross_section,,,,,,,,unknown,,candidate,conservation allows this channel; no source has been consulted
cand_e_F2*_to_e_F2*,e + F2* -> e + F2*,electron,elastic,2,cross_section,0.0,,,,,,,unknown,,candidate,conservation allows this channel; no source has been consulted
cand_e_F2*_to_e_e_F2p,e + F2* -> e + e + F2+,electron,ionization,2,cross_section,,,,,,,,unknown,,candidate,conservation allows this channel; no source has been consulted
cand_e_F2*_to_e_F_F,e + F2* -> e + F + F,electron,dissociation,2,cross_section,,,,,,,,unknown,,candidate,conservation allows this channel; no source has been consulted
cand_e_F2*_to_e_e_Fp_F,e + F2* -> e + e + F+ + F,electron,dissociative_ionization,2,cross_section,,,,,,,,unknown,,candidate,conservation allows this channel; no source has been consulted
cand_e_F2_v_to_e_F2_v,e + F2_v -> e + F2_v,electron,elastic,2,cross_section,0.0,,,,,,,unknown,,candidate,conservation allows this channel; no source has been consulted
cand_e_F2_v_to_e_e_F2p,e + F2_v -> e + e + F2+,electron,ionization,2,cross_section,,,,,,,,unknown,,candidate,conservation allows this channel; no source has been consulted
cand_e_F2_v_to_e_F_F,e + F2_v -> e + F + F,electron,dissociation,2,cross_section,,-1.546208,,,,,,unknown,,candidate,conservation allows this channel; no source has been consulted
cand_e_F2_v_to_e_e_Fp_F,e + F2_v -> e + e + F+ + F,electron,dissociative_ionization,2,cross_section,,-18.969089725314177,,,,,,unknown,,candidate,conservation allows this channel; no source has been consulted
cand_e_FO_to_e_FO,e + FO -> e + FO,electron,elastic,2,cross_section,0.0,,,,,,,unknown,0.0,candidate,conservation allows this channel; no source has been consulted
cand_e_FO_to_e_e_OFp,e + FO -> e + e + OF+,electron,ionization,2,cross_section,,,,,,,,unknown,,candidate,conservation allows this channel; no source has been consulted
cand_e_FO_to_e_FO_v,e + FO -> e + FO_v,electron,excitation,2,cross_section,,,,,,,,unknown,,candidate,conservation allows this channel; no source has been consulted
cand_e_FO_v_to_e_FO,e + FO_v -> e + FO,electron,deexcitation,2,cross_section,0.0,0.0,,,,,,unknown,,candidate,conservation allows this channel; no source has been consulted
cand_e_FO_to_e_FO*,e + FO -> e + FO*,electron,excitation,2,cross_section,,,,,,,,unknown,,candidate,conservation allows this channel; no source has been consulted
cand_e_FO*_to_e_FO,e + FO* -> e + FO,electron,deexcitation,2,cross_section,0.0,0.0,,,,,,unknown,,candidate,conservation allows this channel; no source has been consulted
cand_e_FO_to_e_e_Fp_O,e + FO -> e + e + F+ + O,electron,dissociative_ionization,2,cross_section,,-19.700541725314178,,,,,,unknown,19.324676432279105,candidate,conservation allows this channel; no source has been consulted
cand_e_S_to_e_S,e + S -> e + S,electron,elastic,2,cross_section,0.0,,,,,,,unknown,0.0,candidate,conservation allows this channel; no source has been consulted
cand_e_SF*_to_e_SF*,e + SF* -> e + SF*,electron,elastic,2,cross_section,0.0,,,,,,,unknown,,candidate,conservation allows this channel; no source has been consulted
cand_e_SF*_to_e_e_SFp,e + SF* -> e + e + SF+,electron,ionization,2,cross_section,,,,,,,,unknown,,candidate,conservation allows this channel; no source has been consulted
cand_e_SF*_to_e_F_S,e + SF* -> e + F + S,electron,dissociation,2,cross_section,,,,,,,,unknown,,candidate,conservation allows this channel; no source has been consulted
cand_e_SF*_to_e_e_Fp_S,e + SF* -> e + e + F+ + S,electron,dissociative_ionization,2,cross_section,,,,,,,,unknown,,candidate,conservation allows this channel; no source has been consulted
cand_e_SF2*_to_e_SF2*,e + SF2* -> e + SF2*,electron,elastic,2,cross_section,0.0,,,,,,,unknown,,candidate,conservation allows this channel; no source has been consulted
cand_e_SF2*_to_e_e_SF2p,e + SF2* -> e + e + SF2+,electron,ionization,2,cross_section,,,,,,,,unknown,,candidate,conservation allows this channel; no source has been consulted
cand_e_SF2*_to_e_SF_F,e + SF2* -> e + SF + F,electron,dissociation,2,cross_section,,,,,,,,unknown,,candidate,conservation allows this channel; no source has been consulted
cand_e_SF2*_to_e_e_SFp_F,e + SF2* -> e + e + SF+ + F,electron,dissociative_ionization,2,cross_section,,,,,,,,unknown,,candidate,conservation allows this channel; no source has been consulted
cand_e_SF2*_to_e_S_F2,e + SF2* -> e + S + F2,electron,dissociation,2,cross_section,,,,,,,,unknown,,candidate,conservation allows this channel; no source has been consulted
cand_e_SF2*_to_e_e_Sp_F2,e + SF2* -> e + e + S+ + F2,electron,dissociative_ionization,2,cross_section,,,,,,,,unknown,,candidate,conservation allows this channel; no source has been consulted
cand_e_SF2_v_to_e_SF2_v,e + SF2_v -> e + SF2_v,electron,elastic,2,cross_section,0.0,,,,,,,unknown,,candidate,conservation allows this channel; no source has been consulted
cand_e_SF2_v_to_e_e_SF2p,e + SF2_v -> e + e + SF2+,electron,ionization,2,cross_section,,,,,,,,unknown,,candidate,conservation allows this channel; no source has been consulted
cand_e_SF2_v_to_e_SF_F,e + SF2_v -> e + SF + F,electron,dissociation,2,cross_section,,,,,,,,unknown,,candidate,conservation allows this channel; no source has been consulted
cand_e_SF2_v_to_e_e_SFp_F,e + SF2_v -> e + e + SF+ + F,electron,dissociative_ionization,2,cross_section,,,,,,,,unknown,,candidate,conservation allows this channel; no source has been consulted
cand_e_SF2_v_to_e_S_F2,e + SF2_v -> e + S + F2,electron,dissociation,2,cross_section,,,,,,,,unknown,,candidate,conservation allows this channel; no source has been consulted
cand_e_SF2_v_to_e_e_Sp_F2,e + SF2_v -> e + e + S+ + F2,electron,dissociative_ionization,2,cross_section,,,,,,,,unknown,,candidate,conservation allows this channel; no source has been consulted
cand_e_SF3*_to_e_SF3*,e + SF3* -> e + SF3*,electron,elastic,2,cross_section,0.0,,,,,,,unknown,,candidate,conservation allows this channel; no source has been consulted
cand_e_SF3*_to_e_e_SF3p,e + SF3* -> e + e + SF3+,electron,ionization,2,cross_section,,,,,,,,unknown,,candidate,conservation allows this channel; no source has been consulted
cand_e_SF3*_to_e_SF2_F,e + SF3* -> e + SF2 + F,electron,dissociation,2,cross_section,,,,,,,,unknown,,candidate,conservation allows this channel; no source has been consulted
cand_e_SF3*_to_e_e_SF2p_F,e + SF3* -> e + e + SF2+ + F,electron,dissociative_ionization,2,cross_section,,,,,,,,unknown,,candidate,conservation allows this channel; no source has been consulted
cand_e_SF3*_to_e_SF_F2,e + SF3* -> e + SF + F2,electron,dissociation,2,cross_section,,,,,,,,unknown,,candidate,conservation allows this channel; no source has been consulted
cand_e_SF3*_to_e_e_SFp_F2,e + SF3* -> e + e + SF+ + F2,electron,dissociative_ionization,2,cross_section,,,,,,,,unknown,,candidate,conservation allows this channel; no source has been consulted
cand_e_SF3_v_to_e_SF3_v,e + SF3_v -> e + SF3_v,electron,elastic,2,cross_section,0.0,,,,,,,unknown,,candidate,conservation allows this channel; no source has been consulted
cand_e_SF3_v_to_e_e_SF3p,e + SF3_v -> e + e + SF3+,electron,ionization,2,cross_section,,,,,,,,unknown,,candidate,conservation allows this channel; no source has been consulted
cand_e_SF3_v_to_e_SF2_F,e + SF3_v -> e + SF2 + F,electron,dissociation,2,cross_section,,,,,,,,unknown,,candidate,conservation allows this channel; no source has been consulted
cand_e_SF3_v_to_e_e_SF2p_F,e + SF3_v -> e + e + SF2+ + F,electron,dissociative_ionization,2,cross_section,,,,,,,,unknown,,candidate,conservation allows this channel; no source has been consulted
cand_e_SF3_v_to_e_SF_F2,e + SF3_v -> e + SF + F2,electron,dissociation,2,cross_section,,,,,,,,unknown,,candidate,conservation allows this channel; no source has been consulted
cand_e_SF3_v_to_e_e_SFp_F2,e + SF3_v -> e + e + SF+ + F2,electron,dissociative_ionization,2,cross_section,,,,,,,,unknown,,candidate,conservation allows this channel; no source has been consulted
cand_e_SF4*_to_e_SF4*,e + SF4* -> e + SF4*,electron,elastic,2,cross_section,0.0,,,,,,,unknown,,candidate,conservation allows this channel; no source has been consulted
cand_e_SF4*_to_e_e_SF4p,e + SF4* -> e + e + SF4+,electron,ionization,2,cross_section,,,,,,,,unknown,,candidate,conservation allows this channel; no source has been consulted
cand_e_SF4*_to_e_SF3_F,e + SF4* -> e + SF3 + F,electron,dissociation,2,cross_section,,,,,,,,unknown,,candidate,conservation allows this channel; no source has been consulted
cand_e_SF4*_to_e_e_SF3p_F,e + SF4* -> e + e + SF3+ + F,electron,dissociative_ionization,2,cross_section,,,,,,,,unknown,,candidate,conservation allows this channel; no source has been consulted
cand_e_SF4*_to_e_SF2_F2,e + SF4* -> e + SF2 + F2,electron,dissociation,2,cross_section,,,,,,,,unknown,,candidate,conservation allows this channel; no source has been consulted
cand_e_SF4*_to_e_e_SF2p_F2,e + SF4* -> e + e + SF2+ + F2,electron,dissociative_ionization,2,cross_section,,,,,,,,unknown,,candidate,conservation allows this channel; no source has been consulted
cand_e_SF4_v_to_e_SF4_v,e + SF4_v -> e + SF4_v,electron,elastic,2,cross_section,0.0,,,,,,,unknown,,candidate,conservation allows this channel; no source has been consulted
cand_e_SF4_v_to_e_e_SF4p,e + SF4_v -> e + e + SF4+,electron,ionization,2,cross_section,,,,,,,,unknown,,candidate,conservation allows this channel; no source has been consulted
cand_e_SF4_v_to_e_SF3_F,e + SF4_v -> e + SF3 + F,electron,dissociation,2,cross_section,,,,,,,,unknown,,candidate,conservation allows this channel; no source has been consulted
cand_e_SF4_v_to_e_e_SF3p_F,e + SF4_v -> e + e + SF3+ + F,electron,dissociative_ionization,2,cross_section,,,,,,,,unknown,,candidate,conservation allows this channel; no source has been consulted
cand_e_SF4_v_to_e_SF2_F2,e + SF4_v -> e + SF2 + F2,electron,dissociation,2,cross_section,,-4.75875,,,,,,unknown,,candidate,conservation allows this channel; no source has been consulted
cand_e_SF4_v_to_e_e_SF2p_F2,e + SF4_v -> e + e + SF2+ + F2,electron,dissociative_ionization,2,cross_section,,,,,,,,unknown,,candidate,conservation allows this channel; no source has been consulted
cand_e_SF5*_to_e_SF5*,e + SF5* -> e + SF5*,electron,elastic,2,cross_section,0.0,,,,,,,unknown,,candidate,conservation allows this channel; no source has been consulted
cand_e_SF5*_to_e_e_SF5p,e + SF5* -> e + e + SF5+,electron,ionization,2,cross_section,,,,,,,,unknown,,candidate,conservation allows this channel; no source has been consulted
cand_e_SF5*_to_e_SF4_F,e + SF5* -> e + SF4 + F,electron,dissociation,2,cross_section,,,,,,,,unknown,,candidate,conservation allows this channel; no source has been consulted
cand_e_SF5*_to_e_e_SF4p_F,e + SF5* -> e + e + SF4+ + F,electron,dissociative_ionization,2,cross_section,,,,,,,,unknown,,candidate,conservation allows this channel; no source has been consulted
cand_e_SF5*_to_e_SF3_F2,e + SF5* -> e + SF3 + F2,electron,dissociation,2,cross_section,,,,,,,,unknown,,candidate,conservation allows this channel; no source has been consulted
cand_e_SF5*_to_e_e_SF3p_F2,e + SF5* -> e + e + SF3+ + F2,electron,dissociative_ionization,2,cross_section,,,,,,,,unknown,,candidate,conservation allows this channel; no source has been consulted
cand_e_SF5_v_to_e_SF5_v,e + SF5_v -> e + SF5_v,electron,elastic,2,cross_section,0.0,,,,,,,unknown,,candidate,conservation allows this channel; no source has been consulted
cand_e_SF5_v_to_e_e_SF5p,e + SF5_v -> e + e + SF5+,electron,ionization,2,cross_section,,,,,,,,unknown,,candidate,conservation allows this channel; no source has been consulted
cand_e_SF5_v_to_e_SF4_F,e + SF5_v -> e + SF4 + F,electron,dissociation,2,cross_section,,,,,,,,unknown,,candidate,conservation allows this channel; no source has been consulted
cand_e_SF5_v_to_e_e_SF4p_F,e + SF5_v -> e + e + SF4+ + F,electron,dissociative_ionization,2,cross_section,,,,,,,,unknown,,candidate,conservation allows this channel; no source has been consulted
cand_e_SF5_v_to_e_SF3_F2,e + SF5_v -> e + SF3 + F2,electron,dissociation,2,cross_section,,,,,,,,unknown,,candidate,conservation allows this channel; no source has been consulted
cand_e_SF5_v_to_e_e_SF3p_F2,e + SF5_v -> e + e + SF3+ + F2,electron,dissociative_ionization,2,cross_section,,,,,,,,unknown,,candidate,conservation allows this channel; no source has been consulted
cand_e_SF_v_to_e_SF_v,e + SF_v -> e + SF_v,electron,elastic,2,cross_section,0.0,,,,,,,unknown,,candidate,conservation allows this channel; no source has been consulted
cand_e_SF_v_to_e_e_SFp,e + SF_v -> e + e + SF+,electron,ionization,2,cross_section,,,,,,,,unknown,,candidate,conservation allows this channel; no source has been consulted
cand_e_SF_v_to_e_F_S,e + SF_v -> e + F + S,electron,dissociation,2,cross_section,,,,,,,,unknown,,candidate,conservation allows this channel; no source has been consulted
cand_e_SF_v_to_e_e_Fp_S,e + SF_v -> e + e + F+ + S,electron,dissociative_ionization,2,cross_section,,,,,,,,unknown,,candidate,conservation allows this channel; no source has been consulted
cand_e_SO_to_e_SO,e + SO -> e + SO,electron,elastic,2,cross_section,0.0,,,,,,,unknown,0.0,candidate,conservation allows this channel; no source has been consulted
cand_e_SO_to_e_e_SOp,e + SO -> e + e + SO+,electron,ionization,2,cross_section,,,,,,,,unknown,,candidate,conservation allows this channel; no source has been consulted
cand_e_SO_to_e_SO_v,e + SO -> e + SO_v,electron,excitation,2,cross_section,,-0.1336,,,,,,unknown,,candidate,conservation allows this channel; no source has been consulted
cand_e_SO_v_to_e_SO,e + SO_v -> e + SO,electron,deexcitation,2,cross_section,0.0,0.0,,,,,,unknown,,candidate,conservation allows this channel; no source has been consulted
cand_e_SO_to_e_SO*,e + SO -> e + SO*,electron,excitation,2,cross_section,,,,,,,,unknown,,candidate,conservation allows this channel; no source has been consulted
cand_e_SO*_to_e_SO,e + SO* -> e + SO,electron,deexcitation,2,cross_section,0.0,0.0,,,,,,unknown,,candidate,conservation allows this channel; no source has been consulted
cand_e_SO_to_e_O_S,e + SO -> e + O + S,electron,dissociation,2,cross_section,,-5.390758,,,,,,unknown,2.647687776031522,candidate,conservation allows this channel; no source has been consulted
cand_e_SO_to_e_e_Op_S,e + SO -> e + e + O+ + S,electron,dissociative_ionization,2,cross_section,,-19.008336000000003,,,,,,unknown,,candidate,conservation allows this channel; no source has been consulted
cand_e_SOF_to_e_SOF,e + SOF -> e + SOF,electron,elastic,2,cross_section,0.0,,,,,,,unknown,,candidate,conservation allows this channel; no source has been consulted
cand_e_SOF_to_e_e_SOFp,e + SOF -> e + e + SOF+,electron,ionization,2,cross_section,,,,,,,,unknown,,candidate,conservation allows this channel; no source has been consulted
cand_e_SOF_to_e_SOF_v,e + SOF -> e + SOF_v,electron,excitation,2,cross_section,,,,,,,,unknown,,candidate,conservation allows this channel; no source has been consulted
cand_e_SOF_v_to_e_SOF,e + SOF_v -> e + SOF,electron,deexcitation,2,cross_section,0.0,0.0,,,,,,unknown,,candidate,conservation allows this channel; no source has been consulted
cand_e_SOF_to_e_SOF*,e + SOF -> e + SOF*,electron,excitation,2,cross_section,,,,,,,,unknown,,candidate,conservation allows this channel; no source has been consulted
cand_e_SOF*_to_e_SOF,e + SOF* -> e + SOF,electron,deexcitation,2,cross_section,0.0,0.0,,,,,,unknown,,candidate,conservation allows this channel; no source has been consulted
cand_e_SOF_to_e_FO_S,e + SOF -> e + FO + S,electron,dissociation,2,cross_section,,,,,,,,unknown,,candidate,conservation allows this channel; no source has been consulted
cand_e_SOF_to_e_e_OFp_S,e + SOF -> e + e + OF+ + S,electron,dissociative_ionization,2,cross_section,,,,,,,,unknown,,candidate,conservation allows this channel; no source has been consulted
cand_e_SOF2_to_e_SOF2,e + SOF2 -> e + SOF2,electron,elastic,2,cross_section,0.0,,,,,,,unknown,0.0,candidate,conservation allows this channel; no source has been consulted
cand_e_SOF2_to_e_e_SOF2p,e + SOF2 -> e + e + SOF2+,electron,ionization,2,cross_section,,,,,,,,unknown,,candidate,conservation allows this channel; no source has been consulted
cand_e_SOF2_to_e_SOF2_v,e + SOF2 -> e + SOF2_v,electron,excitation,2,cross_section,,,,,,,,unknown,,candidate,conservation allows this channel; no source has been consulted
cand_e_SOF2_v_to_e_SOF2,e + SOF2_v -> e + SOF2,electron,deexcitation,2,cross_section,0.0,0.0,,,,,,unknown,,candidate,conservation allows this channel; no source has been consulted
cand_e_SOF2_to_e_SOF2*,e + SOF2 -> e + SOF2*,electron,excitation,2,cross_section,,,,,,,,unknown,,candidate,conservation allows this channel; no source has been consulted
cand_e_SOF2*_to_e_SOF2,e + SOF2* -> e + SOF2,electron,deexcitation,2,cross_section,0.0,0.0,,,,,,unknown,,candidate,conservation allows this channel; no source has been consulted
cand_e_SOF2_to_e_SOF_F,e + SOF2 -> e + SOF + F,electron,dissociation,2,cross_section,,,,,,,,unknown,,candidate,conservation allows this channel; no source has been consulted
cand_e_SOF2_to_e_e_SOFp_F,e + SOF2 -> e + e + SOF+ + F,electron,dissociative_ionization,2,cross_section,,,,,,,,unknown,,candidate,conservation allows this channel; no source has been consulted
cand_e_SOF2_to_e_SO_F2,e + SOF2 -> e + SO + F2,electron,dissociation,2,cross_section,,-5.702629,,,,,,unknown,5.0852667591583005,candidate,conservation allows this channel; no source has been consulted
cand_e_SOF2_to_e_e_SOp_F2,e + SOF2 -> e + e + SO+ + F2,electron,dissociative_ionization,2,cross_section,,,,,,,,unknown,,candidate,conservation allows this channel; no source has been consulted
cand_e_SOF3_to_e_SOF3,e + SOF3 -> e + SOF3,electron,elastic,2,cross_section,0.0,,,,,,,unknown,,candidate,conservation allows this channel; no source has been consulted
cand_e_SOF3_to_e_e_SOF3p,e + SOF3 -> e + e + SOF3+,electron,ionization,2,cross_section,,,,,,,,unknown,,candidate,conservation allows this channel; no source has been consulted
cand_e_SOF3_to_e_SOF3_v,e + SOF3 -> e + SOF3_v,electron,excitation,2,cross_section,,,,,,,,unknown,,candidate,conservation allows this channel; no source has been consulted
cand_e_SOF3_v_to_e_SOF3,e + SOF3_v -> e + SOF3,electron,deexcitation,2,cross_section,0.0,0.0,,,,,,unknown,,candidate,conservation allows this channel; no source has been consulted
cand_e_SOF3_to_e_SOF3*,e + SOF3 -> e + SOF3*,electron,excitation,2,cross_section,,,,,,,,unknown,,candidate,conservation allows this channel; no source has been consulted
cand_e_SOF3*_to_e_SOF3,e + SOF3* -> e + SOF3,electron,deexcitation,2,cross_section,0.0,0.0,,,,,,unknown,,candidate,conservation allows this channel; no source has been consulted
cand_e_SOF3_to_e_SOF2_F,e + SOF3 -> e + SOF2 + F,electron,dissociation,2,cross_section,,,,,,,,unknown,,candidate,conservation allows this channel; no source has been consulted
cand_e_SOF3_to_e_e_SOF2p_F,e + SOF3 -> e + e + SOF2+ + F,electron,dissociative_ionization,2,cross_section,,,,,,,,unknown,,candidate,conservation allows this channel; no source has been consulted
cand_e_SOF3_to_e_SOF_F2,e + SOF3 -> e + SOF + F2,electron,dissociation,2,cross_section,,,,,,,,unknown,,candidate,conservation allows this channel; no source has been consulted
cand_e_SOF3_to_e_e_SOFp_F2,e + SOF3 -> e + e + SOF+ + F2,electron,dissociative_ionization,2,cross_section,,,,,,,,unknown,,candidate,conservation allows this channel; no source has been consulted
cand_e_SOF4_to_e_SOF4,e + SOF4 -> e + SOF4,electron,elastic,2,cross_section,0.0,,,,,,,unknown,,candidate,conservation allows this channel; no source has been consulted
cand_e_SOF4_to_e_e_SOF4p,e + SOF4 -> e + e + SOF4+,electron,ionization,2,cross_section,,,,,,,,unknown,,candidate,conservation allows this channel; no source has been consulted
cand_e_SOF4_to_e_SOF4_v,e + SOF4 -> e + SOF4_v,electron,excitation,2,cross_section,,,,,,,,unknown,,candidate,conservation allows this channel; no source has been consulted
cand_e_SOF4_v_to_e_SOF4,e + SOF4_v -> e + SOF4,electron,deexcitation,2,cross_section,0.0,0.0,,,,,,unknown,,candidate,conservation allows this channel; no source has been consulted
cand_e_SOF4_to_e_SOF4*,e + SOF4 -> e + SOF4*,electron,excitation,2,cross_section,,,,,,,,unknown,,candidate,conservation allows this channel; no source has been consulted
cand_e_SOF4*_to_e_SOF4,e + SOF4* -> e + SOF4,electron,deexcitation,2,cross_section,0.0,0.0,,,,,,unknown,,candidate,conservation allows this channel; no source has been consulted
cand_e_SOF4_to_e_SOF3_F,e + SOF4 -> e + SOF3 + F,electron,dissociation,2,cross_section,,,,,,,,unknown,,candidate,conservation allows this channel; no source has been consulted
cand_e_SOF4_to_e_e_SOF3p_F,e + SOF4 -> e + e + SOF3+ + F,electron,dissociative_ionization,2,cross_section,,,,,,,,unknown,,candidate,conservation allows this channel; no source has been consulted
cand_e_SOF4_to_e_SOF2_F2,e + SOF4 -> e + SOF2 + F2,electron,dissociation,2,cross_section,,,,,,,,unknown,,candidate,conservation allows this channel; no source has been consulted
cand_e_SOF4_to_e_e_SOF2p_F2,e + SOF4 -> e + e + SOF2+ + F2,electron,dissociative_ionization,2,cross_section,,,,,,,,unknown,,candidate,conservation allows this channel; no source has been consulted
cand_e_S_1D_to_e_e_Sp,e + S_1D -> e + e + S+,electron,ionization,2,cross_section,,,,,,,,unknown,11.599529281377706,candidate,conservation allows this channel; no source has been consulted
cand_e_S_1S_to_e_e_Sp,e + S_1S -> e + e + S+,electron,ionization,2,cross_section,,,,,,,,unknown,9.995007298213643,candidate,conservation allows this channel; no source has been consulted
cand_FO_diss_O_1D,e + FO -> e + F + O_1D,electron,dissociation,2,cross_section,,-4.24466,,,,,,unknown,3.8106519339494636,candidate,"bond energy 2.28 eV plus the 1.97 eV level; the thermodynamic limit, below any measured onset"
cand_FO_diss_O_1S,e + FO -> e + F + O_1S,electron,dissociation,2,cross_section,,-6.467406,,,,,,unknown,6.033397910626621,candidate,"bond energy 2.28 eV plus the 4.19 eV level; the thermodynamic limit, below any measured onset"
cand_SO_diss_O_1D,e + SO -> e + S + O_1D,electron,dissociation,2,cross_section,,-7.3577580000000005,,,,,,unknown,4.614687755392172,candidate,"bond energy 5.39 eV plus the 1.97 eV level; the thermodynamic limit, below any measured onset"
cand_SO_diss_O_1S,e + SO -> e + S + O_1S,electron,dissociation,2,cross_section,,-9.580504000000001,,,,,,unknown,6.837433732069329,candidate,"bond energy 5.39 eV plus the 4.19 eV level; the thermodynamic limit, below any measured onset"
cand_SO_diss_S_1D,e + SO -> e + O + S_1D,electron,dissociation,2,cross_section,,-6.5362,,,,,,unknown,3.7931297640126203,candidate,"bond energy 5.39 eV plus the 1.15 eV level; the thermodynamic limit, below any measured onset"
cand_SO_diss_S_1S,e + SO -> e + O + S_1S,electron,dissociation,2,cross_section,,-8.140722,,,,,,unknown,5.397651747176684,candidate,"bond energy 5.39 eV plus the 2.75 eV level; the thermodynamic limit, below any measured onset"
cand_SOF2_diss_F2_v,e + SOF2 -> e + SO + F2_v,electron,dissociation,2,cross_section,,-5.801729,,,,,,unknown,,candidate,"bond energy 5.70 eV plus the 0.10 eV level; the thermodynamic limit, below any measured onset"
cand_F2_v_Ar_vt,F2_v + Ar -> F2 + Ar,neutral_neutral,vibrational_relaxation,2,rate_coefficient,0.0,,,,,,,unknown,,candidate,a heavy collision de-excites the manifold; the rate depends strongly on which partner it is
cand_F2_v_Ar_4s_vt,F2_v + Ar_4s -> F2 + Ar_4s,neutral_neutral,vibrational_relaxation,2,rate_coefficient,0.0,,,,,,,unknown,,candidate,a heavy collision de-excites the manifold; the rate depends strongly on which partner it is
cand_F2_v_F_vt,F2_v + F -> F2 + F,neutral_neutral,vibrational_relaxation,2,rate_coefficient,0.0,,,,,,,unknown,,candidate,a heavy collision de-excites the manifold; the rate depends strongly on which partner it is
cand_F2_v_F*_vt,F2_v + F* -> F2 + F*,neutral_neutral,vibrational_relaxation,2,rate_coefficient,0.0,,,,,,,unknown,,candidate,a heavy collision de-excites the manifold; the rate depends strongly on which partner it is
cand_F2_v_F2_vt,F2_v + F2 -> F2 + F2,neutral_neutral,vibrational_relaxation,2,rate_coefficient,0.0,,,,,,,unknown,,candidate,a heavy collision de-excites the manifold; the rate depends strongly on which partner it is
cand_F2_v_F2*_vt,F2_v + F2* -> F2 + F2*,neutral_neutral,vibrational_relaxation,2,rate_coefficient,0.0,,,,,,,unknown,,candidate,a heavy collision de-excites the manifold; the rate depends strongly on which partner it is
cand_F2_v_FO_vt,F2_v + FO -> F2 + FO,neutral_neutral,vibrational_relaxation,2,rate_coefficient,0.0,,,,,,,unknown,,candidate,a heavy collision de-excites the manifold; the rate depends strongly on which partner it is
cand_F2_v_O_vt,F2_v + O -> F2 + O,neutral_neutral,vibrational_relaxation,2,rate_coefficient,0.0,,,,,,,unknown,,candidate,a heavy collision de-excites the manifold; the rate depends strongly on which partner it is
cand_F2_v_O2_vt,F2_v + O2 -> F2 + O2,neutral_neutral,vibrational_relaxation,2,rate_coefficient,0.0,,,,,,,unknown,,candidate,a heavy collision de-excites the manifold; the rate depends strongly on which partner it is
cand_F2_v_O2_a1Delta_vt,F2_v + O2_a1Delta -> F2 + O2_a1Delta,neutral_neutral,vibrational_relaxation,2,rate_coefficient,0.0,,,,,,,unknown,,candidate,a heavy collision de-excites the manifold; the rate depends strongly on which partner it is
cand_F2_v_O2_b1Sigma_vt,F2_v + O2_b1Sigma -> F2 + O2_b1Sigma,neutral_neutral,vibrational_relaxation,2,rate_coefficient,0.0,,,,,,,unknown,,candidate,a heavy collision de-excites the manifold; the rate depends strongly on which partner it is
cand_F2_v_O2_v_vt,F2_v + O2_v -> F2 + O2_v,neutral_neutral,vibrational_relaxation,2,rate_coefficient,0.0,,,,,,,unknown,,candidate,a heavy collision de-excites the manifold; the rate depends strongly on which partner it is
cand_F2_v_O_1D_vt,F2_v + O_1D -> F2 + O_1D,neutral_neutral,vibrational_relaxation,2,rate_coefficient,0.0,,,,,,,unknown,,candidate,a heavy collision de-excites the manifold; the rate depends strongly on which partner it is
cand_F2_v_O_1S_vt,F2_v + O_1S -> F2 + O_1S,neutral_neutral,vibrational_relaxation,2,rate_coefficient,0.0,,,,,,,unknown,,candidate,a heavy collision de-excites the manifold; the rate depends strongly on which partner it is
cand_F2_v_S_vt,F2_v + S -> F2 + S,neutral_neutral,vibrational_relaxation,2,rate_coefficient,0.0,,,,,,,unknown,,candidate,a heavy collision de-excites the manifold; the rate depends strongly on which partner it is
cand_F2_v_SF_vt,F2_v + SF -> F2 + SF,neutral_neutral,vibrational_relaxation,2,rate_coefficient,0.0,,,,,,,unknown,,candidate,a heavy collision de-excites the manifold; the rate depends strongly on which partner it is
cand_F2_v_SF*_vt,F2_v + SF* -> F2 + SF*,neutral_neutral,vibrational_relaxation,2,rate_coefficient,0.0,,,,,,,unknown,,candidate,a heavy collision de-excites the manifold; the rate depends strongly on which partner it is
cand_F2_v_SF2_vt,F2_v + SF2 -> F2 + SF2,neutral_neutral,vibrational_relaxation,2,rate_coefficient,0.0,,,,,,,unknown,,candidate,a heavy collision de-excites the manifold; the rate depends strongly on which partner it is
cand_F2_v_SF2*_vt,F2_v + SF2* -> F2 + SF2*,neutral_neutral,vibrational_relaxation,2,rate_coefficient,0.0,,,,,,,unknown,,candidate,a heavy collision de-excites the manifold; the rate depends strongly on which partner it is
cand_F2_v_SF2_v_vt,F2_v + SF2_v -> F2 + SF2_v,neutral_neutral,vibrational_relaxation,2,rate_coefficient,0.0,,,,,,,unknown,,candidate,a heavy collision de-excites the manifold; the rate depends strongly on which partner it is
cand_F2_v_SF3_vt,F2_v + SF3 -> F2 + SF3,neutral_neutral,vibrational_relaxation,2,rate_coefficient,0.0,,,,,,,unknown,,candidate,a heavy collision de-excites the manifold; the rate depends strongly on which partner it is
cand_F2_v_SF3*_vt,F2_v + SF3* -> F2 + SF3*,neutral_neutral,vibrational_relaxation,2,rate_coefficient,0.0,,,,,,,unknown,,candidate,a heavy collision de-excites the manifold; the rate depends strongly on which partner it is
cand_F2_v_SF3_v_vt,F2_v + SF3_v -> F2 + SF3_v,neutral_neutral,vibrational_relaxation,2,rate_coefficient,0.0,,,,,,,unknown,,candidate,a heavy collision de-excites the manifold; the rate depends strongly on which partner it is
cand_F2_v_SF4_vt,F2_v + SF4 -> F2 + SF4,neutral_neutral,vibrational_relaxation,2,rate_coefficient,0.0,,,,,,,unknown,,candidate,a heavy collision de-excites the manifold; the rate depends strongly on which partner it is
cand_F2_v_SF4*_vt,F2_v + SF4* -> F2 + SF4*,neutral_neutral,vibrational_relaxation,2,rate_coefficient,0.0,,,,,,,unknown,,candidate,a heavy collision de-excites the manifold; the rate depends strongly on which partner it is
cand_F2_v_SF4_v_vt,F2_v + SF4_v -> F2 + SF4_v,neutral_neutral,vibrational_relaxation,2,rate_coefficient,0.0,,,,,,,unknown,,candidate,a heavy collision de-excites the manifold; the rate depends strongly on which partner it is
cand_F2_v_SF5_vt,F2_v + SF5 -> F2 + SF5,neutral_neutral,vibrational_relaxation,2,rate_coefficient,0.0,,,,,,,unknown,,candidate,a heavy collision de-excites the manifold; the rate depends strongly on which partner it is
cand_F2_v_SF5*_vt,F2_v + SF5* -> F2 + SF5*,neutral_neutral,vibrational_relaxation,2,rate_coefficient,0.0,,,,,,,unknown,,candidate,a heavy collision de-excites the manifold; the rate depends strongly on which partner it is
cand_F2_v_SF5_v_vt,F2_v + SF5_v -> F2 + SF5_v,neutral_neutral,vibrational_relaxation,2,rate_coefficient,0.0,,,,,,,unknown,,candidate,a heavy collision de-excites the manifold; the rate depends strongly on which partner it is
cand_F2_v_SF6_vt,F2_v + SF6 -> F2 + SF6,neutral_neutral,vibrational_relaxation,2,rate_coefficient,0.0,,,,,,,unknown,,candidate,a heavy collision de-excites the manifold; the rate depends strongly on which partner it is
cand_F2_v_SF6*_vt,F2_v + SF6* -> F2 + SF6*,neutral_neutral,vibrational_relaxation,2,rate_coefficient,0.0,,,,,,,unknown,,candidate,a heavy collision de-excites the manifold; the rate depends strongly on which partner it is
cand_F2_v_SF6_v_vt,F2_v + SF6_v -> F2 + SF6_v,neutral_neutral,vibrational_relaxation,2,rate_coefficient,0.0,,,,,,,unknown,,candidate,a heavy collision de-excites the manifold; the rate depends strongly on which partner it is
cand_F2_v_SF_v_vt,F2_v + SF_v -> F2 + SF_v,neutral_neutral,vibrational_relaxation,2,rate_coefficient,0.0,,,,,,,unknown,,candidate,a heavy collision de-excites the manifold; the rate depends strongly on which partner it is
cand_F2_v_SO_vt,F2_v + SO -> F2 + SO,neutral_neutral,vibrational_relaxation,2,rate_coefficient,0.0,,,,,,,unknown,,candidate,a heavy collision de-excites the manifold; the rate depends strongly on which partner it is
cand_F2_v_SOF_vt,F2_v + SOF -> F2 + SOF,neutral_neutral,vibrational_relaxation,2,rate_coefficient,0.0,,,,,,,unknown,,candidate,a heavy collision de-excites the manifold; the rate depends strongly on which partner it is
cand_F2_v_SOF2_vt,F2_v + SOF2 -> F2 + SOF2,neutral_neutral,vibrational_relaxation,2,rate_coefficient,0.0,,,,,,,unknown,,candidate,a heavy collision de-excites the manifold; the rate depends strongly on which partner it is
cand_F2_v_SOF3_vt,F2_v + SOF3 -> F2 + SOF3,neutral_neutral,vibrational_relaxation,2,rate_coefficient,0.0,,,,,,,unknown,,candidate,a heavy collision de-excites the manifold; the rate depends strongly on which partner it is
cand_F2_v_SOF4_vt,F2_v + SOF4 -> F2 + SOF4,neutral_neutral,vibrational_relaxation,2,rate_coefficient,0.0,,,,,,,unknown,,candidate,a heavy collision de-excites the manifold; the rate depends strongly on which partner it is
cand_F2_v_S_1D_vt,F2_v + S_1D -> F2 + S_1D,neutral_neutral,vibrational_relaxation,2,rate_coefficient,0.0,,,,,,,unknown,,candidate,a heavy collision de-excites the manifold; the rate depends strongly on which partner it is
cand_F2_v_S_1S_vt,F2_v + S_1S -> F2 + S_1S,neutral_neutral,vibrational_relaxation,2,rate_coefficient,0.0,,,,,,,unknown,,candidate,a heavy collision de-excites the manifold; the rate depends strongly on which partner it is
cand_O2_v_F*_vt,O2_v + F* -> O2 + F*,neutral_neutral,vibrational_relaxation,2,rate_coefficient,0.0,,,,,,,unknown,,candidate,a heavy collision de-excites the manifold; the rate depends strongly on which partner it is
cand_O2_v_F2*_vt,O2_v + F2* -> O2 + F2*,neutral_neutral,vibrational_relaxation,2,rate_coefficient,0.0,,,,,,,unknown,,candidate,a heavy collision de-excites the manifold; the rate depends strongly on which partner it is
cand_O2_v_F2_v_vt,O2_v + F2_v -> O2 + F2_v,neutral_neutral,vibrational_relaxation,2,rate_coefficient,0.0,,,,,,,unknown,,candidate,a heavy collision de-excites the manifold; the rate depends strongly on which partner it is
cand_O2_v_FO_vt,O2_v + FO -> O2 + FO,neutral_neutral,vibrational_relaxation,2,rate_coefficient,0.0,,,,,,,unknown,,candidate,a heavy collision de-excites the manifold; the rate depends strongly on which partner it is
cand_O2_v_S_vt,O2_v + S -> O2 + S,neutral_neutral,vibrational_relaxation,2,rate_coefficient,0.0,,,,,,,unknown,,candidate,a heavy collision de-excites the manifold; the rate depends strongly on which partner it is
cand_O2_v_SF*_vt,O2_v + SF* -> O2 + SF*,neutral_neutral,vibrational_relaxation,2,rate_coefficient,0.0,,,,,,,unknown,,candidate,a heavy collision de-excites the manifold; the rate depends strongly on which partner it is
cand_O2_v_SF2*_vt,O2_v + SF2* -> O2 + SF2*,neutral_neutral,vibrational_relaxation,2,rate_coefficient,0.0,,,,,,,unknown,,candidate,a heavy collision de-excites the manifold; the rate depends strongly on which partner it is
cand_O2_v_SF2_v_vt,O2_v + SF2_v -> O2 + SF2_v,neutral_neutral,vibrational_relaxation,2,rate_coefficient,0.0,,,,,,,unknown,,candidate,a heavy collision de-excites the manifold; the rate depends strongly on which partner it is
cand_O2_v_SF3*_vt,O2_v + SF3* -> O2 + SF3*,neutral_neutral,vibrational_relaxation,2,rate_coefficient,0.0,,,,,,,unknown,,candidate,a heavy collision de-excites the manifold; the rate depends strongly on which partner it is
cand_O2_v_SF3_v_vt,O2_v + SF3_v -> O2 + SF3_v,neutral_neutral,vibrational_relaxation,2,rate_coefficient,0.0,,,,,,,unknown,,candidate,a heavy collision de-excites the manifold; the rate depends strongly on which partner it is
cand_O2_v_SF4*_vt,O2_v + SF4* -> O2 + SF4*,neutral_neutral,vibrational_relaxation,2,rate_coefficient,0.0,,,,,,,unknown,,candidate,a heavy collision de-excites the manifold; the rate depends strongly on which partner it is
cand_O2_v_SF4_v_vt,O2_v + SF4_v -> O2 + SF4_v,neutral_neutral,vibrational_relaxation,2,rate_coefficient,0.0,,,,,,,unknown,,candidate,a heavy collision de-excites the manifold; the rate depends strongly on which partner it is
cand_O2_v_SF5*_vt,O2_v + SF5* -> O2 + SF5*,neutral_neutral,vibrational_relaxation,2,rate_coefficient,0.0,,,,,,,unknown,,candidate,a heavy collision de-excites the manifold; the rate depends strongly on which partner it is
cand_O2_v_SF5_v_vt,O2_v + SF5_v -> O2 + SF5_v,neutral_neutral,vibrational_relaxation,2,rate_coefficient,0.0,,,,,,,unknown,,candidate,a heavy collision de-excites the manifold; the rate depends strongly on which partner it is
cand_O2_v_SF_v_vt,O2_v + SF_v -> O2 + SF_v,neutral_neutral,vibrational_relaxation,2,rate_coefficient,0.0,,,,,,,unknown,,candidate,a heavy collision de-excites the manifold; the rate depends strongly on which partner it is
cand_O2_v_SO_vt,O2_v + SO -> O2 + SO,neutral_neutral,vibrational_relaxation,2,rate_coefficient,0.0,,,,,,,unknown,,candidate,a heavy collision de-excites the manifold; the rate depends strongly on which partner it is
cand_O2_v_SOF_vt,O2_v + SOF -> O2 + SOF,neutral_neutral,vibrational_relaxation,2,rate_coefficient,0.0,,,,,,,unknown,,candidate,a heavy collision de-excites the manifold; the rate depends strongly on which partner it is
cand_O2_v_SOF2_vt,O2_v + SOF2 -> O2 + SOF2,neutral_neutral,vibrational_relaxation,2,rate_coefficient,0.0,,,,,,,unknown,,candidate,a heavy collision de-excites the manifold; the rate depends strongly on which partner it is
cand_O2_v_SOF3_vt,O2_v + SOF3 -> O2 + SOF3,neutral_neutral,vibrational_relaxation,2,rate_coefficient,0.0,,,,,,,unknown,,candidate,a heavy collision de-excites the manifold; the rate depends strongly on which partner it is
cand_O2_v_SOF4_vt,O2_v + SOF4 -> O2 + SOF4,neutral_neutral,vibrational_relaxation,2,rate_coefficient,0.0,,,,,,,unknown,,candidate,a heavy collision de-excites the manifold; the rate depends strongly on which partner it is
cand_O2_v_S_1D_vt,O2_v + S_1D -> O2 + S_1D,neutral_neutral,vibrational_relaxation,2,rate_coefficient,0.0,,,,,,,unknown,,candidate,a heavy collision de-excites the manifold; the rate depends strongly on which partner it is
cand_O2_v_S_1S_vt,O2_v + S_1S -> O2 + S_1S,neutral_neutral,vibrational_relaxation,2,rate_coefficient,0.0,,,,,,,unknown,,candidate,a heavy collision de-excites the manifold; the rate depends strongly on which partner it is
cand_SF2_v_Ar_vt,SF2_v + Ar -> SF2 + Ar,neutral_neutral,vibrational_relaxation,2,rate_coefficient,0.0,,,,,,,unknown,,candidate,a heavy collision de-excites the manifold; the rate depends strongly on which partner it is
cand_SF2_v_Ar_4s_vt,SF2_v + Ar_4s -> SF2 + Ar_4s,neutral_neutral,vibrational_relaxation,2,rate_coefficient,0.0,,,,,,,unknown,,candidate,a heavy collision de-excites the manifold; the rate depends strongly on which partner it is
cand_SF2_v_F_vt,SF2_v + F -> SF2 + F,neutral_neutral,vibrational_relaxation,2,rate_coefficient,0.0,,,,,,,unknown,,candidate,a heavy collision de-excites the manifold; the rate depends strongly on which partner it is
cand_SF2_v_F*_vt,SF2_v + F* -> SF2 + F*,neutral_neutral,vibrational_relaxation,2,rate_coefficient,0.0,,,,,,,unknown,,candidate,a heavy collision de-excites the manifold; the rate depends strongly on which partner it is
cand_SF2_v_F2_vt,SF2_v + F2 -> SF2 + F2,neutral_neutral,vibrational_relaxation,2,rate_coefficient,0.0,,,,,,,unknown,,candidate,a heavy collision de-excites the manifold; the rate depends strongly on which partner it is
cand_SF2_v_F2*_vt,SF2_v + F2* -> SF2 + F2*,neutral_neutral,vibrational_relaxation,2,rate_coefficient,0.0,,,,,,,unknown,,candidate,a heavy collision de-excites the manifold; the rate depends strongly on which partner it is
cand_SF2_v_F2_v_vt,SF2_v + F2_v -> SF2 + F2_v,neutral_neutral,vibrational_relaxation,2,rate_coefficient,0.0,,,,,,,unknown,,candidate,a heavy collision de-excites the manifold; the rate depends strongly on which partner it is
cand_SF2_v_FO_vt,SF2_v + FO -> SF2 + FO,neutral_neutral,vibrational_relaxation,2,rate_coefficient,0.0,,,,,,,unknown,,candidate,a heavy collision de-excites the manifold; the rate depends strongly on which partner it is
cand_SF2_v_O_vt,SF2_v + O -> SF2 + O,neutral_neutral,vibrational_relaxation,2,rate_coefficient,0.0,,,,,,,unknown,,candidate,a heavy collision de-excites the manifold; the rate depends strongly on which partner it is
cand_SF2_v_O2_vt,SF2_v + O2 -> SF2 + O2,neutral_neutral,vibrational_relaxation,2,rate_coefficient,0.0,,,,,,,unknown,,candidate,a heavy collision de-excites the manifold; the rate depends strongly on which partner it is
cand_SF2_v_O2_a1Delta_vt,SF2_v + O2_a1Delta -> SF2 + O2_a1Delta,neutral_neutral,vibrational_relaxation,2,rate_coefficient,0.0,,,,,,,unknown,,candidate,a heavy collision de-excites the manifold; the rate depends strongly on which partner it is
cand_SF2_v_O2_b1Sigma_vt,SF2_v + O2_b1Sigma -> SF2 + O2_b1Sigma,neutral_neutral,vibrational_relaxation,2,rate_coefficient,0.0,,,,,,,unknown,,candidate,a heavy collision de-excites the manifold; the rate depends strongly on which partner it is
cand_SF2_v_O2_v_vt,SF2_v + O2_v -> SF2 + O2_v,neutral_neutral,vibrational_relaxation,2,rate_coefficient,0.0,,,,,,,unknown,,candidate,a heavy collision de-excites the manifold; the rate depends strongly on which partner it is
cand_SF2_v_O_1D_vt,SF2_v + O_1D -> SF2 + O_1D,neutral_neutral,vibrational_relaxation,2,rate_coefficient,0.0,,,,,,,unknown,,candidate,a heavy collision de-excites the manifold; the rate depends strongly on which partner it is
cand_SF2_v_O_1S_vt,SF2_v + O_1S -> SF2 + O_1S,neutral_neutral,vibrational_relaxation,2,rate_coefficient,0.0,,,,,,,unknown,,candidate,a heavy collision de-excites the manifold; the rate depends strongly on which partner it is
cand_SF2_v_S_vt,SF2_v + S -> SF2 + S,neutral_neutral,vibrational_relaxation,2,rate_coefficient,0.0,,,,,,,unknown,,candidate,a heavy collision de-excites the manifold; the rate depends strongly on which partner it is
cand_SF2_v_SF_vt,SF2_v + SF -> SF2 + SF,neutral_neutral,vibrational_relaxation,2,rate_coefficient,0.0,,,,,,,unknown,,candidate,a heavy collision de-excites the manifold; the rate depends strongly on which partner it is
cand_SF2_v_SF*_vt,SF2_v + SF* -> SF2 + SF*,neutral_neutral,vibrational_relaxation,2,rate_coefficient,0.0,,,,,,,unknown,,candidate,a heavy collision de-excites the manifold; the rate depends strongly on which partner it is
cand_SF2_v_SF2_vt,SF2_v + SF2 -> SF2 + SF2,neutral_neutral,vibrational_relaxation,2,rate_coefficient,0.0,,,,,,,unknown,,candidate,a heavy collision de-excites the manifold; the rate depends strongly on which partner it is
cand_SF2_v_SF2*_vt,SF2_v + SF2* -> SF2 + SF2*,neutral_neutral,vibrational_relaxation,2,rate_coefficient,0.0,,,,,,,unknown,,candidate,a heavy collision de-excites the manifold; the rate depends strongly on which partner it is
cand_SF2_v_SF3_vt,SF2_v + SF3 -> SF2 + SF3,neutral_neutral,vibrational_relaxation,2,rate_coefficient,0.0,,,,,,,unknown,,candidate,a heavy collision de-excites the manifold; the rate depends strongly on which partner it is
cand_SF2_v_SF3*_vt,SF2_v + SF3* -> SF2 + SF3*,neutral_neutral,vibrational_relaxation,2,rate_coefficient,0.0,,,,,,,unknown,,candidate,a heavy collision de-excites the manifold; the rate depends strongly on which partner it is
cand_SF2_v_SF3_v_vt,SF2_v + SF3_v -> SF2 + SF3_v,neutral_neutral,vibrational_relaxation,2,rate_coefficient,0.0,,,,,,,unknown,,candidate,a heavy collision de-excites the manifold; the rate depends strongly on which partner it is
cand_SF2_v_SF4_vt,SF2_v + SF4 -> SF2 + SF4,neutral_neutral,vibrational_relaxation,2,rate_coefficient,0.0,,,,,,,unknown,,candidate,a heavy collision de-excites the manifold; the rate depends strongly on which partner it is
cand_SF2_v_SF4*_vt,SF2_v + SF4* -> SF2 + SF4*,neutral_neutral,vibrational_relaxation,2,rate_coefficient,0.0,,,,,,,unknown,,candidate,a heavy collision de-excites the manifold; the rate depends strongly on which partner it is
cand_SF2_v_SF4_v_vt,SF2_v + SF4_v -> SF2 + SF4_v,neutral_neutral,vibrational_relaxation,2,rate_coefficient,0.0,,,,,,,unknown,,candidate,a heavy collision de-excites the manifold; the rate depends strongly on which partner it is
cand_SF2_v_SF5_vt,SF2_v + SF5 -> SF2 + SF5,neutral_neutral,vibrational_relaxation,2,rate_coefficient,0.0,,,,,,,unknown,,candidate,a heavy collision de-excites the manifold; the rate depends strongly on which partner it is
cand_SF2_v_SF5*_vt,SF2_v + SF5* -> SF2 + SF5*,neutral_neutral,vibrational_relaxation,2,rate_coefficient,0.0,,,,,,,unknown,,candidate,a heavy collision de-excites the manifold; the rate depends strongly on which partner it is
cand_SF2_v_SF5_v_vt,SF2_v + SF5_v -> SF2 + SF5_v,neutral_neutral,vibrational_relaxation,2,rate_coefficient,0.0,,,,,,,unknown,,candidate,a heavy collision de-excites the manifold; the rate depends strongly on which partner it is
cand_SF2_v_SF6_vt,SF2_v + SF6 -> SF2 + SF6,neutral_neutral,vibrational_relaxation,2,rate_coefficient,0.0,,,,,,,unknown,,candidate,a heavy collision de-excites the manifold; the rate depends strongly on which partner it is
cand_SF2_v_SF6*_vt,SF2_v + SF6* -> SF2 + SF6*,neutral_neutral,vibrational_relaxation,2,rate_coefficient,0.0,,,,,,,unknown,,candidate,a heavy collision de-excites the manifold; the rate depends strongly on which partner it is
cand_SF2_v_SF6_v_vt,SF2_v + SF6_v -> SF2 + SF6_v,neutral_neutral,vibrational_relaxation,2,rate_coefficient,0.0,,,,,,,unknown,,candidate,a heavy collision de-excites the manifold; the rate depends strongly on which partner it is
cand_SF2_v_SF_v_vt,SF2_v + SF_v -> SF2 + SF_v,neutral_neutral,vibrational_relaxation,2,rate_coefficient,0.0,,,,,,,unknown,,candidate,a heavy collision de-excites the manifold; the rate depends strongly on which partner it is
cand_SF2_v_SO_vt,SF2_v + SO -> SF2 + SO,neutral_neutral,vibrational_relaxation,2,rate_coefficient,0.0,,,,,,,unknown,,candidate,a heavy collision de-excites the manifold; the rate depends strongly on which partner it is
cand_SF2_v_SOF_vt,SF2_v + SOF -> SF2 + SOF,neutral_neutral,vibrational_relaxation,2,rate_coefficient,0.0,,,,,,,unknown,,candidate,a heavy collision de-excites the manifold; the rate depends strongly on which partner it is
cand_SF2_v_SOF2_vt,SF2_v + SOF2 -> SF2 + SOF2,neutral_neutral,vibrational_relaxation,2,rate_coefficient,0.0,,,,,,,unknown,,candidate,a heavy collision de-excites the manifold; the rate depends strongly on which partner it is
cand_SF2_v_SOF3_vt,SF2_v + SOF3 -> SF2 + SOF3,neutral_neutral,vibrational_relaxation,2,rate_coefficient,0.0,,,,,,,unknown,,candidate,a heavy collision de-excites the manifold; the rate depends strongly on which partner it is
cand_SF2_v_SOF4_vt,SF2_v + SOF4 -> SF2 + SOF4,neutral_neutral,vibrational_relaxation,2,rate_coefficient,0.0,,,,,,,unknown,,candidate,a heavy collision de-excites the manifold; the rate depends strongly on which partner it is
cand_SF2_v_S_1D_vt,SF2_v + S_1D -> SF2 + S_1D,neutral_neutral,vibrational_relaxation,2,rate_coefficient,0.0,,,,,,,unknown,,candidate,a heavy collision de-excites the manifold; the rate depends strongly on which partner it is
cand_SF2_v_S_1S_vt,SF2_v + S_1S -> SF2 + S_1S,neutral_neutral,vibrational_relaxation,2,rate_coefficient,0.0,,,,,,,unknown,,candidate,a heavy collision de-excites the manifold; the rate depends strongly on which partner it is
cand_SF3_v_Ar_vt,SF3_v + Ar -> SF3 + Ar,neutral_neutral,vibrational_relaxation,2,rate_coefficient,0.0,,,,,,,unknown,,candidate,a heavy collision de-excites the manifold; the rate depends strongly on which partner it is
cand_SF3_v_Ar_4s_vt,SF3_v + Ar_4s -> SF3 + Ar_4s,neutral_neutral,vibrational_relaxation,2,rate_coefficient,0.0,,,,,,,unknown,,candidate,a heavy collision de-excites the manifold; the rate depends strongly on which partner it is
cand_SF3_v_F_vt,SF3_v + F -> SF3 + F,neutral_neutral,vibrational_relaxation,2,rate_coefficient,0.0,,,,,,,unknown,,candidate,a heavy collision de-excites the manifold; the rate depends strongly on which partner it is
cand_SF3_v_F*_vt,SF3_v + F* -> SF3 + F*,neutral_neutral,vibrational_relaxation,2,rate_coefficient,0.0,,,,,,,unknown,,candidate,a heavy collision de-excites the manifold; the rate depends strongly on which partner it is
cand_SF3_v_F2_vt,SF3_v + F2 -> SF3 + F2,neutral_neutral,vibrational_relaxation,2,rate_coefficient,0.0,,,,,,,unknown,,candidate,a heavy collision de-excites the manifold; the rate depends strongly on which partner it is
cand_SF3_v_F2*_vt,SF3_v + F2* -> SF3 + F2*,neutral_neutral,vibrational_relaxation,2,rate_coefficient,0.0,,,,,,,unknown,,candidate,a heavy collision de-excites the manifold; the rate depends strongly on which partner it is
cand_SF3_v_F2_v_vt,SF3_v + F2_v -> SF3 + F2_v,neutral_neutral,vibrational_relaxation,2,rate_coefficient,0.0,,,,,,,unknown,,candidate,a heavy collision de-excites the manifold; the rate depends strongly on which partner it is
cand_SF3_v_FO_vt,SF3_v + FO -> SF3 + FO,neutral_neutral,vibrational_relaxation,2,rate_coefficient,0.0,,,,,,,unknown,,candidate,a heavy collision de-excites the manifold; the rate depends strongly on which partner it is
cand_SF3_v_O_vt,SF3_v + O -> SF3 + O,neutral_neutral,vibrational_relaxation,2,rate_coefficient,0.0,,,,,,,unknown,,candidate,a heavy collision de-excites the manifold; the rate depends strongly on which partner it is
cand_SF3_v_O2_vt,SF3_v + O2 -> SF3 + O2,neutral_neutral,vibrational_relaxation,2,rate_coefficient,0.0,,,,,,,unknown,,candidate,a heavy collision de-excites the manifold; the rate depends strongly on which partner it is
cand_SF3_v_O2_a1Delta_vt,SF3_v + O2_a1Delta -> SF3 + O2_a1Delta,neutral_neutral,vibrational_relaxation,2,rate_coefficient,0.0,,,,,,,unknown,,candidate,a heavy collision de-excites the manifold; the rate depends strongly on which partner it is
cand_SF3_v_O2_b1Sigma_vt,SF3_v + O2_b1Sigma -> SF3 + O2_b1Sigma,neutral_neutral,vibrational_relaxation,2,rate_coefficient,0.0,,,,,,,unknown,,candidate,a heavy collision de-excites the manifold; the rate depends strongly on which partner it is
cand_SF3_v_O2_v_vt,SF3_v + O2_v -> SF3 + O2_v,neutral_neutral,vibrational_relaxation,2,rate_coefficient,0.0,,,,,,,unknown,,candidate,a heavy collision de-excites the manifold; the rate depends strongly on which partner it is
cand_SF3_v_O_1D_vt,SF3_v + O_1D -> SF3 + O_1D,neutral_neutral,vibrational_relaxation,2,rate_coefficient,0.0,,,,,,,unknown,,candidate,a heavy collision de-excites the manifold; the rate depends strongly on which partner it is
cand_SF3_v_O_1S_vt,SF3_v + O_1S -> SF3 + O_1S,neutral_neutral,vibrational_relaxation,2,rate_coefficient,0.0,,,,,,,unknown,,candidate,a heavy collision de-excites the manifold; the rate depends strongly on which partner it is
cand_SF3_v_S_vt,SF3_v + S -> SF3 + S,neutral_neutral,vibrational_relaxation,2,rate_coefficient,0.0,,,,,,,unknown,,candidate,a heavy collision de-excites the manifold; the rate depends strongly on which partner it is
cand_SF3_v_SF_vt,SF3_v + SF -> SF3 + SF,neutral_neutral,vibrational_relaxation,2,rate_coefficient,0.0,,,,,,,unknown,,candidate,a heavy collision de-excites the manifold; the rate depends strongly on which partner it is
cand_SF3_v_SF*_vt,SF3_v + SF* -> SF3 + SF*,neutral_neutral,vibrational_relaxation,2,rate_coefficient,0.0,,,,,,,unknown,,candidate,a heavy collision de-excites the manifold; the rate depends strongly on which partner it is
cand_SF3_v_SF2_vt,SF3_v + SF2 -> SF3 + SF2,neutral_neutral,vibrational_relaxation,2,rate_coefficient,0.0,,,,,,,unknown,,candidate,a heavy collision de-excites the manifold; the rate depends strongly on which partner it is
cand_SF3_v_SF2*_vt,SF3_v + SF2* -> SF3 + SF2*,neutral_neutral,vibrational_relaxation,2,rate_coefficient,0.0,,,,,,,unknown,,candidate,a heavy collision de-excites the manifold; the rate depends strongly on which partner it is
cand_SF3_v_SF2_v_vt,SF3_v + SF2_v -> SF3 + SF2_v,neutral_neutral,vibrational_relaxation,2,rate_coefficient,0.0,,,,,,,unknown,,candidate,a heavy collision de-excites the manifold; the rate depends strongly on which partner it is
cand_SF3_v_SF3_vt,SF3_v + SF3 -> SF3 + SF3,neutral_neutral,vibrational_relaxation,2,rate_coefficient,0.0,,,,,,,unknown,,candidate,a heavy collision de-excites the manifold; the rate depends strongly on which partner it is
cand_SF3_v_SF3*_vt,SF3_v + SF3* -> SF3 + SF3*,neutral_neutral,vibrational_relaxation,2,rate_coefficient,0.0,,,,,,,unknown,,candidate,a heavy collision de-excites the manifold; the rate depends strongly on which partner it is
cand_SF3_v_SF4_vt,SF3_v + SF4 -> SF3 + SF4,neutral_neutral,vibrational_relaxation,2,rate_coefficient,0.0,,,,,,,unknown,,candidate,a heavy collision de-excites the manifold; the rate depends strongly on which partner it is
cand_SF3_v_SF4*_vt,SF3_v + SF4* -> SF3 + SF4*,neutral_neutral,vibrational_relaxation,2,rate_coefficient,0.0,,,,,,,unknown,,candidate,a heavy collision de-excites the manifold; the rate depends strongly on which partner it is
cand_SF3_v_SF4_v_vt,SF3_v + SF4_v -> SF3 + SF4_v,neutral_neutral,vibrational_relaxation,2,rate_coefficient,0.0,,,,,,,unknown,,candidate,a heavy collision de-excites the manifold; the rate depends strongly on which partner it is
cand_SF3_v_SF5_vt,SF3_v + SF5 -> SF3 + SF5,neutral_neutral,vibrational_relaxation,2,rate_coefficient,0.0,,,,,,,unknown,,candidate,a heavy collision de-excites the manifold; the rate depends strongly on which partner it is
cand_SF3_v_SF5*_vt,SF3_v + SF5* -> SF3 + SF5*,neutral_neutral,vibrational_relaxation,2,rate_coefficient,0.0,,,,,,,unknown,,candidate,a heavy collision de-excites the manifold; the rate depends strongly on which partner it is
cand_SF3_v_SF5_v_vt,SF3_v + SF5_v -> SF3 + SF5_v,neutral_neutral,vibrational_relaxation,2,rate_coefficient,0.0,,,,,,,unknown,,candidate,a heavy collision de-excites the manifold; the rate depends strongly on which partner it is
cand_SF3_v_SF6_vt,SF3_v + SF6 -> SF3 + SF6,neutral_neutral,vibrational_relaxation,2,rate_coefficient,0.0,,,,,,,unknown,,candidate,a heavy collision de-excites the manifold; the rate depends strongly on which partner it is
cand_SF3_v_SF6*_vt,SF3_v + SF6* -> SF3 + SF6*,neutral_neutral,vibrational_relaxation,2,rate_coefficient,0.0,,,,,,,unknown,,candidate,a heavy collision de-excites the manifold; the rate depends strongly on which partner it is
cand_SF3_v_SF6_v_vt,SF3_v + SF6_v -> SF3 + SF6_v,neutral_neutral,vibrational_relaxation,2,rate_coefficient,0.0,,,,,,,unknown,,candidate,a heavy collision de-excites the manifold; the rate depends strongly on which partner it is
cand_SF3_v_SF_v_vt,SF3_v + SF_v -> SF3 + SF_v,neutral_neutral,vibrational_relaxation,2,rate_coefficient,0.0,,,,,,,unknown,,candidate,a heavy collision de-excites the manifold; the rate depends strongly on which partner it is
cand_SF3_v_SO_vt,SF3_v + SO -> SF3 + SO,neutral_neutral,vibrational_relaxation,2,rate_coefficient,0.0,,,,,,,unknown,,candidate,a heavy collision de-excites the manifold; the rate depends strongly on which partner it is
cand_SF3_v_SOF_vt,SF3_v + SOF -> SF3 + SOF,neutral_neutral,vibrational_relaxation,2,rate_coefficient,0.0,,,,,,,unknown,,candidate,a heavy collision de-excites the manifold; the rate depends strongly on which partner it is
cand_SF3_v_SOF2_vt,SF3_v + SOF2 -> SF3 + SOF2,neutral_neutral,vibrational_relaxation,2,rate_coefficient,0.0,,,,,,,unknown,,candidate,a heavy collision de-excites the manifold; the rate depends strongly on which partner it is
cand_SF3_v_SOF3_vt,SF3_v + SOF3 -> SF3 + SOF3,neutral_neutral,vibrational_relaxation,2,rate_coefficient,0.0,,,,,,,unknown,,candidate,a heavy collision de-excites the manifold; the rate depends strongly on which partner it is
cand_SF3_v_SOF4_vt,SF3_v + SOF4 -> SF3 + SOF4,neutral_neutral,vibrational_relaxation,2,rate_coefficient,0.0,,,,,,,unknown,,candidate,a heavy collision de-excites the manifold; the rate depends strongly on which partner it is
cand_SF3_v_S_1D_vt,SF3_v + S_1D -> SF3 + S_1D,neutral_neutral,vibrational_relaxation,2,rate_coefficient,0.0,,,,,,,unknown,,candidate,a heavy collision de-excites the manifold; the rate depends strongly on which partner it is
cand_SF3_v_S_1S_vt,SF3_v + S_1S -> SF3 + S_1S,neutral_neutral,vibrational_relaxation,2,rate_coefficient,0.0,,,,,,,unknown,,candidate,a heavy collision de-excites the manifold; the rate depends strongly on which partner it is
cand_SF4_v_Ar_vt,SF4_v + Ar -> SF4 + Ar,neutral_neutral,vibrational_relaxation,2,rate_coefficient,0.0,,,,,,,unknown,,candidate,a heavy collision de-excites the manifold; the rate depends strongly on which partner it is
cand_SF4_v_Ar_4s_vt,SF4_v + Ar_4s -> SF4 + Ar_4s,neutral_neutral,vibrational_relaxation,2,rate_coefficient,0.0,,,,,,,unknown,,candidate,a heavy collision de-excites the manifold; the rate depends strongly on which partner it is
cand_SF4_v_F_vt,SF4_v + F -> SF4 + F,neutral_neutral,vibrational_relaxation,2,rate_coefficient,0.0,,,,,,,unknown,,candidate,a heavy collision de-excites the manifold; the rate depends strongly on which partner it is
cand_SF4_v_F*_vt,SF4_v + F* -> SF4 + F*,neutral_neutral,vibrational_relaxation,2,rate_coefficient,0.0,,,,,,,unknown,,candidate,a heavy collision de-excites the manifold; the rate depends strongly on which partner it is
cand_SF4_v_F2_vt,SF4_v + F2 -> SF4 + F2,neutral_neutral,vibrational_relaxation,2,rate_coefficient,0.0,,,,,,,unknown,,candidate,a heavy collision de-excites the manifold; the rate depends strongly on which partner it is
cand_SF4_v_F2*_vt,SF4_v + F2* -> SF4 + F2*,neutral_neutral,vibrational_relaxation,2,rate_coefficient,0.0,,,,,,,unknown,,candidate,a heavy collision de-excites the manifold; the rate depends strongly on which partner it is
cand_SF4_v_F2_v_vt,SF4_v + F2_v -> SF4 + F2_v,neutral_neutral,vibrational_relaxation,2,rate_coefficient,0.0,,,,,,,unknown,,candidate,a heavy collision de-excites the manifold; the rate depends strongly on which partner it is
cand_SF4_v_FO_vt,SF4_v + FO -> SF4 + FO,neutral_neutral,vibrational_relaxation,2,rate_coefficient,0.0,,,,,,,unknown,,candidate,a heavy collision de-excites the manifold; the rate depends strongly on which partner it is
cand_SF4_v_O_vt,SF4_v + O -> SF4 + O,neutral_neutral,vibrational_relaxation,2,rate_coefficient,0.0,,,,,,,unknown,,candidate,a heavy collision de-excites the manifold; the rate depends strongly on which partner it is
cand_SF4_v_O2_vt,SF4_v + O2 -> SF4 + O2,neutral_neutral,vibrational_relaxation,2,rate_coefficient,0.0,,,,,,,unknown,,candidate,a heavy collision de-excites the manifold; the rate depends strongly on which partner it is
cand_SF4_v_O2_a1Delta_vt,SF4_v + O2_a1Delta -> SF4 + O2_a1Delta,neutral_neutral,vibrational_relaxation,2,rate_coefficient,0.0,,,,,,,unknown,,candidate,a heavy collision de-excites the manifold; the rate depends strongly on which partner it is
cand_SF4_v_O2_b1Sigma_vt,SF4_v + O2_b1Sigma -> SF4 + O2_b1Sigma,neutral_neutral,vibrational_relaxation,2,rate_coefficient,0.0,,,,,,,unknown,,candidate,a heavy collision de-excites the manifold; the rate depends strongly on which partner it is
cand_SF4_v_O2_v_vt,SF4_v + O2_v -> SF4 + O2_v,neutral_neutral,vibrational_relaxation,2,rate_coefficient,0.0,,,,,,,unknown,,candidate,a heavy collision de-excites the manifold; the rate depends strongly on which partner it is
cand_SF4_v_O_1D_vt,SF4_v + O_1D -> SF4 + O_1D,neutral_neutral,vibrational_relaxation,2,rate_coefficient,0.0,,,,,,,unknown,,candidate,a heavy collision de-excites the manifold; the rate depends strongly on which partner it is
cand_SF4_v_O_1S_vt,SF4_v + O_1S -> SF4 + O_1S,neutral_neutral,vibrational_relaxation,2,rate_coefficient,0.0,,,,,,,unknown,,candidate,a heavy collision de-excites the manifold; the rate depends strongly on which partner it is
cand_SF4_v_S_vt,SF4_v + S -> SF4 + S,neutral_neutral,vibrational_relaxation,2,rate_coefficient,0.0,,,,,,,unknown,,candidate,a heavy collision de-excites the manifold; the rate depends strongly on which partner it is
cand_SF4_v_SF_vt,SF4_v + SF -> SF4 + SF,neutral_neutral,vibrational_relaxation,2,rate_coefficient,0.0,,,,,,,unknown,,candidate,a heavy collision de-excites the manifold; the rate depends strongly on which partner it is
cand_SF4_v_SF*_vt,SF4_v + SF* -> SF4 + SF*,neutral_neutral,vibrational_relaxation,2,rate_coefficient,0.0,,,,,,,unknown,,candidate,a heavy collision de-excites the manifold; the rate depends strongly on which partner it is
cand_SF4_v_SF2_vt,SF4_v + SF2 -> SF4 + SF2,neutral_neutral,vibrational_relaxation,2,rate_coefficient,0.0,,,,,,,unknown,,candidate,a heavy collision de-excites the manifold; the rate depends strongly on which partner it is
cand_SF4_v_SF2*_vt,SF4_v + SF2* -> SF4 + SF2*,neutral_neutral,vibrational_relaxation,2,rate_coefficient,0.0,,,,,,,unknown,,candidate,a heavy collision de-excites the manifold; the rate depends strongly on which partner it is
cand_SF4_v_SF2_v_vt,SF4_v + SF2_v -> SF4 + SF2_v,neutral_neutral,vibrational_relaxation,2,rate_coefficient,0.0,,,,,,,unknown,,candidate,a heavy collision de-excites the manifold; the rate depends strongly on which partner it is
cand_SF4_v_SF3_vt,SF4_v + SF3 -> SF4 + SF3,neutral_neutral,vibrational_relaxation,2,rate_coefficient,0.0,,,,,,,unknown,,candidate,a heavy collision de-excites the manifold; the rate depends strongly on which partner it is
cand_SF4_v_SF3*_vt,SF4_v + SF3* -> SF4 + SF3*,neutral_neutral,vibrational_relaxation,2,rate_coefficient,0.0,,,,,,,unknown,,candidate,a heavy collision de-excites the manifold; the rate depends strongly on which partner it is
cand_SF4_v_SF3_v_vt,SF4_v + SF3_v -> SF4 + SF3_v,neutral_neutral,vibrational_relaxation,2,rate_coefficient,0.0,,,,,,,unknown,,candidate,a heavy collision de-excites the manifold; the rate depends strongly on which partner it is
cand_SF4_v_SF4_vt,SF4_v + SF4 -> SF4 + SF4,neutral_neutral,vibrational_relaxation,2,rate_coefficient,0.0,,,,,,,unknown,,candidate,a heavy collision de-excites the manifold; the rate depends strongly on which partner it is
cand_SF4_v_SF4*_vt,SF4_v + SF4* -> SF4 + SF4*,neutral_neutral,vibrational_relaxation,2,rate_coefficient,0.0,,,,,,,unknown,,candidate,a heavy collision de-excites the manifold; the rate depends strongly on which partner it is
cand_SF4_v_SF5_vt,SF4_v + SF5 -> SF4 + SF5,neutral_neutral,vibrational_relaxation,2,rate_coefficient,0.0,,,,,,,unknown,,candidate,a heavy collision de-excites the manifold; the rate depends strongly on which partner it is
cand_SF4_v_SF5*_vt,SF4_v + SF5* -> SF4 + SF5*,neutral_neutral,vibrational_relaxation,2,rate_coefficient,0.0,,,,,,,unknown,,candidate,a heavy collision de-excites the manifold; the rate depends strongly on which partner it is
cand_SF4_v_SF5_v_vt,SF4_v + SF5_v -> SF4 + SF5_v,neutral_neutral,vibrational_relaxation,2,rate_coefficient,0.0,,,,,,,unknown,,candidate,a heavy collision de-excites the manifold; the rate depends strongly on which partner it is
cand_SF4_v_SF6_vt,SF4_v + SF6 -> SF4 + SF6,neutral_neutral,vibrational_relaxation,2,rate_coefficient,0.0,,,,,,,unknown,,candidate,a heavy collision de-excites the manifold; the rate depends strongly on which partner it is
cand_SF4_v_SF6*_vt,SF4_v + SF6* -> SF4 + SF6*,neutral_neutral,vibrational_relaxation,2,rate_coefficient,0.0,,,,,,,unknown,,candidate,a heavy collision de-excites the manifold; the rate depends strongly on which partner it is
cand_SF4_v_SF6_v_vt,SF4_v + SF6_v -> SF4 + SF6_v,neutral_neutral,vibrational_relaxation,2,rate_coefficient,0.0,,,,,,,unknown,,candidate,a heavy collision de-excites the manifold; the rate depends strongly on which partner it is
cand_SF4_v_SF_v_vt,SF4_v + SF_v -> SF4 + SF_v,neutral_neutral,vibrational_relaxation,2,rate_coefficient,0.0,,,,,,,unknown,,candidate,a heavy collision de-excites the manifold; the rate depends strongly on which partner it is
cand_SF4_v_SO_vt,SF4_v + SO -> SF4 + SO,neutral_neutral,vibrational_relaxation,2,rate_coefficient,0.0,,,,,,,unknown,,candidate,a heavy collision de-excites the manifold; the rate depends strongly on which partner it is
cand_SF4_v_SOF_vt,SF4_v + SOF -> SF4 + SOF,neutral_neutral,vibrational_relaxation,2,rate_coefficient,0.0,,,,,,,unknown,,candidate,a heavy collision de-excites the manifold; the rate depends strongly on which partner it is
cand_SF4_v_SOF2_vt,SF4_v + SOF2 -> SF4 + SOF2,neutral_neutral,vibrational_relaxation,2,rate_coefficient,0.0,,,,,,,unknown,,candidate,a heavy collision de-excites the manifold; the rate depends strongly on which partner it is
cand_SF4_v_SOF3_vt,SF4_v + SOF3 -> SF4 + SOF3,neutral_neutral,vibrational_relaxation,2,rate_coefficient,0.0,,,,,,,unknown,,candidate,a heavy collision de-excites the manifold; the rate depends strongly on which partner it is
cand_SF4_v_SOF4_vt,SF4_v + SOF4 -> SF4 + SOF4,neutral_neutral,vibrational_relaxation,2,rate_coefficient,0.0,,,,,,,unknown,,candidate,a heavy collision de-excites the manifold; the rate depends strongly on which partner it is
cand_SF4_v_S_1D_vt,SF4_v + S_1D -> SF4 + S_1D,neutral_neutral,vibrational_relaxation,2,rate_coefficient,0.0,,,,,,,unknown,,candidate,a heavy collision de-excites the manifold; the rate depends strongly on which partner it is
cand_SF4_v_S_1S_vt,SF4_v + S_1S -> SF4 + S_1S,neutral_neutral,vibrational_relaxation,2,rate_coefficient,0.0,,,,,,,unknown,,candidate,a heavy collision de-excites the manifold; the rate depends strongly on which partner it is
cand_SF5_v_Ar_vt,SF5_v + Ar -> SF5 + Ar,neutral_neutral,vibrational_relaxation,2,rate_coefficient,0.0,,,,,,,unknown,,candidate,a heavy collision de-excites the manifold; the rate depends strongly on which partner it is
cand_SF5_v_Ar_4s_vt,SF5_v + Ar_4s -> SF5 + Ar_4s,neutral_neutral,vibrational_relaxation,2,rate_coefficient,0.0,,,,,,,unknown,,candidate,a heavy collision de-excites the manifold; the rate depends strongly on which partner it is
cand_SF5_v_F_vt,SF5_v + F -> SF5 + F,neutral_neutral,vibrational_relaxation,2,rate_coefficient,0.0,,,,,,,unknown,,candidate,a heavy collision de-excites the manifold; the rate depends strongly on which partner it is
cand_SF5_v_F*_vt,SF5_v + F* -> SF5 + F*,neutral_neutral,vibrational_relaxation,2,rate_coefficient,0.0,,,,,,,unknown,,candidate,a heavy collision de-excites the manifold; the rate depends strongly on which partner it is
cand_SF5_v_F2_vt,SF5_v + F2 -> SF5 + F2,neutral_neutral,vibrational_relaxation,2,rate_coefficient,0.0,,,,,,,unknown,,candidate,a heavy collision de-excites the manifold; the rate depends strongly on which partner it is
cand_SF5_v_F2*_vt,SF5_v + F2* -> SF5 + F2*,neutral_neutral,vibrational_relaxation,2,rate_coefficient,0.0,,,,,,,unknown,,candidate,a heavy collision de-excites the manifold; the rate depends strongly on which partner it is
cand_SF5_v_F2_v_vt,SF5_v + F2_v -> SF5 + F2_v,neutral_neutral,vibrational_relaxation,2,rate_coefficient,0.0,,,,,,,unknown,,candidate,a heavy collision de-excites the manifold; the rate depends strongly on which partner it is
cand_SF5_v_FO_vt,SF5_v + FO -> SF5 + FO,neutral_neutral,vibrational_relaxation,2,rate_coefficient,0.0,,,,,,,unknown,,candidate,a heavy collision de-excites the manifold; the rate depends strongly on which partner it is
cand_SF5_v_O_vt,SF5_v + O -> SF5 + O,neutral_neutral,vibrational_relaxation,2,rate_coefficient,0.0,,,,,,,unknown,,candidate,a heavy collision de-excites the manifold; the rate depends strongly on which partner it is
cand_SF5_v_O2_vt,SF5_v + O2 -> SF5 + O2,neutral_neutral,vibrational_relaxation,2,rate_coefficient,0.0,,,,,,,unknown,,candidate,a heavy collision de-excites the manifold; the rate depends strongly on which partner it is
cand_SF5_v_O2_a1Delta_vt,SF5_v + O2_a1Delta -> SF5 + O2_a1Delta,neutral_neutral,vibrational_relaxation,2,rate_coefficient,0.0,,,,,,,unknown,,candidate,a heavy collision de-excites the manifold; the rate depends strongly on which partner it is
cand_SF5_v_O2_b1Sigma_vt,SF5_v + O2_b1Sigma -> SF5 + O2_b1Sigma,neutral_neutral,vibrational_relaxation,2,rate_coefficient,0.0,,,,,,,unknown,,candidate,a heavy collision de-excites the manifold; the rate depends strongly on which partner it is
cand_SF5_v_O2_v_vt,SF5_v + O2_v -> SF5 + O2_v,neutral_neutral,vibrational_relaxation,2,rate_coefficient,0.0,,,,,,,unknown,,candidate,a heavy collision de-excites the manifold; the rate depends strongly on which partner it is
cand_SF5_v_O_1D_vt,SF5_v + O_1D -> SF5 + O_1D,neutral_neutral,vibrational_relaxation,2,rate_coefficient,0.0,,,,,,,unknown,,candidate,a heavy collision de-excites the manifold; the rate depends strongly on which partner it is
cand_SF5_v_O_1S_vt,SF5_v + O_1S -> SF5 + O_1S,neutral_neutral,vibrational_relaxation,2,rate_coefficient,0.0,,,,,,,unknown,,candidate,a heavy collision de-excites the manifold; the rate depends strongly on which partner it is
cand_SF5_v_S_vt,SF5_v + S -> SF5 + S,neutral_neutral,vibrational_relaxation,2,rate_coefficient,0.0,,,,,,,unknown,,candidate,a heavy collision de-excites the manifold; the rate depends strongly on which partner it is
cand_SF5_v_SF_vt,SF5_v + SF -> SF5 + SF,neutral_neutral,vibrational_relaxation,2,rate_coefficient,0.0,,,,,,,unknown,,candidate,a heavy collision de-excites the manifold; the rate depends strongly on which partner it is
cand_SF5_v_SF*_vt,SF5_v + SF* -> SF5 + SF*,neutral_neutral,vibrational_relaxation,2,rate_coefficient,0.0,,,,,,,unknown,,candidate,a heavy collision de-excites the manifold; the rate depends strongly on which partner it is
cand_SF5_v_SF2_vt,SF5_v + SF2 -> SF5 + SF2,neutral_neutral,vibrational_relaxation,2,rate_coefficient,0.0,,,,,,,unknown,,candidate,a heavy collision de-excites the manifold; the rate depends strongly on which partner it is
cand_SF5_v_SF2*_vt,SF5_v + SF2* -> SF5 + SF2*,neutral_neutral,vibrational_relaxation,2,rate_coefficient,0.0,,,,,,,unknown,,candidate,a heavy collision de-excites the manifold; the rate depends strongly on which partner it is
cand_SF5_v_SF2_v_vt,SF5_v + SF2_v -> SF5 + SF2_v,neutral_neutral,vibrational_relaxation,2,rate_coefficient,0.0,,,,,,,unknown,,candidate,a heavy collision de-excites the manifold; the rate depends strongly on which partner it is
cand_SF5_v_SF3_vt,SF5_v + SF3 -> SF5 + SF3,neutral_neutral,vibrational_relaxation,2,rate_coefficient,0.0,,,,,,,unknown,,candidate,a heavy collision de-excites the manifold; the rate depends strongly on which partner it is
cand_SF5_v_SF3*_vt,SF5_v + SF3* -> SF5 + SF3*,neutral_neutral,vibrational_relaxation,2,rate_coefficient,0.0,,,,,,,unknown,,candidate,a heavy collision de-excites the manifold; the rate depends strongly on which partner it is
cand_SF5_v_SF3_v_vt,SF5_v + SF3_v -> SF5 + SF3_v,neutral_neutral,vibrational_relaxation,2,rate_coefficient,0.0,,,,,,,unknown,,candidate,a heavy collision de-excites the manifold; the rate depends strongly on which partner it is
cand_SF5_v_SF4_vt,SF5_v + SF4 -> SF5 + SF4,neutral_neutral,vibrational_relaxation,2,rate_coefficient,0.0,,,,,,,unknown,,candidate,a heavy collision de-excites the manifold; the rate depends strongly on which partner it is
cand_SF5_v_SF4*_vt,SF5_v + SF4* -> SF5 + SF4*,neutral_neutral,vibrational_relaxation,2,rate_coefficient,0.0,,,,,,,unknown,,candidate,a heavy collision de-excites the manifold; the rate depends strongly on which partner it is
cand_SF5_v_SF4_v_vt,SF5_v + SF4_v -> SF5 + SF4_v,neutral_neutral,vibrational_relaxation,2,rate_coefficient,0.0,,,,,,,unknown,,candidate,a heavy collision de-excites the manifold; the rate depends strongly on which partner it is
cand_SF5_v_SF5_vt,SF5_v + SF5 -> SF5 + SF5,neutral_neutral,vibrational_relaxation,2,rate_coefficient,0.0,,,,,,,unknown,,candidate,a heavy collision de-excites the manifold; the rate depends strongly on which partner it is
cand_SF5_v_SF5*_vt,SF5_v + SF5* -> SF5 + SF5*,neutral_neutral,vibrational_relaxation,2,rate_coefficient,0.0,,,,,,,unknown,,candidate,a heavy collision de-excites the manifold; the rate depends strongly on which partner it is
cand_SF5_v_SF6_vt,SF5_v + SF6 -> SF5 + SF6,neutral_neutral,vibrational_relaxation,2,rate_coefficient,0.0,,,,,,,unknown,,candidate,a heavy collision de-excites the manifold; the rate depends strongly on which partner it is
cand_SF5_v_SF6*_vt,SF5_v + SF6* -> SF5 + SF6*,neutral_neutral,vibrational_relaxation,2,rate_coefficient,0.0,,,,,,,unknown,,candidate,a heavy collision de-excites the manifold; the rate depends strongly on which partner it is
cand_SF5_v_SF6_v_vt,SF5_v + SF6_v -> SF5 + SF6_v,neutral_neutral,vibrational_relaxation,2,rate_coefficient,0.0,,,,,,,unknown,,candidate,a heavy collision de-excites the manifold; the rate depends strongly on which partner it is
cand_SF5_v_SF_v_vt,SF5_v + SF_v -> SF5 + SF_v,neutral_neutral,vibrational_relaxation,2,rate_coefficient,0.0,,,,,,,unknown,,candidate,a heavy collision de-excites the manifold; the rate depends strongly on which partner it is
cand_SF5_v_SO_vt,SF5_v + SO -> SF5 + SO,neutral_neutral,vibrational_relaxation,2,rate_coefficient,0.0,,,,,,,unknown,,candidate,a heavy collision de-excites the manifold; the rate depends strongly on which partner it is
cand_SF5_v_SOF_vt,SF5_v + SOF -> SF5 + SOF,neutral_neutral,vibrational_relaxation,2,rate_coefficient,0.0,,,,,,,unknown,,candidate,a heavy collision de-excites the manifold; the rate depends strongly on which partner it is
cand_SF5_v_SOF2_vt,SF5_v + SOF2 -> SF5 + SOF2,neutral_neutral,vibrational_relaxation,2,rate_coefficient,0.0,,,,,,,unknown,,candidate,a heavy collision de-excites the manifold; the rate depends strongly on which partner it is
cand_SF5_v_SOF3_vt,SF5_v + SOF3 -> SF5 + SOF3,neutral_neutral,vibrational_relaxation,2,rate_coefficient,0.0,,,,,,,unknown,,candidate,a heavy collision de-excites the manifold; the rate depends strongly on which partner it is
cand_SF5_v_SOF4_vt,SF5_v + SOF4 -> SF5 + SOF4,neutral_neutral,vibrational_relaxation,2,rate_coefficient,0.0,,,,,,,unknown,,candidate,a heavy collision de-excites the manifold; the rate depends strongly on which partner it is
cand_SF5_v_S_1D_vt,SF5_v + S_1D -> SF5 + S_1D,neutral_neutral,vibrational_relaxation,2,rate_coefficient,0.0,,,,,,,unknown,,candidate,a heavy collision de-excites the manifold; the rate depends strongly on which partner it is
cand_SF5_v_S_1S_vt,SF5_v + S_1S -> SF5 + S_1S,neutral_neutral,vibrational_relaxation,2,rate_coefficient,0.0,,,,,,,unknown,,candidate,a heavy collision de-excites the manifold; the rate depends strongly on which partner it is
cand_SF6_v_F*_vt,SF6_v + F* -> SF6 + F*,neutral_neutral,vibrational_relaxation,2,rate_coefficient,0.0,,,,,,,unknown,,candidate,a heavy collision de-excites the manifold; the rate depends strongly on which partner it is
cand_SF6_v_F2*_vt,SF6_v + F2* -> SF6 + F2*,neutral_neutral,vibrational_relaxation,2,rate_coefficient,0.0,,,,,,,unknown,,candidate,a heavy collision de-excites the manifold; the rate depends strongly on which partner it is
cand_SF6_v_F2_v_vt,SF6_v + F2_v -> SF6 + F2_v,neutral_neutral,vibrational_relaxation,2,rate_coefficient,0.0,,,,,,,unknown,,candidate,a heavy collision de-excites the manifold; the rate depends strongly on which partner it is
cand_SF6_v_FO_vt,SF6_v + FO -> SF6 + FO,neutral_neutral,vibrational_relaxation,2,rate_coefficient,0.0,,,,,,,unknown,,candidate,a heavy collision de-excites the manifold; the rate depends strongly on which partner it is
cand_SF6_v_S_vt,SF6_v + S -> SF6 + S,neutral_neutral,vibrational_relaxation,2,rate_coefficient,0.0,,,,,,,unknown,,candidate,a heavy collision de-excites the manifold; the rate depends strongly on which partner it is
cand_SF6_v_SF*_vt,SF6_v + SF* -> SF6 + SF*,neutral_neutral,vibrational_relaxation,2,rate_coefficient,0.0,,,,,,,unknown,,candidate,a heavy collision de-excites the manifold; the rate depends strongly on which partner it is
cand_SF6_v_SF2*_vt,SF6_v + SF2* -> SF6 + SF2*,neutral_neutral,vibrational_relaxation,2,rate_coefficient,0.0,,,,,,,unknown,,candidate,a heavy collision de-excites the manifold; the rate depends strongly on which partner it is
cand_SF6_v_SF2_v_vt,SF6_v + SF2_v -> SF6 + SF2_v,neutral_neutral,vibrational_relaxation,2,rate_coefficient,0.0,,,,,,,unknown,,candidate,a heavy collision de-excites the manifold; the rate depends strongly on which partner it is
cand_SF6_v_SF3*_vt,SF6_v + SF3* -> SF6 + SF3*,neutral_neutral,vibrational_relaxation,2,rate_coefficient,0.0,,,,,,,unknown,,candidate,a heavy collision de-excites the manifold; the rate depends strongly on which partner it is
cand_SF6_v_SF3_v_vt,SF6_v + SF3_v -> SF6 + SF3_v,neutral_neutral,vibrational_relaxation,2,rate_coefficient,0.0,,,,,,,unknown,,candidate,a heavy collision de-excites the manifold; the rate depends strongly on which partner it is
cand_SF6_v_SF4*_vt,SF6_v + SF4* -> SF6 + SF4*,neutral_neutral,vibrational_relaxation,2,rate_coefficient,0.0,,,,,,,unknown,,candidate,a heavy collision de-excites the manifold; the rate depends strongly on which partner it is
cand_SF6_v_SF4_v_vt,SF6_v + SF4_v -> SF6 + SF4_v,neutral_neutral,vibrational_relaxation,2,rate_coefficient,0.0,,,,,,,unknown,,candidate,a heavy collision de-excites the manifold; the rate depends strongly on which partner it is
cand_SF6_v_SF5*_vt,SF6_v + SF5* -> SF6 + SF5*,neutral_neutral,vibrational_relaxation,2,rate_coefficient,0.0,,,,,,,unknown,,candidate,a heavy collision de-excites the manifold; the rate depends strongly on which partner it is
cand_SF6_v_SF5_v_vt,SF6_v + SF5_v -> SF6 + SF5_v,neutral_neutral,vibrational_relaxation,2,rate_coefficient,0.0,,,,,,,unknown,,candidate,a heavy collision de-excites the manifold; the rate depends strongly on which partner it is
cand_SF6_v_SF_v_vt,SF6_v + SF_v -> SF6 + SF_v,neutral_neutral,vibrational_relaxation,2,rate_coefficient,0.0,,,,,,,unknown,,candidate,a heavy collision de-excites the manifold; the rate depends strongly on which partner it is
cand_SF6_v_SO_vt,SF6_v + SO -> SF6 + SO,neutral_neutral,vibrational_relaxation,2,rate_coefficient,0.0,,,,,,,unknown,,candidate,a heavy collision de-excites the manifold; the rate depends strongly on which partner it is
cand_SF6_v_SOF_vt,SF6_v + SOF -> SF6 + SOF,neutral_neutral,vibrational_relaxation,2,rate_coefficient,0.0,,,,,,,unknown,,candidate,a heavy collision de-excites the manifold; the rate depends strongly on which partner it is
cand_SF6_v_SOF2_vt,SF6_v + SOF2 -> SF6 + SOF2,neutral_neutral,vibrational_relaxation,2,rate_coefficient,0.0,,,,,,,unknown,,candidate,a heavy collision de-excites the manifold; the rate depends strongly on which partner it is
cand_SF6_v_SOF3_vt,SF6_v + SOF3 -> SF6 + SOF3,neutral_neutral,vibrational_relaxation,2,rate_coefficient,0.0,,,,,,,unknown,,candidate,a heavy collision de-excites the manifold; the rate depends strongly on which partner it is
cand_SF6_v_SOF4_vt,SF6_v + SOF4 -> SF6 + SOF4,neutral_neutral,vibrational_relaxation,2,rate_coefficient,0.0,,,,,,,unknown,,candidate,a heavy collision de-excites the manifold; the rate depends strongly on which partner it is
cand_SF6_v_S_1D_vt,SF6_v + S_1D -> SF6 + S_1D,neutral_neutral,vibrational_relaxation,2,rate_coefficient,0.0,,,,,,,unknown,,candidate,a heavy collision de-excites the manifold; the rate depends strongly on which partner it is
cand_SF6_v_S_1S_vt,SF6_v + S_1S -> SF6 + S_1S,neutral_neutral,vibrational_relaxation,2,rate_coefficient,0.0,,,,,,,unknown,,candidate,a heavy collision de-excites the manifold; the rate depends strongly on which partner it is
cand_SF_v_Ar_vt,SF_v + Ar -> SF + Ar,neutral_neutral,vibrational_relaxation,2,rate_coefficient,0.0,,,,,,,unknown,,candidate,a heavy collision de-excites the manifold; the rate depends strongly on which partner it is
cand_SF_v_Ar_4s_vt,SF_v + Ar_4s -> SF + Ar_4s,neutral_neutral,vibrational_relaxation,2,rate_coefficient,0.0,,,,,,,unknown,,candidate,a heavy collision de-excites the manifold; the rate depends strongly on which partner it is
cand_SF_v_F_vt,SF_v + F -> SF + F,neutral_neutral,vibrational_relaxation,2,rate_coefficient,0.0,,,,,,,unknown,,candidate,a heavy collision de-excites the manifold; the rate depends strongly on which partner it is
cand_SF_v_F*_vt,SF_v + F* -> SF + F*,neutral_neutral,vibrational_relaxation,2,rate_coefficient,0.0,,,,,,,unknown,,candidate,a heavy collision de-excites the manifold; the rate depends strongly on which partner it is
cand_SF_v_F2_vt,SF_v + F2 -> SF + F2,neutral_neutral,vibrational_relaxation,2,rate_coefficient,0.0,,,,,,,unknown,,candidate,a heavy collision de-excites the manifold; the rate depends strongly on which partner it is
cand_SF_v_F2*_vt,SF_v + F2* -> SF + F2*,neutral_neutral,vibrational_relaxation,2,rate_coefficient,0.0,,,,,,,unknown,,candidate,a heavy collision de-excites the manifold; the rate depends strongly on which partner it is
cand_SF_v_F2_v_vt,SF_v + F2_v -> SF + F2_v,neutral_neutral,vibrational_relaxation,2,rate_coefficient,0.0,,,,,,,unknown,,candidate,a heavy collision de-excites the manifold; the rate depends strongly on which partner it is
cand_SF_v_FO_vt,SF_v + FO -> SF + FO,neutral_neutral,vibrational_relaxation,2,rate_coefficient,0.0,,,,,,,unknown,,candidate,a heavy collision de-excites the manifold; the rate depends strongly on which partner it is
cand_SF_v_O_vt,SF_v + O -> SF + O,neutral_neutral,vibrational_relaxation,2,rate_coefficient,0.0,,,,,,,unknown,,candidate,a heavy collision de-excites the manifold; the rate depends strongly on which partner it is
cand_SF_v_O2_vt,SF_v + O2 -> SF + O2,neutral_neutral,vibrational_relaxation,2,rate_coefficient,0.0,,,,,,,unknown,,candidate,a heavy collision de-excites the manifold; the rate depends strongly on which partner it is
cand_SF_v_O2_a1Delta_vt,SF_v + O2_a1Delta -> SF + O2_a1Delta,neutral_neutral,vibrational_relaxation,2,rate_coefficient,0.0,,,,,,,unknown,,candidate,a heavy collision de-excites the manifold; the rate depends strongly on which partner it is
cand_SF_v_O2_b1Sigma_vt,SF_v + O2_b1Sigma -> SF + O2_b1Sigma,neutral_neutral,vibrational_relaxation,2,rate_coefficient,0.0,,,,,,,unknown,,candidate,a heavy collision de-excites the manifold; the rate depends strongly on which partner it is
cand_SF_v_O2_v_vt,SF_v + O2_v -> SF + O2_v,neutral_neutral,vibrational_relaxation,2,rate_coefficient,0.0,,,,,,,unknown,,candidate,a heavy collision de-excites the manifold; the rate depends strongly on which partner it is
cand_SF_v_O_1D_vt,SF_v + O_1D -> SF + O_1D,neutral_neutral,vibrational_relaxation,2,rate_coefficient,0.0,,,,,,,unknown,,candidate,a heavy collision de-excites the manifold; the rate depends strongly on which partner it is
cand_SF_v_O_1S_vt,SF_v + O_1S -> SF + O_1S,neutral_neutral,vibrational_relaxation,2,rate_coefficient,0.0,,,,,,,unknown,,candidate,a heavy collision de-excites the manifold; the rate depends strongly on which partner it is
cand_SF_v_S_vt,SF_v + S -> SF + S,neutral_neutral,vibrational_relaxation,2,rate_coefficient,0.0,,,,,,,unknown,,candidate,a heavy collision de-excites the manifold; the rate depends strongly on which partner it is
cand_SF_v_SF_vt,SF_v + SF -> SF + SF,neutral_neutral,vibrational_relaxation,2,rate_coefficient,0.0,,,,,,,unknown,,candidate,a heavy collision de-excites the manifold; the rate depends strongly on which partner it is
cand_SF_v_SF*_vt,SF_v + SF* -> SF + SF*,neutral_neutral,vibrational_relaxation,2,rate_coefficient,0.0,,,,,,,unknown,,candidate,a heavy collision de-excites the manifold; the rate depends strongly on which partner it is
cand_SF_v_SF2_vt,SF_v + SF2 -> SF + SF2,neutral_neutral,vibrational_relaxation,2,rate_coefficient,0.0,,,,,,,unknown,,candidate,a heavy collision de-excites the manifold; the rate depends strongly on which partner it is
cand_SF_v_SF2*_vt,SF_v + SF2* -> SF + SF2*,neutral_neutral,vibrational_relaxation,2,rate_coefficient,0.0,,,,,,,unknown,,candidate,a heavy collision de-excites the manifold; the rate depends strongly on which partner it is
cand_SF_v_SF2_v_vt,SF_v + SF2_v -> SF + SF2_v,neutral_neutral,vibrational_relaxation,2,rate_coefficient,0.0,,,,,,,unknown,,candidate,a heavy collision de-excites the manifold; the rate depends strongly on which partner it is
cand_SF_v_SF3_vt,SF_v + SF3 -> SF + SF3,neutral_neutral,vibrational_relaxation,2,rate_coefficient,0.0,,,,,,,unknown,,candidate,a heavy collision de-excites the manifold; the rate depends strongly on which partner it is
cand_SF_v_SF3*_vt,SF_v + SF3* -> SF + SF3*,neutral_neutral,vibrational_relaxation,2,rate_coefficient,0.0,,,,,,,unknown,,candidate,a heavy collision de-excites the manifold; the rate depends strongly on which partner it is
cand_SF_v_SF3_v_vt,SF_v + SF3_v -> SF + SF3_v,neutral_neutral,vibrational_relaxation,2,rate_coefficient,0.0,,,,,,,unknown,,candidate,a heavy collision de-excites the manifold; the rate depends strongly on which partner it is
cand_SF_v_SF4_vt,SF_v + SF4 -> SF + SF4,neutral_neutral,vibrational_relaxation,2,rate_coefficient,0.0,,,,,,,unknown,,candidate,a heavy collision de-excites the manifold; the rate depends strongly on which partner it is
cand_SF_v_SF4*_vt,SF_v + SF4* -> SF + SF4*,neutral_neutral,vibrational_relaxation,2,rate_coefficient,0.0,,,,,,,unknown,,candidate,a heavy collision de-excites the manifold; the rate depends strongly on which partner it is
cand_SF_v_SF4_v_vt,SF_v + SF4_v -> SF + SF4_v,neutral_neutral,vibrational_relaxation,2,rate_coefficient,0.0,,,,,,,unknown,,candidate,a heavy collision de-excites the manifold; the rate depends strongly on which partner it is
cand_SF_v_SF5_vt,SF_v + SF5 -> SF + SF5,neutral_neutral,vibrational_relaxation,2,rate_coefficient,0.0,,,,,,,unknown,,candidate,a heavy collision de-excites the manifold; the rate depends strongly on which partner it is
cand_SF_v_SF5*_vt,SF_v + SF5* -> SF + SF5*,neutral_neutral,vibrational_relaxation,2,rate_coefficient,0.0,,,,,,,unknown,,candidate,a heavy collision de-excites the manifold; the rate depends strongly on which partner it is
cand_SF_v_SF5_v_vt,SF_v + SF5_v -> SF + SF5_v,neutral_neutral,vibrational_relaxation,2,rate_coefficient,0.0,,,,,,,unknown,,candidate,a heavy collision de-excites the manifold; the rate depends strongly on which partner it is
cand_SF_v_SF6_vt,SF_v + SF6 -> SF + SF6,neutral_neutral,vibrational_relaxation,2,rate_coefficient,0.0,,,,,,,unknown,,candidate,a heavy collision de-excites the manifold; the rate depends strongly on which partner it is
cand_SF_v_SF6*_vt,SF_v + SF6* -> SF + SF6*,neutral_neutral,vibrational_relaxation,2,rate_coefficient,0.0,,,,,,,unknown,,candidate,a heavy collision de-excites the manifold; the rate depends strongly on which partner it is
cand_SF_v_SF6_v_vt,SF_v + SF6_v -> SF + SF6_v,neutral_neutral,vibrational_relaxation,2,rate_coefficient,0.0,,,,,,,unknown,,candidate,a heavy collision de-excites the manifold; the rate depends strongly on which partner it is
cand_SF_v_SO_vt,SF_v + SO -> SF + SO,neutral_neutral,vibrational_relaxation,2,rate_coefficient,0.0,,,,,,,unknown,,candidate,a heavy collision de-excites the manifold; the rate depends strongly on which partner it is
cand_SF_v_SOF_vt,SF_v + SOF -> SF + SOF,neutral_neutral,vibrational_relaxation,2,rate_coefficient,0.0,,,,,,,unknown,,candidate,a heavy collision de-excites the manifold; the rate depends strongly on which partner it is
cand_SF_v_SOF2_vt,SF_v + SOF2 -> SF + SOF2,neutral_neutral,vibrational_relaxation,2,rate_coefficient,0.0,,,,,,,unknown,,candidate,a heavy collision de-excites the manifold; the rate depends strongly on which partner it is
cand_SF_v_SOF3_vt,SF_v + SOF3 -> SF + SOF3,neutral_neutral,vibrational_relaxation,2,rate_coefficient,0.0,,,,,,,unknown,,candidate,a heavy collision de-excites the manifold; the rate depends strongly on which partner it is
cand_SF_v_SOF4_vt,SF_v + SOF4 -> SF + SOF4,neutral_neutral,vibrational_relaxation,2,rate_coefficient,0.0,,,,,,,unknown,,candidate,a heavy collision de-excites the manifold; the rate depends strongly on which partner it is
cand_SF_v_S_1D_vt,SF_v + S_1D -> SF + S_1D,neutral_neutral,vibrational_relaxation,2,rate_coefficient,0.0,,,,,,,unknown,,candidate,a heavy collision de-excites the manifold; the rate depends strongly on which partner it is
cand_SF_v_S_1S_vt,SF_v + S_1S -> SF + S_1S,neutral_neutral,vibrational_relaxation,2,rate_coefficient,0.0,,,,,,,unknown,,candidate,a heavy collision de-excites the manifold; the rate depends strongly on which partner it is
cand_Arp_F*_char_Ar_Fp,Ar+ + F* -> Ar + F+,ion_neutral,charge_transfer,2,rate_coefficient,1.6632100000000012,,4.871223276821828e-16,m3/s,langevin_estimate,,352821.2657106786,fast,,candidate,"delta H = +1.66 eV from formation enthalpies, with ion enthalpies built from the ionization energy"
cand_Arp_F2*_char_Ar_F2p,Ar+ + F2* -> Ar + F2+,ion_neutral,charge_transfer,2,rate_coefficient,0.0,,,,,,,unknown,,candidate,"delta H = -0.07 eV from formation enthalpies, with ion enthalpies built from the ionization energy"
cand_Arp_F2*_reac_Arp_F_F,Ar+ + F2* -> Ar+ + F + F,ion_neutral,reactive_scattering,2,rate_coefficient,1.6453100000000003,,,,,,,unknown,,candidate,"delta H = +1.65 eV from formation enthalpies, with ion enthalpies built from the ionization energy"
cand_Arp_F2_v_char_Ar_F2p,Ar+ + F2_v -> Ar + F2+,ion_neutral,charge_transfer,2,rate_coefficient,0.0,,,,,,,unknown,,candidate,"delta H = -0.07 eV from formation enthalpies, with ion enthalpies built from the ionization energy"
cand_Arp_F2_v_reac_Arp_F_F,Ar+ + F2_v -> Ar+ + F + F,ion_neutral,reactive_scattering,2,rate_coefficient,1.6453100000000003,,,,,,,unknown,,candidate,"delta H = +1.65 eV from formation enthalpies, with ion enthalpies built from the ionization energy"
cand_Arp_FO_diss_Ar_F_Op,Ar+ + FO -> Ar + F + O+,ion_neutral,dissociative_charge_transfer,2,rate_coefficient,0.1361050000000008,,,,,,,unknown,,candidate,"delta H = +0.14 eV from formation enthalpies, with ion enthalpies built from the ionization energy"
cand_Arp_S_char_Ar_Sp,Ar+ + S -> Ar + S+,ion_neutral,charge_transfer,2,rate_coefficient,0.0,,9.41571131622826e-16,m3/s,langevin_estimate,,681977.1945098471,fast,-3.030436561971493,candidate,"delta H = -5.40 eV from formation enthalpies, with ion enthalpies built from the ionization energy"
cand_Arp_SF*_char_Ar_SFp,Ar+ + SF* -> Ar + SF+,ion_neutral,charge_transfer,2,rate_coefficient,0.0,,,,,,,unknown,,candidate,"delta H = -5.46 eV from formation enthalpies, with ion enthalpies built from the ionization energy"
cand_Arp_SF2*_char_Ar_SF2p,Ar+ + SF2* -> Ar + SF2+,ion_neutral,charge_transfer,2,rate_coefficient,0.0,,,,,,,unknown,,candidate,"delta H = -4.96 eV from formation enthalpies, with ion enthalpies built from the ionization energy"
cand_Arp_SF2*_diss_Ar_Sp_F2,Ar+ + SF2* -> Ar + S+ + F2,ion_neutral,dissociative_charge_transfer,2,rate_coefficient,0.5479370000000001,,,,,,,unknown,,candidate,"delta H = +0.55 eV from formation enthalpies, with ion enthalpies built from the ionization energy"
cand_Arp_SF2_v_char_Ar_SF2p,Ar+ + SF2_v -> Ar + SF2+,ion_neutral,charge_transfer,2,rate_coefficient,0.0,,,,,,,unknown,,candidate,"delta H = -4.96 eV from formation enthalpies, with ion enthalpies built from the ionization energy"
cand_Arp_SF2_v_diss_Ar_Sp_F2,Ar+ + SF2_v -> Ar + S+ + F2,ion_neutral,dissociative_charge_transfer,2,rate_coefficient,0.5479370000000001,,,,,,,unknown,,candidate,"delta H = +0.55 eV from formation enthalpies, with ion enthalpies built from the ionization energy"
cand_Arp_SF3*_char_Ar_SF3p,Ar+ + SF3* -> Ar + SF3+,ion_neutral,charge_transfer,2,rate_coefficient,0.0,,,,,,,unknown,,candidate,"delta H = -7.58 eV from formation enthalpies, with ion enthalpies built from the ionization energy"
cand_Arp_SF3_v_char_Ar_SF3p,Ar+ + SF3_v -> Ar + SF3+,ion_neutral,charge_transfer,2,rate_coefficient,0.0,,,,,,,unknown,,candidate,"delta H = -7.58 eV from formation enthalpies, with ion enthalpies built from the ionization energy"
cand_Arp_SF4*_char_Ar_SF4p,Ar+ + SF4* -> Ar + SF4+,ion_neutral,charge_transfer,2,rate_coefficient,0.0,,,,,,,unknown,,candidate,"delta H = -3.76 eV from formation enthalpies, with ion enthalpies built from the ionization energy"
cand_Arp_SF4*_diss_Ar_SF2p_F2,Ar+ + SF4* -> Ar + SF2+ + F2,ion_neutral,dissociative_charge_transfer,2,rate_coefficient,0.0,,,,,,,unknown,,candidate,"delta H = -0.12 eV from formation enthalpies, with ion enthalpies built from the ionization energy"
cand_Arp_SF4_v_char_Ar_SF4p,Ar+ + SF4_v -> Ar + SF4+,ion_neutral,charge_transfer,2,rate_coefficient,0.0,,,,,,,unknown,,candidate,"delta H = -3.76 eV from formation enthalpies, with ion enthalpies built from the ionization energy"
cand_Arp_SF4_v_diss_Ar_SF2p_F2,Ar+ + SF4_v -> Ar + SF2+ + F2,ion_neutral,dissociative_charge_transfer,2,rate_coefficient,0.0,,,,,,,unknown,,candidate,"delta H = -0.12 eV from formation enthalpies, with ion enthalpies built from the ionization energy"
cand_Arp_SF5*_char_Ar_SF5p,Ar+ + SF5* -> Ar + SF5+,ion_neutral,charge_transfer,2,rate_coefficient,0.0,,,,,,,unknown,,candidate,"delta H = -6.16 eV from formation enthalpies, with ion enthalpies built from the ionization energy"
cand_Arp_SF5*_diss_Ar_SF4p_F,Ar+ + SF5* -> Ar + SF4+ + F,ion_neutral,dissociative_charge_transfer,2,rate_coefficient,0.0,,,,,,,unknown,,candidate,"delta H = -1.43 eV from formation enthalpies, with ion enthalpies built from the ionization energy"
cand_Arp_SF5_v_char_Ar_SF5p,Ar+ + SF5_v -> Ar + SF5+,ion_neutral,charge_transfer,2,rate_coefficient,0.0,,,,,,,unknown,,candidate,"delta H = -6.16 eV from formation enthalpies, with ion enthalpies built from the ionization energy"
cand_Arp_SF5_v_diss_Ar_SF4p_F,Ar+ + SF5_v -> Ar + SF4+ + F,ion_neutral,dissociative_charge_transfer,2,rate_coefficient,0.0,,,,,,,unknown,,candidate,"delta H = -1.43 eV from formation enthalpies, with ion enthalpies built from the ionization energy"
cand_Arp_SF_v_char_Ar_SFp,Ar+ + SF_v -> Ar + SF+,ion_neutral,charge_transfer,2,rate_coefficient,0.0,,,,,,,unknown,,candidate,"delta H = -5.46 eV from formation enthalpies, with ion enthalpies built from the ionization energy"
cand_Arp_SO_diss_Ar_O_Sp,Ar+ + SO -> Ar + O + S+,ion_neutral,dissociative_charge_transfer,2,rate_coefficient,0.0,,,,,,,unknown,-0.3827487859399728,candidate,"delta H = -0.01 eV from formation enthalpies, with ion enthalpies built from the ionization energy"
cand_Arp_S_1D_char_Ar_Sp,Ar+ + S_1D -> Ar + S+,ion_neutral,charge_transfer,2,rate_coefficient,0.0,,9.41571131622826e-16,m3/s,langevin_estimate,,681977.1945098471,fast,-4.175878549952592,candidate,"delta H = -6.55 eV from formation enthalpies, with ion enthalpies built from the ionization energy"
cand_Arp_S_1S_char_Ar_Sp,Ar+ + S_1S -> Ar + S+,ion_neutral,charge_transfer,2,rate_coefficient,0.0,,9.41571131622826e-16,m3/s,langevin_estimate,,681977.1945098471,fast,-5.780400533116654,candidate,"delta H = -8.15 eV from formation enthalpies, with ion enthalpies built from the ionization energy"
cand_Fp_F2*_char_F_F2p,F+ + F2* -> F + F2+,ion_neutral,charge_transfer,2,rate_coefficient,0.0,,,,,,,unknown,,candidate,"delta H = -1.73 eV from formation enthalpies, with ion enthalpies built from the ionization energy"
cand_Fp_F2*_reac_Fp_F_F,F+ + F2* -> F+ + F + F,ion_neutral,reactive_scattering,2,rate_coefficient,1.6452462746858245,,,,,,,unknown,,candidate,"delta H = +1.65 eV from formation enthalpies, with ion enthalpies built from the ionization energy"
cand_Fp_F2_v_char_F_F2p,F+ + F2_v -> F + F2+,ion_neutral,charge_transfer,2,rate_coefficient,0.0,,,,,,,unknown,,candidate,"delta H = -1.73 eV from formation enthalpies, with ion enthalpies built from the ionization energy"
cand_Fp_F2_v_reac_Fp_F_F,F+ + F2_v -> F+ + F + F,ion_neutral,reactive_scattering,2,rate_coefficient,1.6452462746858245,,,,,,,unknown,,candidate,"delta H = +1.65 eV from formation enthalpies, with ion enthalpies built from the ionization energy"
cand_Fp_FO_diss_F_F_Op,F+ + FO -> F + F + O+,ion_neutral,dissociative_charge_transfer,2,rate_coefficient,0.0,,,,,,,unknown,,candidate,"delta H = -1.53 eV from formation enthalpies, with ion enthalpies built from the ionization energy"
cand_Fp_S_char_F_Sp,F+ + S -> F + S+,ion_neutral,charge_transfer,2,rate_coefficient,0.0,,1.1497090533029646e-15,m3/s,langevin_estimate,,832730.877509754,fast,-4.736053208331489,candidate,"delta H = -7.06 eV from formation enthalpies, with ion enthalpies built from the ionization energy"
cand_Fp_SF*_char_F_SFp,F+ + SF* -> F + SF+,ion_neutral,charge_transfer,2,rate_coefficient,0.0,,,,,,,unknown,,candidate,"delta H = -7.12 eV from formation enthalpies, with ion enthalpies built from the ionization energy"
cand_Fp_SF2*_char_F_SF2p,F+ + SF2* -> F + SF2+,ion_neutral,charge_transfer,2,rate_coefficient,0.0,,,,,,,unknown,,candidate,"delta H = -6.62 eV from formation enthalpies, with ion enthalpies built from the ionization energy"
cand_Fp_SF2*_diss_F_Sp_F2,F+ + SF2* -> F + S+ + F2,ion_neutral,dissociative_charge_transfer,2,rate_coefficient,0.0,,,,,,,unknown,,candidate,"delta H = -1.12 eV from formation enthalpies, with ion enthalpies built from the ionization energy"
cand_Fp_SF2_v_char_F_SF2p,F+ + SF2_v -> F + SF2+,ion_neutral,charge_transfer,2,rate_coefficient,0.0,,,,,,,unknown,,candidate,"delta H = -6.62 eV from formation enthalpies, with ion enthalpies built from the ionization energy"
cand_Fp_SF2_v_diss_F_Sp_F2,F+ + SF2_v -> F + S+ + F2,ion_neutral,dissociative_charge_transfer,2,rate_coefficient,0.0,,,,,,,unknown,,candidate,"delta H = -1.12 eV from formation enthalpies, with ion enthalpies built from the ionization energy"
cand_Fp_SF3*_char_F_SF3p,F+ + SF3* -> F + SF3+,ion_neutral,charge_transfer,2,rate_coefficient,0.0,,,,,,,unknown,,candidate,"delta H = -9.24 eV from formation enthalpies, with ion enthalpies built from the ionization energy"
cand_Fp_SF3_v_char_F_SF3p,F+ + SF3_v -> F + SF3+,ion_neutral,charge_transfer,2,rate_coefficient,0.0,,,,,,,unknown,,candidate,"delta H = -9.24 eV from formation enthalpies, with ion enthalpies built from the ionization energy"
cand_Fp_SF4*_char_F_SF4p,F+ + SF4* -> F + SF4+,ion_neutral,charge_transfer,2,rate_coefficient,0.0,,,,,,,unknown,,candidate,"delta H = -5.42 eV from formation enthalpies, with ion enthalpies built from the ionization energy"
cand_Fp_SF4*_diss_F_SF2p_F2,F+ + SF4* -> F + SF2+ + F2,ion_neutral,dissociative_charge_transfer,2,rate_coefficient,0.0,,,,,,,unknown,,candidate,"delta H = -1.79 eV from formation enthalpies, with ion enthalpies built from the ionization energy"
cand_Fp_SF4_v_char_F_SF4p,F+ + SF4_v -> F + SF4+,ion_neutral,charge_transfer,2,rate_coefficient,0.0,,,,,,,unknown,,candidate,"delta H = -5.42 eV from formation enthalpies, with ion enthalpies built from the ionization energy"
cand_Fp_SF4_v_diss_F_SF2p_F2,F+ + SF4_v -> F + SF2+ + F2,ion_neutral,dissociative_charge_transfer,2,rate_coefficient,0.0,,,,,,,unknown,,candidate,"delta H = -1.79 eV from formation enthalpies, with ion enthalpies built from the ionization energy"
cand_Fp_SF5*_char_F_SF5p,F+ + SF5* -> F + SF5+,ion_neutral,charge_transfer,2,rate_coefficient,0.0,,,,,,,unknown,,candidate,"delta H = -7.82 eV from formation enthalpies, with ion enthalpies built from the ionization energy"
cand_Fp_SF5*_diss_F_SF4p_F,F+ + SF5* -> F + SF4+ + F,ion_neutral,dissociative_charge_transfer,2,rate_coefficient,0.0,,,,,,,unknown,,candidate,"delta H = -3.09 eV from formation enthalpies, with ion enthalpies built from the ionization energy"
cand_Fp_SF5_v_char_F_SF5p,F+ + SF5_v -> F + SF5+,ion_neutral,charge_transfer,2,rate_coefficient,0.0,,,,,,,unknown,,candidate,"delta H = -7.82 eV from formation enthalpies, with ion enthalpies built from the ionization energy"
cand_Fp_SF5_v_diss_F_SF4p_F,F+ + SF5_v -> F + SF4+ + F,ion_neutral,dissociative_charge_transfer,2,rate_coefficient,0.0,,,,,,,unknown,,candidate,"delta H = -3.09 eV from formation enthalpies, with ion enthalpies built from the ionization energy"
cand_Fp_SF_v_char_F_SFp,F+ + SF_v -> F + SF+,ion_neutral,charge_transfer,2,rate_coefficient,0.0,,,,,,,unknown,,candidate,"delta H = -7.12 eV from formation enthalpies, with ion enthalpies built from the ionization energy"
cand_Fp_SO_diss_F_Op_S,F+ + SO -> F + O+ + S,ion_neutral,dissociative_charge_transfer,2,rate_coefficient,1.5859312746858254,,,,,,,unknown,,candidate,"delta H = +1.59 eV from formation enthalpies, with ion enthalpies built from the ionization energy"
cand_Fp_SO_diss_F_O_Sp,F+ + SO -> F + O + S+,ion_neutral,dissociative_charge_transfer,2,rate_coefficient,0.0,,,,,,,unknown,-2.0883654322999665,candidate,"delta H = -1.67 eV from formation enthalpies, with ion enthalpies built from the ionization energy"
cand_Fp_S_1D_char_F_Sp,F+ + S_1D -> F + S+,ion_neutral,charge_transfer,2,rate_coefficient,0.0,,1.1497090533029646e-15,m3/s,langevin_estimate,,832730.877509754,fast,-5.8814951963125885,candidate,"delta H = -8.21 eV from formation enthalpies, with ion enthalpies built from the ionization energy"
cand_Fp_S_1S_char_F_Sp,F+ + S_1S -> F + S+,ion_neutral,charge_transfer,2,rate_coefficient,0.0,,1.1497090533029646e-15,m3/s,langevin_estimate,,832730.877509754,fast,-7.486017179476649,candidate,"delta H = -9.81 eV from formation enthalpies, with ion enthalpies built from the ionization energy"
cand_F2p_Ar_char_F2_Arp,F2+ + Ar -> F2 + Ar+,ion_neutral,charge_transfer,2,rate_coefficient,0.06961200000000112,,6.798778697692477e-16,m3/s,langevin_estimate,,492433.5365246689,fast,,candidate,"delta H = +0.07 eV from formation enthalpies, with ion enthalpies built from the ionization energy"
cand_F2p_Ar_diss_F_F_Arp,F2+ + Ar -> F + F + Ar+,ion_neutral,dissociative_charge_transfer,2,rate_coefficient,1.714920000000001,,6.798778697692477e-16,m3/s,langevin_estimate,,492433.5365246689,fast,,candidate,"delta H = +1.71 eV from formation enthalpies, with ion enthalpies built from the ionization energy"
cand_F2p_Ar_4s_char_F2_Arp,F2+ + Ar_4s -> F2 + Ar+,ion_neutral,charge_transfer,2,rate_coefficient,0.0,,6.801263934292245e-16,m3/s,langevin_estimate,,492613.54147884395,fast,,candidate,"delta H = -11.53 eV from formation enthalpies, with ion enthalpies built from the ionization energy"
cand_F2p_Ar_4s_diss_Fp_F_Ar,F2+ + Ar_4s -> F+ + F + Ar,ion_neutral,dissociative_charge_transfer,2,rate_coefficient,0.0,,6.801263934292245e-16,m3/s,langevin_estimate,,492613.54147884395,fast,,candidate,"delta H = -8.22 eV from formation enthalpies, with ion enthalpies built from the ionization energy"
cand_F2p_Ar_4s_diss_F_F_Arp,F2+ + Ar_4s -> F + F + Ar+,ion_neutral,dissociative_charge_transfer,2,rate_coefficient,0.0,,6.801263934292245e-16,m3/s,langevin_estimate,,492613.54147884395,fast,,candidate,"delta H = -9.89 eV from formation enthalpies, with ion enthalpies built from the ionization energy"
cand_F2p_F_char_F2_Fp,F2+ + F -> F2 + F+,ion_neutral,charge_transfer,2,rate_coefficient,1.732820000000002,,4.91138691582954e-16,m3/s,langevin_estimate,,355730.3062421759,fast,,candidate,"delta H = +1.73 eV from formation enthalpies, with ion enthalpies built from the ionization energy"
cand_F2p_F*_char_F2_Fp,F2+ + F* -> F2 + F+,ion_neutral,charge_transfer,2,rate_coefficient,1.732820000000002,,4.91138691582954e-16,m3/s,langevin_estimate,,355730.3062421759,fast,,candidate,"delta H = +1.73 eV from formation enthalpies, with ion enthalpies built from the ionization energy"
cand_F2p_F2_reac_F_F_F2p,F2+ + F2 -> F + F + F2+,ion_neutral,reactive_scattering,2,rate_coefficient,1.645308,,,,,,,unknown,,candidate,"delta H = +1.65 eV from formation enthalpies, with ion enthalpies built from the ionization energy"
cand_F2p_F2*_reac_F_F_F2p,F2+ + F2* -> F + F + F2+,ion_neutral,reactive_scattering,2,rate_coefficient,1.645308,,,,,,,unknown,,candidate,"delta H = +1.65 eV from formation enthalpies, with ion enthalpies built from the ionization energy"
cand_F2p_F2_v_reac_F_F_F2p,F2+ + F2_v -> F + F + F2+,ion_neutral,reactive_scattering,2,rate_coefficient,1.645308,,,,,,,unknown,,candidate,"delta H = +1.65 eV from formation enthalpies, with ion enthalpies built from the ionization energy"
cand_F2p_FO_diss_F2_F_Op,F2+ + FO -> F2 + F + O+,ion_neutral,dissociative_charge_transfer,2,rate_coefficient,0.20571500000000031,,,,,,,unknown,,candidate,"delta H = +0.21 eV from formation enthalpies, with ion enthalpies built from the ionization energy"
cand_F2p_O_char_F2_Op,F2+ + O -> F2 + O+,ion_neutral,charge_transfer,2,rate_coefficient,0.0,,6.185728608487956e-16,m3/s,langevin_estimate,,448030.499315029,fast,,candidate,"delta H = -2.07 eV from formation enthalpies, with ion enthalpies built from the ionization energy"
cand_F2p_O_diss_F_F_Op,F2+ + O -> F + F + O+,ion_neutral,dissociative_charge_transfer,2,rate_coefficient,0.0,,6.185728608487956e-16,m3/s,langevin_estimate,,448030.499315029,fast,,candidate,"delta H = -0.43 eV from formation enthalpies, with ion enthalpies built from the ionization energy"
cand_F2p_O2_char_F2_O2p,F2+ + O2 -> F2 + O2+,ion_neutral,charge_transfer,2,rate_coefficient,0.0,,7.023052933687598e-16,m3/s,langevin_estimate,,508677.6533128693,fast,,candidate,"delta H = -3.62 eV from formation enthalpies, with ion enthalpies built from the ionization energy"
cand_F2p_O2_diss_F_F_O2p,F2+ + O2 -> F + F + O2+,ion_neutral,dissociative_charge_transfer,2,rate_coefficient,0.0,,7.023052933687598e-16,m3/s,langevin_estimate,,508677.6533128693,fast,,candidate,"delta H = -1.97 eV from formation enthalpies, with ion enthalpies built from the ionization energy"
cand_F2p_O2_a1Delta_char_F2_O2p,F2+ + O2_a1Delta -> F2 + O2+,ion_neutral,charge_transfer,2,rate_coefficient,0.0,,7.023052933687598e-16,m3/s,langevin_estimate,,508677.6533128693,fast,,candidate,"delta H = -4.60 eV from formation enthalpies, with ion enthalpies built from the ionization energy"
cand_F2p_O2_a1Delta_diss_F_F_O2p,F2+ + O2_a1Delta -> F + F + O2+,ion_neutral,dissociative_charge_transfer,2,rate_coefficient,0.0,,7.023052933687598e-16,m3/s,langevin_estimate,,508677.6533128693,fast,,candidate,"delta H = -2.95 eV from formation enthalpies, with ion enthalpies built from the ionization energy"
cand_F2p_O2_b1Sigma_char_F2_O2p,F2+ + O2_b1Sigma -> F2 + O2+,ion_neutral,charge_transfer,2,rate_coefficient,0.0,,7.023052933687598e-16,m3/s,langevin_estimate,,508677.6533128693,fast,,candidate,"delta H = -5.25 eV from formation enthalpies, with ion enthalpies built from the ionization energy"
cand_F2p_O2_b1Sigma_diss_Fp_F_O2,F2+ + O2_b1Sigma -> F+ + F + O2,ion_neutral,dissociative_charge_transfer,2,rate_coefficient,1.751128000000002,,7.023052933687598e-16,m3/s,langevin_estimate,,508677.6533128693,fast,,candidate,"delta H = +1.75 eV from formation enthalpies, with ion enthalpies built from the ionization energy"
cand_F2p_O2_b1Sigma_diss_F_F_O2p,F2+ + O2_b1Sigma -> F + F + O2+,ion_neutral,dissociative_charge_transfer,2,rate_coefficient,0.0,,7.023052933687598e-16,m3/s,langevin_estimate,,508677.6533128693,fast,,candidate,"delta H = -3.60 eV from formation enthalpies, with ion enthalpies built from the ionization energy"
cand_F2p_O2_b1Sigma_diss_F2_Op_O,F2+ + O2_b1Sigma -> F2 + O+ + O,ion_neutral,dissociative_charge_transfer,2,rate_coefficient,1.4672090000000002,,7.023052933687598e-16,m3/s,langevin_estimate,,508677.6533128693,fast,,candidate,"delta H = +1.47 eV from formation enthalpies, with ion enthalpies built from the ionization energy"
cand_F2p_O2_v_char_F2_O2p,F2+ + O2_v -> F2 + O2+,ion_neutral,charge_transfer,2,rate_coefficient,0.0,,7.023052933687598e-16,m3/s,langevin_estimate,,508677.6533128693,fast,,candidate,"delta H = -3.62 eV from formation enthalpies, with ion enthalpies built from the ionization energy"
cand_F2p_O2_v_diss_F_F_O2p,F2+ + O2_v -> F + F + O2+,ion_neutral,dissociative_charge_transfer,2,rate_coefficient,0.0,,7.023052933687598e-16,m3/s,langevin_estimate,,508677.6533128693,fast,,candidate,"delta H = -1.97 eV from formation enthalpies, with ion enthalpies built from the ionization energy"
cand_F2p_O_1D_char_F2_Op,F2+ + O_1D -> F2 + O+,ion_neutral,charge_transfer,2,rate_coefficient,0.0,,6.185728608487956e-16,m3/s,langevin_estimate,,448030.499315029,fast,,candidate,"delta H = -4.04 eV from formation enthalpies, with ion enthalpies built from the ionization energy"
cand_F2p_O_1D_diss_Fp_F_O,F2+ + O_1D -> F+ + F + O,ion_neutral,dissociative_charge_transfer,2,rate_coefficient,1.4116050000000016,,6.185728608487956e-16,m3/s,langevin_estimate,,448030.499315029,fast,,candidate,"delta H = +1.41 eV from formation enthalpies, with ion enthalpies built from the ionization energy"
cand_F2p_O_1D_diss_F_F_Op,F2+ + O_1D -> F + F + O+,ion_neutral,dissociative_charge_transfer,2,rate_coefficient,0.0,,6.185728608487956e-16,m3/s,langevin_estimate,,448030.499315029,fast,,candidate,"delta H = -2.39 eV from formation enthalpies, with ion enthalpies built from the ionization energy"
cand_F2p_O_1S_char_F2_Op,F2+ + O_1S -> F2 + O+,ion_neutral,charge_transfer,2,rate_coefficient,0.0,,6.185728608487956e-16,m3/s,langevin_estimate,,448030.499315029,fast,,candidate,"delta H = -6.26 eV from formation enthalpies, with ion enthalpies built from the ionization energy"
cand_F2p_O_1S_diss_Fp_F_O,F2+ + O_1S -> F+ + F + O,ion_neutral,dissociative_charge_transfer,2,rate_coefficient,0.0,,6.185728608487956e-16,m3/s,langevin_estimate,,448030.499315029,fast,,candidate,"delta H = -0.81 eV from formation enthalpies, with ion enthalpies built from the ionization energy"
cand_F2p_O_1S_diss_F_F_Op,F2+ + O_1S -> F + F + O+,ion_neutral,dissociative_charge_transfer,2,rate_coefficient,0.0,,6.185728608487956e-16,m3/s,langevin_estimate,,448030.499315029,fast,,candidate,"delta H = -4.62 eV from formation enthalpies, with ion enthalpies built from the ionization energy"
cand_F2p_S_char_F2_Sp,F2+ + S -> F2 + S+,ion_neutral,charge_transfer,2,rate_coefficient,0.0,,9.52278794350433e-16,m3/s,langevin_estimate,,689732.7230530228,fast,,candidate,"delta H = -5.33 eV from formation enthalpies, with ion enthalpies built from the ionization energy"
cand_F2p_S_diss_F_F_Sp,F2+ + S -> F + F + S+,ion_neutral,dissociative_charge_transfer,2,rate_coefficient,0.0,,9.52278794350433e-16,m3/s,langevin_estimate,,689732.7230530228,fast,,candidate,"delta H = -3.68 eV from formation enthalpies, with ion enthalpies built from the ionization energy"
cand_F2p_SF_char_F2_SFp,F2+ + SF -> F2 + SF+,ion_neutral,charge_transfer,2,rate_coefficient,0.0,,,,,,,unknown,,candidate,"delta H = -5.39 eV from formation enthalpies, with ion enthalpies built from the ionization energy"
cand_F2p_SF_diss_F_F_SFp,F2+ + SF -> F + F + SF+,ion_neutral,dissociative_charge_transfer,2,rate_coefficient,0.0,,,,,,,unknown,,candidate,"delta H = -3.74 eV from formation enthalpies, with ion enthalpies built from the ionization energy"
cand_F2p_SF*_char_F2_SFp,F2+ + SF* -> F2 + SF+,ion_neutral,charge_transfer,2,rate_coefficient,0.0,,,,,,,unknown,,candidate,"delta H = -5.39 eV from formation enthalpies, with ion enthalpies built from the ionization energy"
cand_F2p_SF*_diss_F_F_SFp,F2+ + SF* -> F + F + SF+,ion_neutral,dissociative_charge_transfer,2,rate_coefficient,0.0,,,,,,,unknown,,candidate,"delta H = -3.74 eV from formation enthalpies, with ion enthalpies built from the ionization energy"
cand_F2p_SF2_char_F2_SF2p,F2+ + SF2 -> F2 + SF2+,ion_neutral,charge_transfer,2,rate_coefficient,0.0,,,,,,,unknown,,candidate,"delta H = -4.89 eV from formation enthalpies, with ion enthalpies built from the ionization energy"
cand_F2p_SF2_diss_F_F_SF2p,F2+ + SF2 -> F + F + SF2+,ion_neutral,dissociative_charge_transfer,2,rate_coefficient,0.0,,,,,,,unknown,,candidate,"delta H = -3.24 eV from formation enthalpies, with ion enthalpies built from the ionization energy"
cand_F2p_SF2_diss_F2_Sp_F2,F2+ + SF2 -> F2 + S+ + F2,ion_neutral,dissociative_charge_transfer,2,rate_coefficient,0.6175470000000014,,,,,,,unknown,,candidate,"delta H = +0.62 eV from formation enthalpies, with ion enthalpies built from the ionization energy"
cand_F2p_SF2*_char_F2_SF2p,F2+ + SF2* -> F2 + SF2+,ion_neutral,charge_transfer,2,rate_coefficient,0.0,,,,,,,unknown,,candidate,"delta H = -4.89 eV from formation enthalpies, with ion enthalpies built from the ionization energy"
cand_F2p_SF2*_diss_F_F_SF2p,F2+ + SF2* -> F + F + SF2+,ion_neutral,dissociative_charge_transfer,2,rate_coefficient,0.0,,,,,,,unknown,,candidate,"delta H = -3.24 eV from formation enthalpies, with ion enthalpies built from the ionization energy"
cand_F2p_SF2*_diss_F2_Sp_F2,F2+ + SF2* -> F2 + S+ + F2,ion_neutral,dissociative_charge_transfer,2,rate_coefficient,0.6175470000000014,,,,,,,unknown,,candidate,"delta H = +0.62 eV from formation enthalpies, with ion enthalpies built from the ionization energy"
cand_F2p_SF2_v_char_F2_SF2p,F2+ + SF2_v -> F2 + SF2+,ion_neutral,charge_transfer,2,rate_coefficient,0.0,,,,,,,unknown,,candidate,"delta H = -4.89 eV from formation enthalpies, with ion enthalpies built from the ionization energy"
cand_F2p_SF2_v_diss_F_F_SF2p,F2+ + SF2_v -> F + F + SF2+,ion_neutral,dissociative_charge_transfer,2,rate_coefficient,0.0,,,,,,,unknown,,candidate,"delta H = -3.24 eV from formation enthalpies, with ion enthalpies built from the ionization energy"
cand_F2p_SF2_v_diss_F2_Sp_F2,F2+ + SF2_v -> F2 + S+ + F2,ion_neutral,dissociative_charge_transfer,2,rate_coefficient,0.6175470000000014,,,,,,,unknown,,candidate,"delta H = +0.62 eV from formation enthalpies, with ion enthalpies built from the ionization energy"
cand_F2p_SF3_char_F2_SF3p,F2+ + SF3 -> F2 + SF3+,ion_neutral,charge_transfer,2,rate_coefficient,0.0,,,,,,,unknown,,candidate,"delta H = -7.51 eV from formation enthalpies, with ion enthalpies built from the ionization energy"
cand_F2p_SF3_diss_F_F_SF3p,F2+ + SF3 -> F + F + SF3+,ion_neutral,dissociative_charge_transfer,2,rate_coefficient,0.0,,,,,,,unknown,,candidate,"delta H = -5.86 eV from formation enthalpies, with ion enthalpies built from the ionization energy"
cand_F2p_SF3*_char_F2_SF3p,F2+ + SF3* -> F2 + SF3+,ion_neutral,charge_transfer,2,rate_coefficient,0.0,,,,,,,unknown,,candidate,"delta H = -7.51 eV from formation enthalpies, with ion enthalpies built from the ionization energy"
cand_F2p_SF3*_diss_F_F_SF3p,F2+ + SF3* -> F + F + SF3+,ion_neutral,dissociative_charge_transfer,2,rate_coefficient,0.0,,,,,,,unknown,,candidate,"delta H = -5.86 eV from formation enthalpies, with ion enthalpies built from the ionization energy"
cand_F2p_SF3_v_char_F2_SF3p,F2+ + SF3_v -> F2 + SF3+,ion_neutral,charge_transfer,2,rate_coefficient,0.0,,,,,,,unknown,,candidate,"delta H = -7.51 eV from formation enthalpies, with ion enthalpies built from the ionization energy"
cand_F2p_SF3_v_diss_F_F_SF3p,F2+ + SF3_v -> F + F + SF3+,ion_neutral,dissociative_charge_transfer,2,rate_coefficient,0.0,,,,,,,unknown,,candidate,"delta H = -5.86 eV from formation enthalpies, with ion enthalpies built from the ionization energy"
cand_F2p_SF4_char_F2_SF4p,F2+ + SF4 -> F2 + SF4+,ion_neutral,charge_transfer,2,rate_coefficient,0.0,,,,,,,unknown,,candidate,"delta H = -3.69 eV from formation enthalpies, with ion enthalpies built from the ionization energy"
cand_F2p_SF4_diss_F_F_SF4p,F2+ + SF4 -> F + F + SF4+,ion_neutral,dissociative_charge_transfer,2,rate_coefficient,0.0,,,,,,,unknown,,candidate,"delta H = -2.04 eV from formation enthalpies, with ion enthalpies built from the ionization energy"
cand_F2p_SF4_diss_F2_SF2p_F2,F2+ + SF4 -> F2 + SF2+ + F2,ion_neutral,dissociative_charge_transfer,2,rate_coefficient,0.0,,,,,,,unknown,,candidate,"delta H = -0.05 eV from formation enthalpies, with ion enthalpies built from the ionization energy"
cand_F2p_SF4*_char_F2_SF4p,F2+ + SF4* -> F2 + SF4+,ion_neutral,charge_transfer,2,rate_coefficient,0.0,,,,,,,unknown,,candidate,"delta H = -3.69 eV from formation enthalpies, with ion enthalpies built from the ionization energy"
cand_F2p_SF4*_diss_F_F_SF4p,F2+ + SF4* -> F + F + SF4+,ion_neutral,dissociative_charge_transfer,2,rate_coefficient,0.0,,,,,,,unknown,,candidate,"delta H = -2.04 eV from formation enthalpies, with ion enthalpies built from the ionization energy"
cand_F2p_SF4*_diss_F2_SF2p_F2,F2+ + SF4* -> F2 + SF2+ + F2,ion_neutral,dissociative_charge_transfer,2,rate_coefficient,0.0,,,,,,,unknown,,candidate,"delta H = -0.05 eV from formation enthalpies, with ion enthalpies built from the ionization energy"
cand_F2p_SF4_v_char_F2_SF4p,F2+ + SF4_v -> F2 + SF4+,ion_neutral,charge_transfer,2,rate_coefficient,0.0,,,,,,,unknown,,candidate,"delta H = -3.69 eV from formation enthalpies, with ion enthalpies built from the ionization energy"
cand_F2p_SF4_v_diss_F_F_SF4p,F2+ + SF4_v -> F + F + SF4+,ion_neutral,dissociative_charge_transfer,2,rate_coefficient,0.0,,,,,,,unknown,,candidate,"delta H = -2.04 eV from formation enthalpies, with ion enthalpies built from the ionization energy"
cand_F2p_SF4_v_diss_F2_SF2p_F2,F2+ + SF4_v -> F2 + SF2+ + F2,ion_neutral,dissociative_charge_transfer,2,rate_coefficient,0.0,,,,,,,unknown,,candidate,"delta H = -0.05 eV from formation enthalpies, with ion enthalpies built from the ionization energy"
cand_F2p_SF5_char_F2_SF5p,F2+ + SF5 -> F2 + SF5+,ion_neutral,charge_transfer,2,rate_coefficient,0.0,,,,,,,unknown,,candidate,"delta H = -6.09 eV from formation enthalpies, with ion enthalpies built from the ionization energy"
cand_F2p_SF5_diss_F_F_SF5p,F2+ + SF5 -> F + F + SF5+,ion_neutral,dissociative_charge_transfer,2,rate_coefficient,0.0,,,,,,,unknown,,candidate,"delta H = -4.44 eV from formation enthalpies, with ion enthalpies built from the ionization energy"
cand_F2p_SF5_diss_F2_SF4p_F,F2+ + SF5 -> F2 + SF4+ + F,ion_neutral,dissociative_charge_transfer,2,rate_coefficient,0.0,,,,,,,unknown,,candidate,"delta H = -1.36 eV from formation enthalpies, with ion enthalpies built from the ionization energy"
cand_F2p_SF5*_char_F2_SF5p,F2+ + SF5* -> F2 + SF5+,ion_neutral,charge_transfer,2,rate_coefficient,0.0,,,,,,,unknown,,candidate,"delta H = -6.09 eV from formation enthalpies, with ion enthalpies built from the ionization energy"
cand_F2p_SF5*_diss_F_F_SF5p,F2+ + SF5* -> F + F + SF5+,ion_neutral,dissociative_charge_transfer,2,rate_coefficient,0.0,,,,,,,unknown,,candidate,"delta H = -4.44 eV from formation enthalpies, with ion enthalpies built from the ionization energy"
cand_F2p_SF5*_diss_F2_SF4p_F,F2+ + SF5* -> F2 + SF4+ + F,ion_neutral,dissociative_charge_transfer,2,rate_coefficient,0.0,,,,,,,unknown,,candidate,"delta H = -1.36 eV from formation enthalpies, with ion enthalpies built from the ionization energy"
cand_F2p_SF5_v_char_F2_SF5p,F2+ + SF5_v -> F2 + SF5+,ion_neutral,charge_transfer,2,rate_coefficient,0.0,,,,,,,unknown,,candidate,"delta H = -6.09 eV from formation enthalpies, with ion enthalpies built from the ionization energy"
cand_F2p_SF5_v_diss_F_F_SF5p,F2+ + SF5_v -> F + F + SF5+,ion_neutral,dissociative_charge_transfer,2,rate_coefficient,0.0,,,,,,,unknown,,candidate,"delta H = -4.44 eV from formation enthalpies, with ion enthalpies built from the ionization energy"
cand_F2p_SF5_v_diss_F2_SF4p_F,F2+ + SF5_v -> F2 + SF4+ + F,ion_neutral,dissociative_charge_transfer,2,rate_coefficient,0.0,,,,,,,unknown,,candidate,"delta H = -1.36 eV from formation enthalpies, with ion enthalpies built from the ionization energy"
cand_F2p_SF6_char_F2_SF6p,F2+ + SF6 -> F2 + SF6+,ion_neutral,charge_transfer,2,rate_coefficient,0.0,,9.03762851173105e-16,m3/s,langevin_estimate,,654592.7684538973,fast,,candidate,"delta H = -0.37 eV from formation enthalpies, with ion enthalpies built from the ionization energy"
cand_F2p_SF6_diss_F_F_SF6p,F2+ + SF6 -> F + F + SF6+,ion_neutral,dissociative_charge_transfer,2,rate_coefficient,1.2753080000000008,,9.03762851173105e-16,m3/s,langevin_estimate,,654592.7684538973,fast,,candidate,"delta H = +1.28 eV from formation enthalpies, with ion enthalpies built from the ionization energy"
cand_F2p_SF6_diss_F2_SF5p_F,F2+ + SF6 -> F2 + SF5+ + F,ion_neutral,dissociative_charge_transfer,2,rate_coefficient,0.0,,9.03762851173105e-16,m3/s,langevin_estimate,,654592.7684538973,fast,,candidate,"delta H = -2.03 eV from formation enthalpies, with ion enthalpies built from the ionization energy"
cand_F2p_SF6_diss_F2_SF4p_F2,F2+ + SF6 -> F2 + SF4+ + F2,ion_neutral,dissociative_charge_transfer,2,rate_coefficient,1.0495800000000006,,9.03762851173105e-16,m3/s,langevin_estimate,,654592.7684538973,fast,,candidate,"delta H = +1.05 eV from formation enthalpies, with ion enthalpies built from the ionization energy"
cand_F2p_SF6*_char_F2_SF6p,F2+ + SF6* -> F2 + SF6+,ion_neutral,charge_transfer,2,rate_coefficient,0.0,,9.03762851173105e-16,m3/s,langevin_estimate,,654592.7684538973,fast,,candidate,"delta H = -0.37 eV from formation enthalpies, with ion enthalpies built from the ionization energy"
cand_F2p_SF6*_diss_F_F_SF6p,F2+ + SF6* -> F + F + SF6+,ion_neutral,dissociative_charge_transfer,2,rate_coefficient,1.2753080000000008,,9.03762851173105e-16,m3/s,langevin_estimate,,654592.7684538973,fast,,candidate,"delta H = +1.28 eV from formation enthalpies, with ion enthalpies built from the ionization energy"
cand_F2p_SF6*_diss_F2_SF5p_F,F2+ + SF6* -> F2 + SF5+ + F,ion_neutral,dissociative_charge_transfer,2,rate_coefficient,0.0,,9.03762851173105e-16,m3/s,langevin_estimate,,654592.7684538973,fast,,candidate,"delta H = -2.03 eV from formation enthalpies, with ion enthalpies built from the ionization energy"
cand_F2p_SF6*_diss_F2_SF4p_F2,F2+ + SF6* -> F2 + SF4+ + F2,ion_neutral,dissociative_charge_transfer,2,rate_coefficient,1.0495800000000006,,9.03762851173105e-16,m3/s,langevin_estimate,,654592.7684538973,fast,,candidate,"delta H = +1.05 eV from formation enthalpies, with ion enthalpies built from the ionization energy"
cand_F2p_SF6_v_char_F2_SF6p,F2+ + SF6_v -> F2 + SF6+,ion_neutral,charge_transfer,2,rate_coefficient,0.0,,9.03762851173105e-16,m3/s,langevin_estimate,,654592.7684538973,fast,,candidate,"delta H = -0.37 eV from formation enthalpies, with ion enthalpies built from the ionization energy"
cand_F2p_SF6_v_diss_F_F_SF6p,F2+ + SF6_v -> F + F + SF6+,ion_neutral,dissociative_charge_transfer,2,rate_coefficient,1.2753080000000008,,9.03762851173105e-16,m3/s,langevin_estimate,,654592.7684538973,fast,,candidate,"delta H = +1.28 eV from formation enthalpies, with ion enthalpies built from the ionization energy"
cand_F2p_SF6_v_diss_F2_SF5p_F,F2+ + SF6_v -> F2 + SF5+ + F,ion_neutral,dissociative_charge_transfer,2,rate_coefficient,0.0,,9.03762851173105e-16,m3/s,langevin_estimate,,654592.7684538973,fast,,candidate,"delta H = -2.03 eV from formation enthalpies, with ion enthalpies built from the ionization energy"
cand_F2p_SF6_v_diss_F2_SF4p_F2,F2+ + SF6_v -> F2 + SF4+ + F2,ion_neutral,dissociative_charge_transfer,2,rate_coefficient,1.0495800000000006,,9.03762851173105e-16,m3/s,langevin_estimate,,654592.7684538973,fast,,candidate,"delta H = +1.05 eV from formation enthalpies, with ion enthalpies built from the ionization energy"
cand_F2p_SF_v_char_F2_SFp,F2+ + SF_v -> F2 + SF+,ion_neutral,charge_transfer,2,rate_coefficient,0.0,,,,,,,unknown,,candidate,"delta H = -5.39 eV from formation enthalpies, with ion enthalpies built from the ionization energy"
cand_F2p_SF_v_diss_F_F_SFp,F2+ + SF_v -> F + F + SF+,ion_neutral,dissociative_charge_transfer,2,rate_coefficient,0.0,,,,,,,unknown,,candidate,"delta H = -3.74 eV from formation enthalpies, with ion enthalpies built from the ionization energy"
cand_F2p_SO_diss_F2_O_Sp,F2+ + SO -> F2 + O + S+,ion_neutral,dissociative_charge_transfer,2,rate_coefficient,0.06076800000000114,,,,,,,unknown,,candidate,"delta H = +0.06 eV from formation enthalpies, with ion enthalpies built from the ionization energy"
cand_F2p_S_1D_char_F2_Sp,F2+ + S_1D -> F2 + S+,ion_neutral,charge_transfer,2,rate_coefficient,0.0,,9.52278794350433e-16,m3/s,langevin_estimate,,689732.7230530228,fast,,candidate,"delta H = -6.48 eV from formation enthalpies, with ion enthalpies built from the ionization energy"
cand_F2p_S_1D_diss_F_F_Sp,F2+ + S_1D -> F + F + S+,ion_neutral,dissociative_charge_transfer,2,rate_coefficient,0.0,,9.52278794350433e-16,m3/s,langevin_estimate,,689732.7230530228,fast,,candidate,"delta H = -4.83 eV from formation enthalpies, with ion enthalpies built from the ionization energy"
cand_F2p_S_1S_char_F2_Sp,F2+ + S_1S -> F2 + S+,ion_neutral,charge_transfer,2,rate_coefficient,0.0,,9.52278794350433e-16,m3/s,langevin_estimate,,689732.7230530228,fast,,candidate,"delta H = -8.08 eV from formation enthalpies, with ion enthalpies built from the ionization energy"
cand_F2p_S_1S_diss_Fp_F_S,F2+ + S_1S -> F+ + F + S,ion_neutral,dissociative_charge_transfer,2,rate_coefficient,0.6281640000000017,,9.52278794350433e-16,m3/s,langevin_estimate,,689732.7230530228,fast,,candidate,"delta H = +0.63 eV from formation enthalpies, with ion enthalpies built from the ionization energy"
cand_F2p_S_1S_diss_F_F_Sp,F2+ + S_1S -> F + F + S+,ion_neutral,dissociative_charge_transfer,2,rate_coefficient,0.0,,9.52278794350433e-16,m3/s,langevin_estimate,,689732.7230530228,fast,,candidate,"delta H = -6.43 eV from formation enthalpies, with ion enthalpies built from the ionization energy"
cand_Op_F2*_reac_Op_F_F,O+ + F2* -> O+ + F + F,ion_neutral,reactive_scattering,2,rate_coefficient,1.645785,,,,,,,unknown,,candidate,"delta H = +1.65 eV from formation enthalpies, with ion enthalpies built from the ionization energy"
cand_Op_F2_v_reac_Op_F_F,O+ + F2_v -> O+ + F + F,ion_neutral,reactive_scattering,2,rate_coefficient,1.645785,,,,,,,unknown,,candidate,"delta H = +1.65 eV from formation enthalpies, with ion enthalpies built from the ionization energy"
cand_Op_S_char_O_Sp,O+ + S -> O + S+,ion_neutral,charge_transfer,2,rate_coefficient,0.0,,1.2154895824809238e-15,m3/s,langevin_estimate,,880375.5208463003,fast,,candidate,"delta H = -3.26 eV from formation enthalpies, with ion enthalpies built from the ionization energy"
cand_Op_SF*_char_O_SFp,O+ + SF* -> O + SF+,ion_neutral,charge_transfer,2,rate_coefficient,0.0,,,,,,,unknown,,candidate,"delta H = -3.32 eV from formation enthalpies, with ion enthalpies built from the ionization energy"
cand_Op_SF2*_char_O_SF2p,O+ + SF2* -> O + SF2+,ion_neutral,charge_transfer,2,rate_coefficient,0.0,,,,,,,unknown,,candidate,"delta H = -2.82 eV from formation enthalpies, with ion enthalpies built from the ionization energy"
cand_Op_SF2_v_char_O_SF2p,O+ + SF2_v -> O + SF2+,ion_neutral,charge_transfer,2,rate_coefficient,0.0,,,,,,,unknown,,candidate,"delta H = -2.82 eV from formation enthalpies, with ion enthalpies built from the ionization energy"
cand_Op_SF3*_char_O_SF3p,O+ + SF3* -> O + SF3+,ion_neutral,charge_transfer,2,rate_coefficient,0.0,,,,,,,unknown,,candidate,"delta H = -5.44 eV from formation enthalpies, with ion enthalpies built from the ionization energy"
cand_Op_SF3_v_char_O_SF3p,O+ + SF3_v -> O + SF3+,ion_neutral,charge_transfer,2,rate_coefficient,0.0,,,,,,,unknown,,candidate,"delta H = -5.44 eV from formation enthalpies, with ion enthalpies built from the ionization energy"
cand_Op_SF4*_char_O_SF4p,O+ + SF4* -> O + SF4+,ion_neutral,charge_transfer,2,rate_coefficient,0.0,,,,,,,unknown,,candidate,"delta H = -1.62 eV from formation enthalpies, with ion enthalpies built from the ionization energy"
cand_Op_SF4_v_char_O_SF4p,O+ + SF4_v -> O + SF4+,ion_neutral,charge_transfer,2,rate_coefficient,0.0,,,,,,,unknown,,candidate,"delta H = -1.62 eV from formation enthalpies, with ion enthalpies built from the ionization energy"
cand_Op_SF5*_char_O_SF5p,O+ + SF5* -> O + SF5+,ion_neutral,charge_transfer,2,rate_coefficient,0.0,,,,,,,unknown,,candidate,"delta H = -4.02 eV from formation enthalpies, with ion enthalpies built from the ionization energy"
cand_Op_SF5*_diss_O_SF4p_F,O+ + SF5* -> O + SF4+ + F,ion_neutral,dissociative_charge_transfer,2,rate_coefficient,0.7104859999999977,,,,,,,unknown,,candidate,"delta H = +0.71 eV from formation enthalpies, with ion enthalpies built from the ionization energy"
cand_Op_SF5_v_char_O_SF5p,O+ + SF5_v -> O + SF5+,ion_neutral,charge_transfer,2,rate_coefficient,0.0,,,,,,,unknown,,candidate,"delta H = -4.02 eV from formation enthalpies, with ion enthalpies built from the ionization energy"
cand_Op_SF5_v_diss_O_SF4p_F,O+ + SF5_v -> O + SF4+ + F,ion_neutral,dissociative_charge_transfer,2,rate_coefficient,0.7104859999999977,,,,,,,unknown,,candidate,"delta H = +0.71 eV from formation enthalpies, with ion enthalpies built from the ionization energy"
cand_Op_SF_v_char_O_SFp,O+ + SF_v -> O + SF+,ion_neutral,charge_transfer,2,rate_coefficient,0.0,,,,,,,unknown,,candidate,"delta H = -3.32 eV from formation enthalpies, with ion enthalpies built from the ionization energy"
cand_Op_S_1D_char_O_Sp,O+ + S_1D -> O + S+,ion_neutral,charge_transfer,2,rate_coefficient,0.0,,1.2154895824809238e-15,m3/s,langevin_estimate,,880375.5208463003,fast,,candidate,"delta H = -4.40 eV from formation enthalpies, with ion enthalpies built from the ionization energy"
cand_Op_S_1S_char_O_Sp,O+ + S_1S -> O + S+,ion_neutral,charge_transfer,2,rate_coefficient,0.0,,1.2154895824809238e-15,m3/s,langevin_estimate,,880375.5208463003,fast,,candidate,"delta H = -6.01 eV from formation enthalpies, with ion enthalpies built from the ionization energy"
cand_O2p_F2*_reac_O2p_F_F,O2+ + F2* -> O2+ + F + F,ion_neutral,reactive_scattering,2,rate_coefficient,1.645308,,,,,,,unknown,,candidate,"delta H = +1.65 eV from formation enthalpies, with ion enthalpies built from the ionization energy"
cand_O2p_F2_v_reac_O2p_F_F,O2+ + F2_v -> O2+ + F + F,ion_neutral,reactive_scattering,2,rate_coefficient,1.645308,,,,,,,unknown,,candidate,"delta H = +1.65 eV from formation enthalpies, with ion enthalpies built from the ionization energy"
cand_O2p_S_char_O2_Sp,O2+ + S -> O2 + S+,ion_neutral,charge_transfer,2,rate_coefficient,0.0,,9.922780088279276e-16,m3/s,langevin_estimate,,718704.0361655478,fast,,candidate,"delta H = -1.71 eV from formation enthalpies, with ion enthalpies built from the ionization energy"
cand_O2p_SF*_char_O2_SFp,O2+ + SF* -> O2 + SF+,ion_neutral,charge_transfer,2,rate_coefficient,0.0,,,,,,,unknown,,candidate,"delta H = -1.77 eV from formation enthalpies, with ion enthalpies built from the ionization energy"
cand_O2p_SF2*_char_O2_SF2p,O2+ + SF2* -> O2 + SF2+,ion_neutral,charge_transfer,2,rate_coefficient,0.0,,,,,,,unknown,,candidate,"delta H = -1.27 eV from formation enthalpies, with ion enthalpies built from the ionization energy"
cand_O2p_SF2_v_char_O2_SF2p,O2+ + SF2_v -> O2 + SF2+,ion_neutral,charge_transfer,2,rate_coefficient,0.0,,,,,,,unknown,,candidate,"delta H = -1.27 eV from formation enthalpies, with ion enthalpies built from the ionization energy"
cand_O2p_SF3*_char_O2_SF3p,O2+ + SF3* -> O2 + SF3+,ion_neutral,charge_transfer,2,rate_coefficient,0.0,,,,,,,unknown,,candidate,"delta H = -3.89 eV from formation enthalpies, with ion enthalpies built from the ionization energy"
cand_O2p_SF3*_diss_O_O_SF3p,O2+ + SF3* -> O + O + SF3+,ion_neutral,dissociative_charge_transfer,2,rate_coefficient,1.2764539999999993,,,,,,,unknown,,candidate,"delta H = +1.28 eV from formation enthalpies, with ion enthalpies built from the ionization energy"
cand_O2p_SF3_v_char_O2_SF3p,O2+ + SF3_v -> O2 + SF3+,ion_neutral,charge_transfer,2,rate_coefficient,0.0,,,,,,,unknown,,candidate,"delta H = -3.89 eV from formation enthalpies, with ion enthalpies built from the ionization energy"
cand_O2p_SF3_v_diss_O_O_SF3p,O2+ + SF3_v -> O + O + SF3+,ion_neutral,dissociative_charge_transfer,2,rate_coefficient,1.2764539999999993,,,,,,,unknown,,candidate,"delta H = +1.28 eV from formation enthalpies, with ion enthalpies built from the ionization energy"
cand_O2p_SF4*_char_O2_SF4p,O2+ + SF4* -> O2 + SF4+,ion_neutral,charge_transfer,2,rate_coefficient,0.0,,,,,,,unknown,,candidate,"delta H = -0.07 eV from formation enthalpies, with ion enthalpies built from the ionization energy"
cand_O2p_SF4_v_char_O2_SF4p,O2+ + SF4_v -> O2 + SF4+,ion_neutral,charge_transfer,2,rate_coefficient,0.0,,,,,,,unknown,,candidate,"delta H = -0.07 eV from formation enthalpies, with ion enthalpies built from the ionization energy"
cand_O2p_SF5*_char_O2_SF5p,O2+ + SF5* -> O2 + SF5+,ion_neutral,charge_transfer,2,rate_coefficient,0.0,,,,,,,unknown,,candidate,"delta H = -2.47 eV from formation enthalpies, with ion enthalpies built from the ionization energy"
cand_O2p_SF5_v_char_O2_SF5p,O2+ + SF5_v -> O2 + SF5+,ion_neutral,charge_transfer,2,rate_coefficient,0.0,,,,,,,unknown,,candidate,"delta H = -2.47 eV from formation enthalpies, with ion enthalpies built from the ionization energy"
cand_O2p_SF_v_char_O2_SFp,O2+ + SF_v -> O2 + SF+,ion_neutral,charge_transfer,2,rate_coefficient,0.0,,,,,,,unknown,,candidate,"delta H = -1.77 eV from formation enthalpies, with ion enthalpies built from the ionization energy"
cand_O2p_S_1D_char_O2_Sp,O2+ + S_1D -> O2 + S+,ion_neutral,charge_transfer,2,rate_coefficient,0.0,,9.922780088279276e-16,m3/s,langevin_estimate,,718704.0361655478,fast,,candidate,"delta H = -2.86 eV from formation enthalpies, with ion enthalpies built from the ionization energy"
cand_O2p_S_1S_char_O2_Sp,O2+ + S_1S -> O2 + S+,ion_neutral,charge_transfer,2,rate_coefficient,0.0,,9.922780088279276e-16,m3/s,langevin_estimate,,718704.0361655478,fast,,candidate,"delta H = -4.46 eV from formation enthalpies, with ion enthalpies built from the ionization energy"
cand_O2p_S_1S_diss_O_O_Sp,O2+ + S_1S -> O + O + S+,ion_neutral,dissociative_charge_transfer,2,rate_coefficient,0.7065000000000037,,9.922780088279276e-16,m3/s,langevin_estimate,,718704.0361655478,fast,,candidate,"delta H = +0.71 eV from formation enthalpies, with ion enthalpies built from the ionization energy"
cand_Sp_F2*_reac_Sp_F_F,S+ + F2* -> S+ + F + F,ion_neutral,reactive_scattering,2,rate_coefficient,1.645308,,,,,,,unknown,,candidate,"delta H = +1.65 eV from formation enthalpies, with ion enthalpies built from the ionization energy"
cand_Sp_F2_v_reac_Sp_F_F,S+ + F2_v -> S+ + F + F,ion_neutral,reactive_scattering,2,rate_coefficient,1.645308,,,,,,,unknown,,candidate,"delta H = +1.65 eV from formation enthalpies, with ion enthalpies built from the ionization energy"
cand_Sp_SF*_char_S_SFp,S+ + SF* -> S + SF+,ion_neutral,charge_transfer,2,rate_coefficient,0.0,,,,,,,unknown,,candidate,"delta H = -0.06 eV from formation enthalpies, with ion enthalpies built from the ionization energy"
cand_Sp_SF2*_char_S_SF2p,S+ + SF2* -> S + SF2+,ion_neutral,charge_transfer,2,rate_coefficient,0.4399899999999999,,,,,,,unknown,,candidate,"delta H = +0.44 eV from formation enthalpies, with ion enthalpies built from the ionization energy"
cand_Sp_SF2_v_char_S_SF2p,S+ + SF2_v -> S + SF2+,ion_neutral,charge_transfer,2,rate_coefficient,0.4399899999999999,,,,,,,unknown,,candidate,"delta H = +0.44 eV from formation enthalpies, with ion enthalpies built from the ionization energy"
cand_Sp_SF3*_char_S_SF3p,S+ + SF3* -> S + SF3+,ion_neutral,charge_transfer,2,rate_coefficient,0.0,,,,,,,unknown,,candidate,"delta H = -2.18 eV from formation enthalpies, with ion enthalpies built from the ionization energy"
cand_Sp_SF3_v_char_S_SF3p,S+ + SF3_v -> S + SF3+,ion_neutral,charge_transfer,2,rate_coefficient,0.0,,,,,,,unknown,,candidate,"delta H = -2.18 eV from formation enthalpies, with ion enthalpies built from the ionization energy"
cand_Sp_SF4*_char_S_SF4p,S+ + SF4* -> S + SF4+,ion_neutral,charge_transfer,2,rate_coefficient,1.6399899999999992,,,,,,,unknown,,candidate,"delta H = +1.64 eV from formation enthalpies, with ion enthalpies built from the ionization energy"
cand_Sp_SF4_v_char_S_SF4p,S+ + SF4_v -> S + SF4+,ion_neutral,charge_transfer,2,rate_coefficient,1.6399899999999992,,,,,,,unknown,,candidate,"delta H = +1.64 eV from formation enthalpies, with ion enthalpies built from the ionization energy"
cand_Sp_SF5*_char_S_SF5p,S+ + SF5* -> S + SF5+,ion_neutral,charge_transfer,2,rate_coefficient,0.0,,,,,,,unknown,,candidate,"delta H = -0.76 eV from formation enthalpies, with ion enthalpies built from the ionization energy"
cand_Sp_SF5_v_char_S_SF5p,S+ + SF5_v -> S + SF5+,ion_neutral,charge_transfer,2,rate_coefficient,0.0,,,,,,,unknown,,candidate,"delta H = -0.76 eV from formation enthalpies, with ion enthalpies built from the ionization energy"
cand_Sp_SF_v_char_S_SFp,S+ + SF_v -> S + SF+,ion_neutral,charge_transfer,2,rate_coefficient,0.0,,,,,,,unknown,,candidate,"delta H = -0.06 eV from formation enthalpies, with ion enthalpies built from the ionization energy"
cand_SFp_F2*_reac_SFp_F_F,SF+ + F2* -> SF+ + F + F,ion_neutral,reactive_scattering,2,rate_coefficient,1.645308,,,,,,,unknown,,candidate,"delta H = +1.65 eV from formation enthalpies, with ion enthalpies built from the ionization energy"
cand_SFp_F2_v_reac_SFp_F_F,SF+ + F2_v -> SF+ + F + F,ion_neutral,reactive_scattering,2,rate_coefficient,1.645308,,,,,,,unknown,,candidate,"delta H = +1.65 eV from formation enthalpies, with ion enthalpies built from the ionization energy"
cand_SFp_S_char_SF_Sp,SF+ + S -> SF + S+,ion_neutral,charge_transfer,2,rate_coefficient,0.06001000000000012,,8.947990050944687e-16,m3/s,langevin_estimate,,648100.281168109,fast,2.5988804033659587,candidate,"delta H = +0.06 eV from formation enthalpies, with ion enthalpies built from the ionization energy"
cand_SFp_SF2*_char_SF_SF2p,SF+ + SF2* -> SF + SF2+,ion_neutral,charge_transfer,2,rate_coefficient,0.5,,,,,,,unknown,,candidate,"delta H = +0.50 eV from formation enthalpies, with ion enthalpies built from the ionization energy"
cand_SFp_SF2_v_char_SF_SF2p,SF+ + SF2_v -> SF + SF2+,ion_neutral,charge_transfer,2,rate_coefficient,0.5,,,,,,,unknown,,candidate,"delta H = +0.50 eV from formation enthalpies, with ion enthalpies built from the ionization energy"
cand_SFp_SF3*_char_SF_SF3p,SF+ + SF3* -> SF + SF3+,ion_neutral,charge_transfer,2,rate_coefficient,0.0,,,,,,,unknown,,candidate,"delta H = -2.12 eV from formation enthalpies, with ion enthalpies built from the ionization energy"
cand_SFp_SF3_v_char_SF_SF3p,SF+ + SF3_v -> SF + SF3+,ion_neutral,charge_transfer,2,rate_coefficient,0.0,,,,,,,unknown,,candidate,"delta H = -2.12 eV from formation enthalpies, with ion enthalpies built from the ionization energy"
cand_SFp_SF4*_char_SF_SF4p,SF+ + SF4* -> SF + SF4+,ion_neutral,charge_transfer,2,rate_coefficient,1.6999999999999993,,,,,,,unknown,,candidate,"delta H = +1.70 eV from formation enthalpies, with ion enthalpies built from the ionization energy"
cand_SFp_SF4_v_char_SF_SF4p,SF+ + SF4_v -> SF + SF4+,ion_neutral,charge_transfer,2,rate_coefficient,1.6999999999999993,,,,,,,unknown,,candidate,"delta H = +1.70 eV from formation enthalpies, with ion enthalpies built from the ionization energy"
cand_SFp_SF5*_char_SF_SF5p,SF+ + SF5* -> SF + SF5+,ion_neutral,charge_transfer,2,rate_coefficient,0.0,,,,,,,unknown,,candidate,"delta H = -0.70 eV from formation enthalpies, with ion enthalpies built from the ionization energy"
cand_SFp_SF5_v_char_SF_SF5p,SF+ + SF5_v -> SF + SF5+,ion_neutral,charge_transfer,2,rate_coefficient,0.0,,,,,,,unknown,,candidate,"delta H = -0.70 eV from formation enthalpies, with ion enthalpies built from the ionization energy"
cand_SFp_S_1D_char_SF_Sp,SF+ + S_1D -> SF + S+,ion_neutral,charge_transfer,2,rate_coefficient,0.0,,8.947990050944687e-16,m3/s,langevin_estimate,,648100.281168109,fast,1.453438415384859,candidate,"delta H = -1.09 eV from formation enthalpies, with ion enthalpies built from the ionization energy"
cand_SFp_S_1S_char_SF_Sp,SF+ + S_1S -> SF + S+,ion_neutral,charge_transfer,2,rate_coefficient,0.0,,8.947990050944687e-16,m3/s,langevin_estimate,,648100.281168109,fast,-0.15108356777920223,candidate,"delta H = -2.69 eV from formation enthalpies, with ion enthalpies built from the ionization energy"
cand_SF2p_F2*_reac_SF2p_F_F,SF2+ + F2* -> SF2+ + F + F,ion_neutral,reactive_scattering,2,rate_coefficient,1.645308,,,,,,,unknown,,candidate,"delta H = +1.65 eV from formation enthalpies, with ion enthalpies built from the ionization energy"
cand_SF2p_F2_v_reac_SF2p_F_F,SF2+ + F2_v -> SF2+ + F + F,ion_neutral,reactive_scattering,2,rate_coefficient,1.645308,,,,,,,unknown,,candidate,"delta H = +1.65 eV from formation enthalpies, with ion enthalpies built from the ionization energy"
cand_SF2p_S_char_SF2_Sp,SF2+ + S -> SF2 + S+,ion_neutral,charge_transfer,2,rate_coefficient,0.0,,8.467080964865986e-16,m3/s,langevin_estimate,,613268.1778544716,fast,2.41463832861437,candidate,"delta H = -0.44 eV from formation enthalpies, with ion enthalpies built from the ionization energy"
cand_SF2p_SF*_char_SF2_SFp,SF2+ + SF* -> SF2 + SF+,ion_neutral,charge_transfer,2,rate_coefficient,0.0,,,,,,,unknown,,candidate,"delta H = -0.50 eV from formation enthalpies, with ion enthalpies built from the ionization energy"
cand_SF2p_SF3*_char_SF2_SF3p,SF2+ + SF3* -> SF2 + SF3+,ion_neutral,charge_transfer,2,rate_coefficient,0.0,,,,,,,unknown,,candidate,"delta H = -2.62 eV from formation enthalpies, with ion enthalpies built from the ionization energy"
cand_SF2p_SF3_v_char_SF2_SF3p,SF2+ + SF3_v -> SF2 + SF3+,ion_neutral,charge_transfer,2,rate_coefficient,0.0,,,,,,,unknown,,candidate,"delta H = -2.62 eV from formation enthalpies, with ion enthalpies built from the ionization energy"
cand_SF2p_SF4*_char_SF2_SF4p,SF2+ + SF4* -> SF2 + SF4+,ion_neutral,charge_transfer,2,rate_coefficient,1.1999999999999993,,,,,,,unknown,,candidate,"delta H = +1.20 eV from formation enthalpies, with ion enthalpies built from the ionization energy"
cand_SF2p_SF4_v_char_SF2_SF4p,SF2+ + SF4_v -> SF2 + SF4+,ion_neutral,charge_transfer,2,rate_coefficient,1.1999999999999993,,,,,,,unknown,,candidate,"delta H = +1.20 eV from formation enthalpies, with ion enthalpies built from the ionization energy"
cand_SF2p_SF5*_char_SF2_SF5p,SF2+ + SF5* -> SF2 + SF5+,ion_neutral,charge_transfer,2,rate_coefficient,0.0,,,,,,,unknown,,candidate,"delta H = -1.20 eV from formation enthalpies, with ion enthalpies built from the ionization energy"
cand_SF2p_SF5_v_char_SF2_SF5p,SF2+ + SF5_v -> SF2 + SF5+,ion_neutral,charge_transfer,2,rate_coefficient,0.0,,,,,,,unknown,,candidate,"delta H = -1.20 eV from formation enthalpies, with ion enthalpies built from the ionization energy"
cand_SF2p_SF_v_char_SF2_SFp,SF2+ + SF_v -> SF2 + SF+,ion_neutral,charge_transfer,2,rate_coefficient,0.0,,,,,,,unknown,,candidate,"delta H = -0.50 eV from formation enthalpies, with ion enthalpies built from the ionization energy"
cand_SF2p_S_1D_char_SF2_Sp,SF2+ + S_1D -> SF2 + S+,ion_neutral,charge_transfer,2,rate_coefficient,0.0,,8.467080964865986e-16,m3/s,langevin_estimate,,613268.1778544716,fast,1.269196340633271,candidate,"delta H = -1.59 eV from formation enthalpies, with ion enthalpies built from the ionization energy"
cand_SF2p_S_1S_char_SF2_Sp,SF2+ + S_1S -> SF2 + S+,ion_neutral,charge_transfer,2,rate_coefficient,0.0,,8.467080964865986e-16,m3/s,langevin_estimate,,613268.1778544716,fast,-0.3353256425307905,candidate,"delta H = -3.19 eV from formation enthalpies, with ion enthalpies built from the ionization energy"
cand_SF3p_F2*_reac_SF3p_F_F,SF3+ + F2* -> SF3+ + F + F,ion_neutral,reactive_scattering,2,rate_coefficient,1.645308,,,,,,,unknown,,candidate,"delta H = +1.65 eV from formation enthalpies, with ion enthalpies built from the ionization energy"
cand_SF3p_F2_v_reac_SF3p_F_F,SF3+ + F2_v -> SF3+ + F + F,ion_neutral,reactive_scattering,2,rate_coefficient,1.645308,,,,,,,unknown,,candidate,"delta H = +1.65 eV from formation enthalpies, with ion enthalpies built from the ionization energy"
cand_SF3p_SF5*_char_SF3_SF5p,SF3+ + SF5* -> SF3 + SF5+,ion_neutral,charge_transfer,2,rate_coefficient,1.42,,,,,,,unknown,,candidate,"delta H = +1.42 eV from formation enthalpies, with ion enthalpies built from the ionization energy"
cand_SF3p_SF5_v_char_SF3_SF5p,SF3+ + SF5_v -> SF3 + SF5+,ion_neutral,charge_transfer,2,rate_coefficient,1.42,,,,,,,unknown,,candidate,"delta H = +1.42 eV from formation enthalpies, with ion enthalpies built from the ionization energy"
cand_SF3p_S_1D_char_SF3_Sp,SF3+ + S_1D -> SF3 + S+,ion_neutral,charge_transfer,2,rate_coefficient,1.0345690000000003,,8.178529870094698e-16,m3/s,langevin_estimate,,592368.5071364769,fast,2.234172855230002,candidate,"delta H = +1.03 eV from formation enthalpies, with ion enthalpies built from the ionization energy"
cand_SF3p_S_1S_char_SF3_Sp,SF3+ + S_1S -> SF3 + S+,ion_neutral,charge_transfer,2,rate_coefficient,0.0,,8.178529870094698e-16,m3/s,langevin_estimate,,592368.5071364769,fast,0.629650872065941,candidate,"delta H = -0.57 eV from formation enthalpies, with ion enthalpies built from the ionization energy"
cand_SF4p_F2*_reac_SF4p_F_F,SF4+ + F2* -> SF4+ + F + F,ion_neutral,reactive_scattering,2,rate_coefficient,1.645308,,,,,,,unknown,,candidate,"delta H = +1.65 eV from formation enthalpies, with ion enthalpies built from the ionization energy"
cand_SF4p_F2_v_reac_SF4p_F_F,SF4+ + F2_v -> SF4+ + F + F,ion_neutral,reactive_scattering,2,rate_coefficient,1.645308,,,,,,,unknown,,candidate,"delta H = +1.65 eV from formation enthalpies, with ion enthalpies built from the ionization energy"
cand_SF4p_S_char_SF4_Sp,SF4+ + S -> SF4 + S+,ion_neutral,charge_transfer,2,rate_coefficient,0.0,,7.985962096196468e-16,m3/s,langevin_estimate,,578420.8800496337,fast,0.573401415687858,candidate,"delta H = -1.64 eV from formation enthalpies, with ion enthalpies built from the ionization energy"
cand_SF4p_SF*_char_SF4_SFp,SF4+ + SF* -> SF4 + SF+,ion_neutral,charge_transfer,2,rate_coefficient,0.0,,,,,,,unknown,,candidate,"delta H = -1.70 eV from formation enthalpies, with ion enthalpies built from the ionization energy"
cand_SF4p_SF2*_char_SF4_SF2p,SF4+ + SF2* -> SF4 + SF2+,ion_neutral,charge_transfer,2,rate_coefficient,0.0,,,,,,,unknown,,candidate,"delta H = -1.20 eV from formation enthalpies, with ion enthalpies built from the ionization energy"
cand_SF4p_SF2_v_char_SF4_SF2p,SF4+ + SF2_v -> SF4 + SF2+,ion_neutral,charge_transfer,2,rate_coefficient,0.0,,,,,,,unknown,,candidate,"delta H = -1.20 eV from formation enthalpies, with ion enthalpies built from the ionization energy"
cand_SF4p_SF3*_char_SF4_SF3p,SF4+ + SF3* -> SF4 + SF3+,ion_neutral,charge_transfer,2,rate_coefficient,0.0,,,,,,,unknown,,candidate,"delta H = -3.82 eV from formation enthalpies, with ion enthalpies built from the ionization energy"
cand_SF4p_SF3*_diss_SF2_F2_SF3p,SF4+ + SF3* -> SF2 + F2 + SF3+,ion_neutral,dissociative_charge_transfer,2,rate_coefficient,1.0154499999999995,,,,,,,unknown,,candidate,"delta H = +1.02 eV from formation enthalpies, with ion enthalpies built from the ionization energy"
cand_SF4p_SF3_v_char_SF4_SF3p,SF4+ + SF3_v -> SF4 + SF3+,ion_neutral,charge_transfer,2,rate_coefficient,0.0,,,,,,,unknown,,candidate,"delta H = -3.82 eV from formation enthalpies, with ion enthalpies built from the ionization energy"
cand_SF4p_SF3_v_diss_SF2_F2_SF3p,SF4+ + SF3_v -> SF2 + F2 + SF3+,ion_neutral,dissociative_charge_transfer,2,rate_coefficient,1.0154499999999995,,,,,,,unknown,,candidate,"delta H = +1.02 eV from formation enthalpies, with ion enthalpies built from the ionization energy"
cand_SF4p_SF5*_char_SF4_SF5p,SF4+ + SF5* -> SF4 + SF5+,ion_neutral,charge_transfer,2,rate_coefficient,0.0,,,,,,,unknown,,candidate,"delta H = -2.40 eV from formation enthalpies, with ion enthalpies built from the ionization energy"
cand_SF4p_SF5_v_char_SF4_SF5p,SF4+ + SF5_v -> SF4 + SF5+,ion_neutral,charge_transfer,2,rate_coefficient,0.0,,,,,,,unknown,,candidate,"delta H = -2.40 eV from formation enthalpies, with ion enthalpies built from the ionization energy"
cand_SF4p_SF_v_char_SF4_SFp,SF4+ + SF_v -> SF4 + SF+,ion_neutral,charge_transfer,2,rate_coefficient,0.0,,,,,,,unknown,,candidate,"delta H = -1.70 eV from formation enthalpies, with ion enthalpies built from the ionization energy"
cand_SF4p_S_1D_char_SF4_Sp,SF4+ + S_1D -> SF4 + S+,ion_neutral,charge_transfer,2,rate_coefficient,0.0,,7.985962096196468e-16,m3/s,langevin_estimate,,578420.8800496337,fast,-0.5720405722932412,candidate,"delta H = -2.79 eV from formation enthalpies, with ion enthalpies built from the ionization energy"
cand_SF4p_S_1S_char_SF4_Sp,SF4+ + S_1S -> SF4 + S+,ion_neutral,charge_transfer,2,rate_coefficient,0.0,,7.985962096196468e-16,m3/s,langevin_estimate,,578420.8800496337,fast,-2.1765625554573025,candidate,"delta H = -4.39 eV from formation enthalpies, with ion enthalpies built from the ionization energy"
cand_SF4p_S_1S_diss_SF2p_F2_S,SF4+ + S_1S -> SF2+ + F2 + S,ion_neutral,dissociative_charge_transfer,2,rate_coefficient,0.8854860000000002,,7.985962096196468e-16,m3/s,langevin_estimate,,578420.8800496337,fast,-0.42234330093324224,candidate,"delta H = +0.89 eV from formation enthalpies, with ion enthalpies built from the ionization energy"
cand_SF4p_S_1S_diss_SF2_F2_Sp,SF4+ + S_1S -> SF2 + F2 + S+,ion_neutral,dissociative_charge_transfer,2,rate_coefficient,0.44549600000000034,,7.985962096196468e-16,m3/s,langevin_estimate,,578420.8800496337,fast,1.9922950276811284,candidate,"delta H = +0.45 eV from formation enthalpies, with ion enthalpies built from the ionization energy"
cand_SF5p_F2*_reac_SF5p_F_F,SF5+ + F2* -> SF5+ + F + F,ion_neutral,reactive_scattering,2,rate_coefficient,1.645308,,,,,,,unknown,,candidate,"delta H = +1.65 eV from formation enthalpies, with ion enthalpies built from the ionization energy"
cand_SF5p_F2_v_reac_SF5p_F_F,SF5+ + F2_v -> SF5+ + F + F,ion_neutral,reactive_scattering,2,rate_coefficient,1.645308,,,,,,,unknown,,candidate,"delta H = +1.65 eV from formation enthalpies, with ion enthalpies built from the ionization energy"
cand_SF5p_S_char_SF5_Sp,SF5+ + S -> SF5 + S+,ion_neutral,charge_transfer,2,rate_coefficient,0.7600100000000012,,7.848165112757473e-16,m3/s,langevin_estimate,,568440.2851671549,fast,1.512699488425901,candidate,"delta H = +0.76 eV from formation enthalpies, with ion enthalpies built from the ionization energy"
cand_SF5p_SF*_char_SF5_SFp,SF5+ + SF* -> SF5 + SF+,ion_neutral,charge_transfer,2,rate_coefficient,0.7000000000000011,,,,,,,unknown,,candidate,"delta H = +0.70 eV from formation enthalpies, with ion enthalpies built from the ionization energy"
cand_SF5p_SF2*_char_SF5_SF2p,SF5+ + SF2* -> SF5 + SF2+,ion_neutral,charge_transfer,2,rate_coefficient,1.200000000000001,,,,,,,unknown,,candidate,"delta H = +1.20 eV from formation enthalpies, with ion enthalpies built from the ionization energy"
cand_SF5p_SF2_v_char_SF5_SF2p,SF5+ + SF2_v -> SF5 + SF2+,ion_neutral,charge_transfer,2,rate_coefficient,1.200000000000001,,,,,,,unknown,,candidate,"delta H = +1.20 eV from formation enthalpies, with ion enthalpies built from the ionization energy"
cand_SF5p_SF3*_char_SF5_SF3p,SF5+ + SF3* -> SF5 + SF3+,ion_neutral,charge_transfer,2,rate_coefficient,0.0,,,,,,,unknown,,candidate,"delta H = -1.42 eV from formation enthalpies, with ion enthalpies built from the ionization energy"
cand_SF5p_SF3*_diss_SF4_F_SF3p,SF5+ + SF3* -> SF4 + F + SF3+,ion_neutral,dissociative_charge_transfer,2,rate_coefficient,0.9080640000000013,,,,,,,unknown,,candidate,"delta H = +0.91 eV from formation enthalpies, with ion enthalpies built from the ionization energy"
cand_SF5p_SF3_v_char_SF5_SF3p,SF5+ + SF3_v -> SF5 + SF3+,ion_neutral,charge_transfer,2,rate_coefficient,0.0,,,,,,,unknown,,candidate,"delta H = -1.42 eV from formation enthalpies, with ion enthalpies built from the ionization energy"
cand_SF5p_SF3_v_diss_SF4_F_SF3p,SF5+ + SF3_v -> SF4 + F + SF3+,ion_neutral,dissociative_charge_transfer,2,rate_coefficient,0.9080640000000013,,,,,,,unknown,,candidate,"delta H = +0.91 eV from formation enthalpies, with ion enthalpies built from the ionization energy"
cand_SF5p_SF5*_diss_SF6_SF4p,SF5+ + SF5* -> SF6 + SF4+,ion_neutral,dissociative_charge_transfer,2,rate_coefficient,0.671240000000001,,,,,,,unknown,,candidate,"delta H = +0.67 eV from formation enthalpies, with ion enthalpies built from the ionization energy"
cand_SF5p_SF5_v_diss_SF6_SF4p,SF5+ + SF5_v -> SF6 + SF4+,ion_neutral,dissociative_charge_transfer,2,rate_coefficient,0.671240000000001,,,,,,,unknown,,candidate,"delta H = +0.67 eV from formation enthalpies, with ion enthalpies built from the ionization energy"
cand_SF5p_SF_v_char_SF5_SFp,SF5+ + SF_v -> SF5 + SF+,ion_neutral,charge_transfer,2,rate_coefficient,0.7000000000000011,,,,,,,unknown,,candidate,"delta H = +0.70 eV from formation enthalpies, with ion enthalpies built from the ionization energy"
cand_SF5p_S_1D_char_SF5_Sp,SF5+ + S_1D -> SF5 + S+,ion_neutral,charge_transfer,2,rate_coefficient,0.0,,7.848165112757473e-16,m3/s,langevin_estimate,,568440.2851671549,fast,0.3672575004448017,candidate,"delta H = -0.39 eV from formation enthalpies, with ion enthalpies built from the ionization energy"
cand_SF5p_S_1D_diss_SF4_F_Sp,SF5+ + S_1D -> SF4 + F + S+,ion_neutral,dissociative_charge_transfer,2,rate_coefficient,1.9426330000000016,,7.848165112757473e-16,m3/s,langevin_estimate,,568440.2851671549,fast,2.0529638131829318,candidate,"delta H = +1.94 eV from formation enthalpies, with ion enthalpies built from the ionization energy"
cand_SF5p_S_1S_char_SF5_Sp,SF5+ + S_1S -> SF5 + S+,ion_neutral,charge_transfer,2,rate_coefficient,0.0,,7.848165112757473e-16,m3/s,langevin_estimate,,568440.2851671549,fast,-1.2372644827192596,candidate,"delta H = -1.99 eV from formation enthalpies, with ion enthalpies built from the ionization energy"
cand_SF5p_S_1S_diss_SF4p_F_S,SF5+ + S_1S -> SF4+ + F + S,ion_neutral,dissociative_charge_transfer,2,rate_coefficient,1.9781000000000013,,7.848165112757473e-16,m3/s,langevin_estimate,,568440.2851671549,fast,-0.12495958566898833,candidate,"delta H = +1.98 eV from formation enthalpies, with ion enthalpies built from the ionization energy"
cand_SF5p_S_1S_diss_SF4_F_Sp,SF5+ + S_1S -> SF4 + F + S+,ion_neutral,dissociative_charge_transfer,2,rate_coefficient,0.33811000000000213,,7.848165112757473e-16,m3/s,langevin_estimate,,568440.2851671549,fast,0.4484418300188703,candidate,"delta H = +0.34 eV from formation enthalpies, with ion enthalpies built from the ionization energy"
cand_SF6p_F*_diss_SF5p_F_F,SF6+ + F* -> SF5+ + F + F,ion_neutral,dissociative_charge_transfer,2,rate_coefficient,0.0,,4.26295593068441e-16,m3/s,langevin_estimate,,308764.64117124694,fast,,candidate,"delta H = -1.66 eV from formation enthalpies, with ion enthalpies built from the ionization energy"
cand_SF6p_F*_diss_SF4p_F2_F,SF6+ + F* -> SF4+ + F2 + F,ion_neutral,dissociative_charge_transfer,2,rate_coefficient,1.419579999999998,,4.26295593068441e-16,m3/s,langevin_estimate,,308764.64117124694,fast,,candidate,"delta H = +1.42 eV from formation enthalpies, with ion enthalpies built from the ionization energy"
cand_SF6p_F2*_char_SF6_F2p,SF6+ + F2* -> SF6 + F2+,ion_neutral,charge_transfer,2,rate_coefficient,0.3699999999999992,,,,,,,unknown,,candidate,"delta H = +0.37 eV from formation enthalpies, with ion enthalpies built from the ionization energy"
cand_SF6p_F2*_diss_SF5p_F_F2,SF6+ + F2* -> SF5+ + F + F2,ion_neutral,dissociative_charge_transfer,2,rate_coefficient,0.0,,,,,,,unknown,,candidate,"delta H = -1.66 eV from formation enthalpies, with ion enthalpies built from the ionization energy"
cand_SF6p_F2*_diss_SF4p_F2_F2,SF6+ + F2* -> SF4+ + F2 + F2,ion_neutral,dissociative_charge_transfer,2,rate_coefficient,1.419579999999998,,,,,,,unknown,,candidate,"delta H = +1.42 eV from formation enthalpies, with ion enthalpies built from the ionization energy"
cand_SF6p_F2*_reac_SF6p_F_F,SF6+ + F2* -> SF6+ + F + F,ion_neutral,reactive_scattering,2,rate_coefficient,1.645308,,,,,,,unknown,,candidate,"delta H = +1.65 eV from formation enthalpies, with ion enthalpies built from the ionization energy"
cand_SF6p_F2_v_char_SF6_F2p,SF6+ + F2_v -> SF6 + F2+,ion_neutral,charge_transfer,2,rate_coefficient,0.3699999999999992,,,,,,,unknown,,candidate,"delta H = +0.37 eV from formation enthalpies, with ion enthalpies built from the ionization energy"
cand_SF6p_F2_v_diss_SF5p_F_F2,SF6+ + F2_v -> SF5+ + F + F2,ion_neutral,dissociative_charge_transfer,2,rate_coefficient,0.0,,,,,,,unknown,,candidate,"delta H = -1.66 eV from formation enthalpies, with ion enthalpies built from the ionization energy"
cand_SF6p_F2_v_diss_SF4p_F2_F2,SF6+ + F2_v -> SF4+ + F2 + F2,ion_neutral,dissociative_charge_transfer,2,rate_coefficient,1.419579999999998,,,,,,,unknown,,candidate,"delta H = +1.42 eV from formation enthalpies, with ion enthalpies built from the ionization energy"
cand_SF6p_F2_v_reac_SF6p_F_F,SF6+ + F2_v -> SF6+ + F + F,ion_neutral,reactive_scattering,2,rate_coefficient,1.645308,,,,,,,unknown,,candidate,"delta H = +1.65 eV from formation enthalpies, with ion enthalpies built from the ionization energy"
cand_SF6p_FO_diss_SF5p_F_FO,SF6+ + FO -> SF5+ + F + FO,ion_neutral,dissociative_charge_transfer,2,rate_coefficient,0.0,,,,,,,unknown,,candidate,"delta H = -1.66 eV from formation enthalpies, with ion enthalpies built from the ionization energy"
cand_SF6p_FO_diss_SF4p_F2_FO,SF6+ + FO -> SF4+ + F2 + FO,ion_neutral,dissociative_charge_transfer,2,rate_coefficient,1.419579999999998,,,,,,,unknown,,candidate,"delta H = +1.42 eV from formation enthalpies, with ion enthalpies built from the ionization energy"
cand_SF6p_FO_diss_SF6_F_Op,SF6+ + FO -> SF6 + F + O+,ion_neutral,dissociative_charge_transfer,2,rate_coefficient,0.5757149999999995,,,,,,,unknown,,candidate,"delta H = +0.58 eV from formation enthalpies, with ion enthalpies built from the ionization energy"
cand_SF6p_S_char_SF6_Sp,SF6+ + S -> SF6 + S+,ion_neutral,charge_transfer,2,rate_coefficient,0.0,,7.744659983131616e-16,m3/s,langevin_estimate,,560943.4391457652,fast,,candidate,"delta H = -4.96 eV from formation enthalpies, with ion enthalpies built from the ionization energy"
cand_SF6p_S_diss_SF5p_F_S,SF6+ + S -> SF5+ + F + S,ion_neutral,dissociative_charge_transfer,2,rate_coefficient,0.0,,7.744659983131616e-16,m3/s,langevin_estimate,,560943.4391457652,fast,,candidate,"delta H = -1.66 eV from formation enthalpies, with ion enthalpies built from the ionization energy"
cand_SF6p_S_diss_SF5_F_Sp,SF6+ + S -> SF5 + F + S+,ion_neutral,dissociative_charge_transfer,2,rate_coefficient,0.0,,7.744659983131616e-16,m3/s,langevin_estimate,,560943.4391457652,fast,,candidate,"delta H = -0.90 eV from formation enthalpies, with ion enthalpies built from the ionization energy"
cand_SF6p_S_diss_SF4p_F2_S,SF6+ + S -> SF4+ + F2 + S,ion_neutral,dissociative_charge_transfer,2,rate_coefficient,1.419579999999998,,7.744659983131616e-16,m3/s,langevin_estimate,,560943.4391457652,fast,,candidate,"delta H = +1.42 eV from formation enthalpies, with ion enthalpies built from the ionization energy"
cand_SF6p_S_diss_SF4_F2_Sp,SF6+ + S -> SF4 + F2 + S+,ion_neutral,dissociative_charge_transfer,2,rate_coefficient,0.0,,7.744659983131616e-16,m3/s,langevin_estimate,,560943.4391457652,fast,,candidate,"delta H = -0.22 eV from formation enthalpies, with ion enthalpies built from the ionization energy"
cand_SF6p_SF*_char_SF6_SFp,SF6+ + SF* -> SF6 + SF+,ion_neutral,charge_transfer,2,rate_coefficient,0.0,,,,,,,unknown,,candidate,"delta H = -5.02 eV from formation enthalpies, with ion enthalpies built from the ionization energy"
cand_SF6p_SF*_diss_SF5p_F_SF,SF6+ + SF* -> SF5+ + F + SF,ion_neutral,dissociative_charge_transfer,2,rate_coefficient,0.0,,,,,,,unknown,,candidate,"delta H = -1.66 eV from formation enthalpies, with ion enthalpies built from the ionization energy"
cand_SF6p_SF*_diss_SF5_F_SFp,SF6+ + SF* -> SF5 + F + SF+,ion_neutral,dissociative_charge_transfer,2,rate_coefficient,0.0,,,,,,,unknown,,candidate,"delta H = -0.96 eV from formation enthalpies, with ion enthalpies built from the ionization energy"
cand_SF6p_SF*_diss_SF4p_F2_SF,SF6+ + SF* -> SF4+ + F2 + SF,ion_neutral,dissociative_charge_transfer,2,rate_coefficient,1.419579999999998,,,,,,,unknown,,candidate,"delta H = +1.42 eV from formation enthalpies, with ion enthalpies built from the ionization energy"
cand_SF6p_SF*_diss_SF4_F2_SFp,SF6+ + SF* -> SF4 + F2 + SF+,ion_neutral,dissociative_charge_transfer,2,rate_coefficient,0.0,,,,,,,unknown,,candidate,"delta H = -0.28 eV from formation enthalpies, with ion enthalpies built from the ionization energy"
cand_SF6p_SF2*_char_SF6_SF2p,SF6+ + SF2* -> SF6 + SF2+,ion_neutral,charge_transfer,2,rate_coefficient,0.0,,,,,,,unknown,,candidate,"delta H = -4.52 eV from formation enthalpies, with ion enthalpies built from the ionization energy"
cand_SF6p_SF2*_diss_SF5p_F_SF2,SF6+ + SF2* -> SF5+ + F + SF2,ion_neutral,dissociative_charge_transfer,2,rate_coefficient,0.0,,,,,,,unknown,,candidate,"delta H = -1.66 eV from formation enthalpies, with ion enthalpies built from the ionization energy"
cand_SF6p_SF2*_diss_SF5_F_SF2p,SF6+ + SF2* -> SF5 + F + SF2+,ion_neutral,dissociative_charge_transfer,2,rate_coefficient,0.0,,,,,,,unknown,,candidate,"delta H = -0.46 eV from formation enthalpies, with ion enthalpies built from the ionization energy"
cand_SF6p_SF2*_diss_SF4p_F2_SF2,SF6+ + SF2* -> SF4+ + F2 + SF2,ion_neutral,dissociative_charge_transfer,2,rate_coefficient,1.419579999999998,,,,,,,unknown,,candidate,"delta H = +1.42 eV from formation enthalpies, with ion enthalpies built from the ionization energy"
cand_SF6p_SF2*_diss_SF4_F2_SF2p,SF6+ + SF2* -> SF4 + F2 + SF2+,ion_neutral,dissociative_charge_transfer,2,rate_coefficient,0.21957999999999878,,,,,,,unknown,,candidate,"delta H = +0.22 eV from formation enthalpies, with ion enthalpies built from the ionization energy"
cand_SF6p_SF2*_diss_SF6_Sp_F2,SF6+ + SF2* -> SF6 + S+ + F2,ion_neutral,dissociative_charge_transfer,2,rate_coefficient,0.9875470000000006,,,,,,,unknown,,candidate,"delta H = +0.99 eV from formation enthalpies, with ion enthalpies built from the ionization energy"
cand_SF6p_SF2_v_char_SF6_SF2p,SF6+ + SF2_v -> SF6 + SF2+,ion_neutral,charge_transfer,2,rate_coefficient,0.0,,,,,,,unknown,,candidate,"delta H = -4.52 eV from formation enthalpies, with ion enthalpies built from the ionization energy"
cand_SF6p_SF2_v_diss_SF5p_F_SF2,SF6+ + SF2_v -> SF5+ + F + SF2,ion_neutral,dissociative_charge_transfer,2,rate_coefficient,0.0,,,,,,,unknown,,candidate,"delta H = -1.66 eV from formation enthalpies, with ion enthalpies built from the ionization energy"
cand_SF6p_SF2_v_diss_SF5_F_SF2p,SF6+ + SF2_v -> SF5 + F + SF2+,ion_neutral,dissociative_charge_transfer,2,rate_coefficient,0.0,,,,,,,unknown,,candidate,"delta H = -0.46 eV from formation enthalpies, with ion enthalpies built from the ionization energy"
cand_SF6p_SF2_v_diss_SF4p_F2_SF2,SF6+ + SF2_v -> SF4+ + F2 + SF2,ion_neutral,dissociative_charge_transfer,2,rate_coefficient,1.419579999999998,,,,,,,unknown,,candidate,"delta H = +1.42 eV from formation enthalpies, with ion enthalpies built from the ionization energy"
cand_SF6p_SF2_v_diss_SF4_F2_SF2p,SF6+ + SF2_v -> SF4 + F2 + SF2+,ion_neutral,dissociative_charge_transfer,2,rate_coefficient,0.21957999999999878,,,,,,,unknown,,candidate,"delta H = +0.22 eV from formation enthalpies, with ion enthalpies built from the ionization energy"
cand_SF6p_SF2_v_diss_SF6_Sp_F2,SF6+ + SF2_v -> SF6 + S+ + F2,ion_neutral,dissociative_charge_transfer,2,rate_coefficient,0.9875470000000006,,,,,,,unknown,,candidate,"delta H = +0.99 eV from formation enthalpies, with ion enthalpies built from the ionization energy"
cand_SF6p_SF3*_char_SF6_SF3p,SF6+ + SF3* -> SF6 + SF3+,ion_neutral,charge_transfer,2,rate_coefficient,0.0,,,,,,,unknown,,candidate,"delta H = -7.14 eV from formation enthalpies, with ion enthalpies built from the ionization energy"
cand_SF6p_SF3*_diss_SF5p_F_SF3,SF6+ + SF3* -> SF5+ + F + SF3,ion_neutral,dissociative_charge_transfer,2,rate_coefficient,0.0,,,,,,,unknown,,candidate,"delta H = -1.66 eV from formation enthalpies, with ion enthalpies built from the ionization energy"
cand_SF6p_SF3*_diss_SF5_F_SF3p,SF6+ + SF3* -> SF5 + F + SF3+,ion_neutral,dissociative_charge_transfer,2,rate_coefficient,0.0,,,,,,,unknown,,candidate,"delta H = -3.08 eV from formation enthalpies, with ion enthalpies built from the ionization energy"
cand_SF6p_SF3*_diss_SF4p_F2_SF3,SF6+ + SF3* -> SF4+ + F2 + SF3,ion_neutral,dissociative_charge_transfer,2,rate_coefficient,1.419579999999998,,,,,,,unknown,,candidate,"delta H = +1.42 eV from formation enthalpies, with ion enthalpies built from the ionization energy"
cand_SF6p_SF3*_diss_SF4_F2_SF3p,SF6+ + SF3* -> SF4 + F2 + SF3+,ion_neutral,dissociative_charge_transfer,2,rate_coefficient,0.0,,,,,,,unknown,,candidate,"delta H = -2.40 eV from formation enthalpies, with ion enthalpies built from the ionization energy"
cand_SF6p_SF3_v_char_SF6_SF3p,SF6+ + SF3_v -> SF6 + SF3+,ion_neutral,charge_transfer,2,rate_coefficient,0.0,,,,,,,unknown,,candidate,"delta H = -7.14 eV from formation enthalpies, with ion enthalpies built from the ionization energy"
cand_SF6p_SF3_v_diss_SF5p_F_SF3,SF6+ + SF3_v -> SF5+ + F + SF3,ion_neutral,dissociative_charge_transfer,2,rate_coefficient,0.0,,,,,,,unknown,,candidate,"delta H = -1.66 eV from formation enthalpies, with ion enthalpies built from the ionization energy"
cand_SF6p_SF3_v_diss_SF5_F_SF3p,SF6+ + SF3_v -> SF5 + F + SF3+,ion_neutral,dissociative_charge_transfer,2,rate_coefficient,0.0,,,,,,,unknown,,candidate,"delta H = -3.08 eV from formation enthalpies, with ion enthalpies built from the ionization energy"
cand_SF6p_SF3_v_diss_SF4p_F2_SF3,SF6+ + SF3_v -> SF4+ + F2 + SF3,ion_neutral,dissociative_charge_transfer,2,rate_coefficient,1.419579999999998,,,,,,,unknown,,candidate,"delta H = +1.42 eV from formation enthalpies, with ion enthalpies built from the ionization energy"
cand_SF6p_SF3_v_diss_SF4_F2_SF3p,SF6+ + SF3_v -> SF4 + F2 + SF3+,ion_neutral,dissociative_charge_transfer,2,rate_coefficient,0.0,,,,,,,unknown,,candidate,"delta H = -2.40 eV from formation enthalpies, with ion enthalpies built from the ionization energy"
cand_SF6p_SF4*_char_SF6_SF4p,SF6+ + SF4* -> SF6 + SF4+,ion_neutral,charge_transfer,2,rate_coefficient,0.0,,,,,,,unknown,,candidate,"delta H = -3.32 eV from formation enthalpies, with ion enthalpies built from the ionization energy"
cand_SF6p_SF4*_diss_SF5p_F_SF4,SF6+ + SF4* -> SF5+ + F + SF4,ion_neutral,dissociative_charge_transfer,2,rate_coefficient,0.0,,,,,,,unknown,,candidate,"delta H = -1.66 eV from formation enthalpies, with ion enthalpies built from the ionization energy"
cand_SF6p_SF4*_diss_SF5_F_SF4p,SF6+ + SF4* -> SF5 + F + SF4+,ion_neutral,dissociative_charge_transfer,2,rate_coefficient,0.7368239999999986,,,,,,,unknown,,candidate,"delta H = +0.74 eV from formation enthalpies, with ion enthalpies built from the ionization energy"
cand_SF6p_SF4*_diss_SF4p_F2_SF4,SF6+ + SF4* -> SF4+ + F2 + SF4,ion_neutral,dissociative_charge_transfer,2,rate_coefficient,1.419579999999998,,,,,,,unknown,,candidate,"delta H = +1.42 eV from formation enthalpies, with ion enthalpies built from the ionization energy"
cand_SF6p_SF4*_diss_SF6_SF2p_F2,SF6+ + SF4* -> SF6 + SF2+ + F2,ion_neutral,dissociative_charge_transfer,2,rate_coefficient,0.31545000000000023,,,,,,,unknown,,candidate,"delta H = +0.32 eV from formation enthalpies, with ion enthalpies built from the ionization energy"
cand_SF6p_SF4*_diss_SF5p_SF5,SF6+ + SF4* -> SF5+ + SF5,ion_neutral,dissociative_charge_transfer,2,rate_coefficient,0.0,,,,,,,unknown,,candidate,"delta H = -3.99 eV from formation enthalpies, with ion enthalpies built from the ionization energy"
cand_SF6p_SF4_v_char_SF6_SF4p,SF6+ + SF4_v -> SF6 + SF4+,ion_neutral,charge_transfer,2,rate_coefficient,0.0,,,,,,,unknown,,candidate,"delta H = -3.32 eV from formation enthalpies, with ion enthalpies built from the ionization energy"
cand_SF6p_SF4_v_diss_SF5p_F_SF4,SF6+ + SF4_v -> SF5+ + F + SF4,ion_neutral,dissociative_charge_transfer,2,rate_coefficient,0.0,,,,,,,unknown,,candidate,"delta H = -1.66 eV from formation enthalpies, with ion enthalpies built from the ionization energy"
cand_SF6p_SF4_v_diss_SF5_F_SF4p,SF6+ + SF4_v -> SF5 + F + SF4+,ion_neutral,dissociative_charge_transfer,2,rate_coefficient,0.7368239999999986,,,,,,,unknown,,candidate,"delta H = +0.74 eV from formation enthalpies, with ion enthalpies built from the ionization energy"
cand_SF6p_SF4_v_diss_SF4p_F2_SF4,SF6+ + SF4_v -> SF4+ + F2 + SF4,ion_neutral,dissociative_charge_transfer,2,rate_coefficient,1.419579999999998,,,,,,,unknown,,candidate,"delta H = +1.42 eV from formation enthalpies, with ion enthalpies built from the ionization energy"
cand_SF6p_SF4_v_diss_SF6_SF2p_F2,SF6+ + SF4_v -> SF6 + SF2+ + F2,ion_neutral,dissociative_charge_transfer,2,rate_coefficient,0.31545000000000023,,,,,,,unknown,,candidate,"delta H = +0.32 eV from formation enthalpies, with ion enthalpies built from the ionization energy"
cand_SF6p_SF4_v_diss_SF5p_SF5,SF6+ + SF4_v -> SF5+ + SF5,ion_neutral,dissociative_charge_transfer,2,rate_coefficient,0.0,,,,,,,unknown,,candidate,"delta H = -3.99 eV from formation enthalpies, with ion enthalpies built from the ionization energy"
cand_SF6p_SF5*_char_SF6_SF5p,SF6+ + SF5* -> SF6 + SF5+,ion_neutral,charge_transfer,2,rate_coefficient,0.0,,,,,,,unknown,,candidate,"delta H = -5.72 eV from formation enthalpies, with ion enthalpies built from the ionization energy"
cand_SF6p_SF5*_diss_SF5p_F_SF5,SF6+ + SF5* -> SF5+ + F + SF5,ion_neutral,dissociative_charge_transfer,2,rate_coefficient,0.0,,,,,,,unknown,,candidate,"delta H = -1.66 eV from formation enthalpies, with ion enthalpies built from the ionization energy"
cand_SF6p_SF5*_diss_SF4p_F2_SF5,SF6+ + SF5* -> SF4+ + F2 + SF5,ion_neutral,dissociative_charge_transfer,2,rate_coefficient,1.419579999999998,,,,,,,unknown,,candidate,"delta H = +1.42 eV from formation enthalpies, with ion enthalpies built from the ionization energy"
cand_SF6p_SF5*_diss_SF4_F2_SF5p,SF6+ + SF5* -> SF4 + F2 + SF5+,ion_neutral,dissociative_charge_transfer,2,rate_coefficient,0.0,,,,,,,unknown,,candidate,"delta H = -0.98 eV from formation enthalpies, with ion enthalpies built from the ionization energy"
cand_SF6p_SF5*_diss_SF6_SF4p_F,SF6+ + SF5* -> SF6 + SF4+ + F,ion_neutral,dissociative_charge_transfer,2,rate_coefficient,0.0,,,,,,,unknown,,candidate,"delta H = -0.99 eV from formation enthalpies, with ion enthalpies built from the ionization energy"
cand_SF6p_SF5_v_char_SF6_SF5p,SF6+ + SF5_v -> SF6 + SF5+,ion_neutral,charge_transfer,2,rate_coefficient,0.0,,,,,,,unknown,,candidate,"delta H = -5.72 eV from formation enthalpies, with ion enthalpies built from the ionization energy"
cand_SF6p_SF5_v_diss_SF5p_F_SF5,SF6+ + SF5_v -> SF5+ + F + SF5,ion_neutral,dissociative_charge_transfer,2,rate_coefficient,0.0,,,,,,,unknown,,candidate,"delta H = -1.66 eV from formation enthalpies, with ion enthalpies built from the ionization energy"
cand_SF6p_SF5_v_diss_SF4p_F2_SF5,SF6+ + SF5_v -> SF4+ + F2 + SF5,ion_neutral,dissociative_charge_transfer,2,rate_coefficient,1.419579999999998,,,,,,,unknown,,candidate,"delta H = +1.42 eV from formation enthalpies, with ion enthalpies built from the ionization energy"
cand_SF6p_SF5_v_diss_SF4_F2_SF5p,SF6+ + SF5_v -> SF4 + F2 + SF5+,ion_neutral,dissociative_charge_transfer,2,rate_coefficient,0.0,,,,,,,unknown,,candidate,"delta H = -0.98 eV from formation enthalpies, with ion enthalpies built from the ionization energy"
cand_SF6p_SF5_v_diss_SF6_SF4p_F,SF6+ + SF5_v -> SF6 + SF4+ + F,ion_neutral,dissociative_charge_transfer,2,rate_coefficient,0.0,,,,,,,unknown,,candidate,"delta H = -0.99 eV from formation enthalpies, with ion enthalpies built from the ionization energy"
cand_SF6p_SF_v_char_SF6_SFp,SF6+ + SF_v -> SF6 + SF+,ion_neutral,charge_transfer,2,rate_coefficient,0.0,,,,,,,unknown,,candidate,"delta H = -5.02 eV from formation enthalpies, with ion enthalpies built from the ionization energy"
cand_SF6p_SF_v_diss_SF5p_F_SF,SF6+ + SF_v -> SF5+ + F + SF,ion_neutral,dissociative_charge_transfer,2,rate_coefficient,0.0,,,,,,,unknown,,candidate,"delta H = -1.66 eV from formation enthalpies, with ion enthalpies built from the ionization energy"
cand_SF6p_SF_v_diss_SF5_F_SFp,SF6+ + SF_v -> SF5 + F + SF+,ion_neutral,dissociative_charge_transfer,2,rate_coefficient,0.0,,,,,,,unknown,,candidate,"delta H = -0.96 eV from formation enthalpies, with ion enthalpies built from the ionization energy"
cand_SF6p_SF_v_diss_SF4p_F2_SF,SF6+ + SF_v -> SF4+ + F2 + SF,ion_neutral,dissociative_charge_transfer,2,rate_coefficient,1.419579999999998,,,,,,,unknown,,candidate,"delta H = +1.42 eV from formation enthalpies, with ion enthalpies built from the ionization energy"
cand_SF6p_SF_v_diss_SF4_F2_SFp,SF6+ + SF_v -> SF4 + F2 + SF+,ion_neutral,dissociative_charge_transfer,2,rate_coefficient,0.0,,,,,,,unknown,,candidate,"delta H = -0.28 eV from formation enthalpies, with ion enthalpies built from the ionization energy"
cand_SF6p_SO_diss_SF5p_F_SO,SF6+ + SO -> SF5+ + F + SO,ion_neutral,dissociative_charge_transfer,2,rate_coefficient,0.0,,,,,,,unknown,,candidate,"delta H = -1.66 eV from formation enthalpies, with ion enthalpies built from the ionization energy"
cand_SF6p_SO_diss_SF4p_F2_SO,SF6+ + SO -> SF4+ + F2 + SO,ion_neutral,dissociative_charge_transfer,2,rate_coefficient,1.419579999999998,,,,,,,unknown,,candidate,"delta H = +1.42 eV from formation enthalpies, with ion enthalpies built from the ionization energy"
cand_SF6p_SO_diss_SF6_O_Sp,SF6+ + SO -> SF6 + O + S+,ion_neutral,dissociative_charge_transfer,2,rate_coefficient,0.4307680000000004,,,,,,,unknown,,candidate,"delta H = +0.43 eV from formation enthalpies, with ion enthalpies built from the ionization energy"
cand_SF6p_SOF_diss_SF5p_F_SOF,SF6+ + SOF -> SF5+ + F + SOF,ion_neutral,dissociative_charge_transfer,2,rate_coefficient,0.0,,,,,,,unknown,,candidate,"delta H = -1.66 eV from formation enthalpies, with ion enthalpies built from the ionization energy"
cand_SF6p_SOF_diss_SF4p_F2_SOF,SF6+ + SOF -> SF4+ + F2 + SOF,ion_neutral,dissociative_charge_transfer,2,rate_coefficient,1.419579999999998,,,,,,,unknown,,candidate,"delta H = +1.42 eV from formation enthalpies, with ion enthalpies built from the ionization energy"
cand_SF6p_SOF2_diss_SF5p_F_SOF2,SF6+ + SOF2 -> SF5+ + F + SOF2,ion_neutral,dissociative_charge_transfer,2,rate_coefficient,0.0,,,,,,,unknown,,candidate,"delta H = -1.66 eV from formation enthalpies, with ion enthalpies built from the ionization energy"
cand_SF6p_SOF2_diss_SF4p_F2_SOF2,SF6+ + SOF2 -> SF4+ + F2 + SOF2,ion_neutral,dissociative_charge_transfer,2,rate_coefficient,1.419579999999998,,,,,,,unknown,,candidate,"delta H = +1.42 eV from formation enthalpies, with ion enthalpies built from the ionization energy"
cand_SF6p_SOF3_diss_SF5p_F_SOF3,SF6+ + SOF3 -> SF5+ + F + SOF3,ion_neutral,dissociative_charge_transfer,2,rate_coefficient,0.0,,,,,,,unknown,,candidate,"delta H = -1.66 eV from formation enthalpies, with ion enthalpies built from the ionization energy"
cand_SF6p_SOF3_diss_SF4p_F2_SOF3,SF6+ + SOF3 -> SF4+ + F2 + SOF3,ion_neutral,dissociative_charge_transfer,2,rate_coefficient,1.419579999999998,,,,,,,unknown,,candidate,"delta H = +1.42 eV from formation enthalpies, with ion enthalpies built from the ionization energy"
cand_SF6p_SOF4_diss_SF5p_F_SOF4,SF6+ + SOF4 -> SF5+ + F + SOF4,ion_neutral,dissociative_charge_transfer,2,rate_coefficient,0.0,,,,,,,unknown,,candidate,"delta H = -1.66 eV from formation enthalpies, with ion enthalpies built from the ionization energy"
cand_SF6p_SOF4_diss_SF4p_F2_SOF4,SF6+ + SOF4 -> SF4+ + F2 + SOF4,ion_neutral,dissociative_charge_transfer,2,rate_coefficient,1.419579999999998,,,,,,,unknown,,candidate,"delta H = +1.42 eV from formation enthalpies, with ion enthalpies built from the ionization energy"
cand_SF6p_S_1D_char_SF6_Sp,SF6+ + S_1D -> SF6 + S+,ion_neutral,charge_transfer,2,rate_coefficient,0.0,,7.744659983131616e-16,m3/s,langevin_estimate,,560943.4391457652,fast,,candidate,"delta H = -6.11 eV from formation enthalpies, with ion enthalpies built from the ionization energy"
cand_SF6p_S_1D_diss_SF5p_F_S,SF6+ + S_1D -> SF5+ + F + S,ion_neutral,dissociative_charge_transfer,2,rate_coefficient,0.0,,7.744659983131616e-16,m3/s,langevin_estimate,,560943.4391457652,fast,,candidate,"delta H = -2.81 eV from formation enthalpies, with ion enthalpies built from the ionization energy"
cand_SF6p_S_1D_diss_SF5_F_Sp,SF6+ + S_1D -> SF5 + F + S+,ion_neutral,dissociative_charge_transfer,2,rate_coefficient,0.0,,7.744659983131616e-16,m3/s,langevin_estimate,,560943.4391457652,fast,,candidate,"delta H = -2.05 eV from formation enthalpies, with ion enthalpies built from the ionization energy"
cand_SF6p_S_1D_diss_SF4p_F2_S,SF6+ + S_1D -> SF4+ + F2 + S,ion_neutral,dissociative_charge_transfer,2,rate_coefficient,0.27413899999999725,,7.744659983131616e-16,m3/s,langevin_estimate,,560943.4391457652,fast,,candidate,"delta H = +0.27 eV from formation enthalpies, with ion enthalpies built from the ionization energy"
cand_SF6p_S_1D_diss_SF4_F2_Sp,SF6+ + S_1D -> SF4 + F2 + S+,ion_neutral,dissociative_charge_transfer,2,rate_coefficient,0.0,,7.744659983131616e-16,m3/s,langevin_estimate,,560943.4391457652,fast,,candidate,"delta H = -1.37 eV from formation enthalpies, with ion enthalpies built from the ionization energy"
cand_SF6p_S_1S_char_SF6_Sp,SF6+ + S_1S -> SF6 + S+,ion_neutral,charge_transfer,2,rate_coefficient,0.0,,7.744659983131616e-16,m3/s,langevin_estimate,,560943.4391457652,fast,,candidate,"delta H = -7.71 eV from formation enthalpies, with ion enthalpies built from the ionization energy"
cand_SF6p_S_1S_diss_SF5p_F_S,SF6+ + S_1S -> SF5+ + F + S,ion_neutral,dissociative_charge_transfer,2,rate_coefficient,0.0,,7.744659983131616e-16,m3/s,langevin_estimate,,560943.4391457652,fast,,candidate,"delta H = -4.41 eV from formation enthalpies, with ion enthalpies built from the ionization energy"
cand_SF6p_S_1S_diss_SF5_F_Sp,SF6+ + S_1S -> SF5 + F + S+,ion_neutral,dissociative_charge_transfer,2,rate_coefficient,0.0,,7.744659983131616e-16,m3/s,langevin_estimate,,560943.4391457652,fast,,candidate,"delta H = -3.65 eV from formation enthalpies, with ion enthalpies built from the ionization energy"
cand_SF6p_S_1S_diss_SF4p_F2_S,SF6+ + S_1S -> SF4+ + F2 + S,ion_neutral,dissociative_charge_transfer,2,rate_coefficient,0.0,,7.744659983131616e-16,m3/s,langevin_estimate,,560943.4391457652,fast,,candidate,"delta H = -1.33 eV from formation enthalpies, with ion enthalpies built from the ionization energy"
cand_SF6p_S_1S_diss_SF4_F2_Sp,SF6+ + S_1S -> SF4 + F2 + S+,ion_neutral,dissociative_charge_transfer,2,rate_coefficient,0.0,,7.744659983131616e-16,m3/s,langevin_estimate,,560943.4391457652,fast,,candidate,"delta H = -2.97 eV from formation enthalpies, with ion enthalpies built from the ionization energy"
cand_Ar_4s_S_penning,Ar_4s + S -> Ar + S+ + e,neutral_neutral,penning_ionization,2,rate_coefficient,,,,,,,,unknown,1.1449713910753563,candidate,"the metastable carries 11.60 eV, more than the 10.36 eV needed"
SO2F2_O_R137,SO2F2 + O -> SOF2 + O2,neutral_neutral,reactive_scattering,3,rate_coefficient,,,9.999999999999999e-19,m3/s,dataset,,724.2970516039918,fast,-0.5217083671722772,literature_supported,"A. Pateau et al., Journal of Vacuum Science & Technology A 32, 021303 (2014)."
SO2F2_O1D_R137,SO2F2 + O_1D -> SOF2 + O2,neutral_neutral,reactive_scattering,3,rate_coefficient,,,9.999999999999999e-19,m3/s,dataset,,724.2970516039918,fast,-2.4887083465329267,literature_supported,"A. Pateau et al., Journal of Vacuum Science & Technology A 32, 021303 (2014)."
cand_e_FO*_to_e_FO*,e + FO* -> e + FO*,electron,elastic,3,cross_section,0.0,,,,,,,unknown,,candidate,conservation allows this channel; no source has been consulted
cand_e_FO*_to_e_e_OFp,e + FO* -> e + e + OF+,electron,ionization,3,cross_section,,,,,,,,unknown,,candidate,conservation allows this channel; no source has been consulted
cand_e_FO*_to_e_F_O,e + FO* -> e + F + O,electron,dissociation,3,cross_section,,,,,,,,unknown,,candidate,conservation allows this channel; no source has been consulted
cand_e_FO*_to_e_e_Fp_O,e + FO* -> e + e + F+ + O,electron,dissociative_ionization,3,cross_section,,,,,,,,unknown,,candidate,conservation allows this channel; no source has been consulted
cand_e_FO_v_to_e_FO_v,e + FO_v -> e + FO_v,electron,elastic,3,cross_section,0.0,,,,,,,unknown,,candidate,conservation allows this channel; no source has been consulted
cand_e_FO_v_to_e_e_OFp,e + FO_v -> e + e + OF+,electron,ionization,3,cross_section,,,,,,,,unknown,,candidate,conservation allows this channel; no source has been consulted
cand_e_FO_v_to_e_F_O,e + FO_v -> e + F + O,electron,dissociation,3,cross_section,,,,,,,,unknown,,candidate,conservation allows this channel; no source has been consulted
cand_e_FO_v_to_e_e_Fp_O,e + FO_v -> e + e + F+ + O,electron,dissociative_ionization,3,cross_section,,,,,,,,unknown,,candidate,conservation allows this channel; no source has been consulted
cand_e_SO*_to_e_SO*,e + SO* -> e + SO*,electron,elastic,3,cross_section,0.0,,,,,,,unknown,,candidate,conservation allows this channel; no source has been consulted
cand_e_SO*_to_e_e_SOp,e + SO* -> e + e + SO+,electron,ionization,3,cross_section,,,,,,,,unknown,,candidate,conservation allows this channel; no source has been consulted
cand_e_SO*_to_e_O_S,e + SO* -> e + O + S,electron,dissociation,3,cross_section,,,,,,,,unknown,,candidate,conservation allows this channel; no source has been consulted
cand_e_SO*_to_e_e_Op_S,e + SO* -> e + e + O+ + S,electron,dissociative_ionization,3,cross_section,,,,,,,,unknown,,candidate,conservation allows this channel; no source has been consulted
cand_e_SO2_to_e_SO2,e + SO2 -> e + SO2,electron,elastic,3,cross_section,0.0,,,,,,,unknown,0.0,candidate,conservation allows this channel; no source has been consulted
cand_e_SO2_to_e_e_SO2p,e + SO2 -> e + e + SO2+,electron,ionization,3,cross_section,,,,,,,,unknown,,candidate,conservation allows this channel; no source has been consulted
cand_e_SO2_to_e_SO2_v,e + SO2 -> e + SO2_v,electron,excitation,3,cross_section,,-0.11290000000000022,,,,,,unknown,,candidate,conservation allows this channel; no source has been consulted
cand_e_SO2_v_to_e_SO2,e + SO2_v -> e + SO2,electron,deexcitation,3,cross_section,0.0,0.0,,,,,,unknown,,candidate,conservation allows this channel; no source has been consulted
cand_e_SO2_to_e_SO2*,e + SO2 -> e + SO2*,electron,excitation,3,cross_section,,,,,,,,unknown,,candidate,conservation allows this channel; no source has been consulted
cand_e_SO2*_to_e_SO2,e + SO2* -> e + SO2,electron,deexcitation,3,cross_section,0.0,0.0,,,,,,unknown,,candidate,conservation allows this channel; no source has been consulted
cand_e_SO2_to_e_SO_O,e + SO2 -> e + SO + O,electron,dissociation,3,cross_section,,-5.724487,,,,,,unknown,5.150187573095953,candidate,conservation allows this channel; no source has been consulted
cand_e_SO2_to_e_e_SOp_O,e + SO2 -> e + e + SO+ + O,electron,dissociative_ionization,3,cross_section,,,,,,,,unknown,,candidate,conservation allows this channel; no source has been consulted
cand_e_SO2_to_e_S_O2,e + SO2 -> e + S + O2,electron,dissociation,3,cross_section,,-5.949091,,,,,,unknown,3.1200583814126106,candidate,conservation allows this channel; no source has been consulted
cand_e_SO2_to_e_e_Sp_O2,e + SO2 -> e + e + S+ + O2,electron,dissociative_ionization,3,cross_section,,,,,,,,unknown,15.865029650771415,candidate,conservation allows this channel; no source has been consulted
cand_e_SO2F2_to_e_SO2F2,e + SO2F2 -> e + SO2F2,electron,elastic,3,cross_section,0.0,,,,,,,unknown,0.0,candidate,conservation allows this channel; no source has been consulted
cand_e_SO2F2_to_e_e_SO2F2p,e + SO2F2 -> e + e + SO2F2+,electron,ionization,3,cross_section,,,,,,,,unknown,,candidate,conservation allows this channel; no source has been consulted
cand_e_SO2F2_to_e_SO2F2_v,e + SO2F2 -> e + SO2F2_v,electron,excitation,3,cross_section,,,,,,,,unknown,,candidate,conservation allows this channel; no source has been consulted
cand_e_SO2F2_v_to_e_SO2F2,e + SO2F2_v -> e + SO2F2,electron,deexcitation,3,cross_section,0.0,0.0,,,,,,unknown,,candidate,conservation allows this channel; no source has been consulted
cand_e_SO2F2_to_e_SO2F2*,e + SO2F2 -> e + SO2F2*,electron,excitation,3,cross_section,,,,,,,,unknown,,candidate,conservation allows this channel; no source has been consulted
cand_e_SO2F2*_to_e_SO2F2,e + SO2F2* -> e + SO2F2,electron,deexcitation,3,cross_section,0.0,0.0,,,,,,unknown,,candidate,conservation allows this channel; no source has been consulted
cand_e_SO2F2_to_e_SOF2_O,e + SO2F2 -> e + SOF2 + O,electron,dissociation,3,cross_section,,-4.807663,,,,,,unknown,4.156108600542587,candidate,conservation allows this channel; no source has been consulted
cand_e_SO2F2_to_e_e_SOF2p_O,e + SO2F2 -> e + e + SOF2+ + O,electron,dissociative_ionization,3,cross_section,,,,,,,,unknown,,candidate,conservation allows this channel; no source has been consulted
cand_e_SO2F2_to_e_SF2_O2,e + SO2F2 -> e + SF2 + O2,electron,dissociation,3,cross_section,,-4.7873589999999995,,,,,,unknown,4.043414643384302,candidate,conservation allows this channel; no source has been consulted
cand_e_SO2F2_to_e_e_SF2p_O2,e + SO2F2 -> e + e + SF2+ + O2,electron,dissociative_ionization,3,cross_section,,,,,,,,unknown,14.373747584128735,candidate,conservation allows this channel; no source has been consulted
cand_e_SOF*_to_e_SOF*,e + SOF* -> e + SOF*,electron,elastic,3,cross_section,0.0,,,,,,,unknown,,candidate,conservation allows this channel; no source has been consulted
cand_e_SOF*_to_e_e_SOFp,e + SOF* -> e + e + SOF+,electron,ionization,3,cross_section,,,,,,,,unknown,,candidate,conservation allows this channel; no source has been consulted
cand_e_SOF*_to_e_FO_S,e + SOF* -> e + FO + S,electron,dissociation,3,cross_section,,,,,,,,unknown,,candidate,conservation allows this channel; no source has been consulted
cand_e_SOF*_to_e_e_OFp_S,e + SOF* -> e + e + OF+ + S,electron,dissociative_ionization,3,cross_section,,,,,,,,unknown,,candidate,conservation allows this channel; no source has been consulted
cand_e_SOF2*_to_e_SOF2*,e + SOF2* -> e + SOF2*,electron,elastic,3,cross_section,0.0,,,,,,,unknown,,candidate,conservation allows this channel; no source has been consulted
cand_e_SOF2*_to_e_e_SOF2p,e + SOF2* -> e + e + SOF2+,electron,ionization,3,cross_section,,,,,,,,unknown,,candidate,conservation allows this channel; no source has been consulted
cand_e_SOF2*_to_e_SOF_F,e + SOF2* -> e + SOF + F,electron,dissociation,3,cross_section,,,,,,,,unknown,,candidate,conservation allows this channel; no source has been consulted
cand_e_SOF2*_to_e_e_SOFp_F,e + SOF2* -> e + e + SOF+ + F,electron,dissociative_ionization,3,cross_section,,,,,,,,unknown,,candidate,conservation allows this channel; no source has been consulted
cand_e_SOF2*_to_e_SO_F2,e + SOF2* -> e + SO + F2,electron,dissociation,3,cross_section,,,,,,,,unknown,,candidate,conservation allows this channel; no source has been consulted
cand_e_SOF2*_to_e_e_SOp_F2,e + SOF2* -> e + e + SO+ + F2,electron,dissociative_ionization,3,cross_section,,,,,,,,unknown,,candidate,conservation allows this channel; no source has been consulted
cand_e_SOF2_v_to_e_SOF2_v,e + SOF2_v -> e + SOF2_v,electron,elastic,3,cross_section,0.0,,,,,,,unknown,,candidate,conservation allows this channel; no source has been consulted
cand_e_SOF2_v_to_e_e_SOF2p,e + SOF2_v -> e + e + SOF2+,electron,ionization,3,cross_section,,,,,,,,unknown,,candidate,conservation allows this channel; no source has been consulted
cand_e_SOF2_v_to_e_SOF_F,e + SOF2_v -> e + SOF + F,electron,dissociation,3,cross_section,,,,,,,,unknown,,candidate,conservation allows this channel; no source has been consulted
cand_e_SOF2_v_to_e_e_SOFp_F,e + SOF2_v -> e + e + SOF+ + F,electron,dissociative_ionization,3,cross_section,,,,,,,,unknown,,candidate,conservation allows this channel; no source has been consulted
cand_e_SOF2_v_to_e_SO_F2,e + SOF2_v -> e + SO + F2,electron,dissociation,3,cross_section,,,,,,,,unknown,,candidate,conservation allows this channel; no source has been consulted
cand_e_SOF2_v_to_e_e_SOp_F2,e + SOF2_v -> e + e + SO+ + F2,electron,dissociative_ionization,3,cross_section,,,,,,,,unknown,,candidate,conservation allows this channel; no source has been consulted
cand_e_SOF3*_to_e_SOF3*,e + SOF3* -> e + SOF3*,electron,elastic,3,cross_section,0.0,,,,,,,unknown,,candidate,conservation allows this channel; no source has been consulted
cand_e_SOF3*_to_e_e_SOF3p,e + SOF3* -> e + e + SOF3+,electron,ionization,3,cross_section,,,,,,,,unknown,,candidate,conservation allows this channel; no source has been consulted
cand_e_SOF3*_to_e_SOF2_F,e + SOF3* -> e + SOF2 + F,electron,dissociation,3,cross_section,,,,,,,,unknown,,candidate,conservation allows this channel; no source has been consulted
cand_e_SOF3*_to_e_e_SOF2p_F,e + SOF3* -> e + e + SOF2+ + F,electron,dissociative_ionization,3,cross_section,,,,,,,,unknown,,candidate,conservation allows this channel; no source has been consulted
cand_e_SOF3*_to_e_SOF_F2,e + SOF3* -> e + SOF + F2,electron,dissociation,3,cross_section,,,,,,,,unknown,,candidate,conservation allows this channel; no source has been consulted
cand_e_SOF3*_to_e_e_SOFp_F2,e + SOF3* -> e + e + SOF+ + F2,electron,dissociative_ionization,3,cross_section,,,,,,,,unknown,,candidate,conservation allows this channel; no source has been consulted
cand_e_SOF3_v_to_e_SOF3_v,e + SOF3_v -> e + SOF3_v,electron,elastic,3,cross_section,0.0,,,,,,,unknown,,candidate,conservation allows this channel; no source has been consulted
cand_e_SOF3_v_to_e_e_SOF3p,e + SOF3_v -> e + e + SOF3+,electron,ionization,3,cross_section,,,,,,,,unknown,,candidate,conservation allows this channel; no source has been consulted
cand_e_SOF3_v_to_e_SOF2_F,e + SOF3_v -> e + SOF2 + F,electron,dissociation,3,cross_section,,,,,,,,unknown,,candidate,conservation allows this channel; no source has been consulted
cand_e_SOF3_v_to_e_e_SOF2p_F,e + SOF3_v -> e + e + SOF2+ + F,electron,dissociative_ionization,3,cross_section,,,,,,,,unknown,,candidate,conservation allows this channel; no source has been consulted
cand_e_SOF3_v_to_e_SOF_F2,e + SOF3_v -> e + SOF + F2,electron,dissociation,3,cross_section,,,,,,,,unknown,,candidate,conservation allows this channel; no source has been consulted
cand_e_SOF3_v_to_e_e_SOFp_F2,e + SOF3_v -> e + e + SOF+ + F2,electron,dissociative_ionization,3,cross_section,,,,,,,,unknown,,candidate,conservation allows this channel; no source has been consulted
cand_e_SOF4*_to_e_SOF4*,e + SOF4* -> e + SOF4*,electron,elastic,3,cross_section,0.0,,,,,,,unknown,,candidate,conservation allows this channel; no source has been consulted
cand_e_SOF4*_to_e_e_SOF4p,e + SOF4* -> e + e + SOF4+,electron,ionization,3,cross_section,,,,,,,,unknown,,candidate,conservation allows this channel; no source has been consulted
cand_e_SOF4*_to_e_SOF3_F,e + SOF4* -> e + SOF3 + F,electron,dissociation,3,cross_section,,,,,,,,unknown,,candidate,conservation allows this channel; no source has been consulted
cand_e_SOF4*_to_e_e_SOF3p_F,e + SOF4* -> e + e + SOF3+ + F,electron,dissociative_ionization,3,cross_section,,,,,,,,unknown,,candidate,conservation allows this channel; no source has been consulted
cand_e_SOF4*_to_e_SOF2_F2,e + SOF4* -> e + SOF2 + F2,electron,dissociation,3,cross_section,,,,,,,,unknown,,candidate,conservation allows this channel; no source has been consulted
cand_e_SOF4*_to_e_e_SOF2p_F2,e + SOF4* -> e + e + SOF2+ + F2,electron,dissociative_ionization,3,cross_section,,,,,,,,unknown,,candidate,conservation allows this channel; no source has been consulted
cand_e_SOF4_v_to_e_SOF4_v,e + SOF4_v -> e + SOF4_v,electron,elastic,3,cross_section,0.0,,,,,,,unknown,,candidate,conservation allows this channel; no source has been consulted
cand_e_SOF4_v_to_e_e_SOF4p,e + SOF4_v -> e + e + SOF4+,electron,ionization,3,cross_section,,,,,,,,unknown,,candidate,conservation allows this channel; no source has been consulted
cand_e_SOF4_v_to_e_SOF3_F,e + SOF4_v -> e + SOF3 + F,electron,dissociation,3,cross_section,,,,,,,,unknown,,candidate,conservation allows this channel; no source has been consulted
cand_e_SOF4_v_to_e_e_SOF3p_F,e + SOF4_v -> e + e + SOF3+ + F,electron,dissociative_ionization,3,cross_section,,,,,,,,unknown,,candidate,conservation allows this channel; no source has been consulted
cand_e_SOF4_v_to_e_SOF2_F2,e + SOF4_v -> e + SOF2 + F2,electron,dissociation,3,cross_section,,,,,,,,unknown,,candidate,conservation allows this channel; no source has been consulted
cand_e_SOF4_v_to_e_e_SOF2p_F2,e + SOF4_v -> e + e + SOF2+ + F2,electron,dissociative_ionization,3,cross_section,,,,,,,,unknown,,candidate,conservation allows this channel; no source has been consulted
cand_e_SOF_v_to_e_SOF_v,e + SOF_v -> e + SOF_v,electron,elastic,3,cross_section,0.0,,,,,,,unknown,,candidate,conservation allows this channel; no source has been consulted
cand_e_SOF_v_to_e_e_SOFp,e + SOF_v -> e + e + SOF+,electron,ionization,3,cross_section,,,,,,,,unknown,,candidate,conservation allows this channel; no source has been consulted
cand_e_SOF_v_to_e_FO_S,e + SOF_v -> e + FO + S,electron,dissociation,3,cross_section,,,,,,,,unknown,,candidate,conservation allows this channel; no source has been consulted
cand_e_SOF_v_to_e_e_OFp_S,e + SOF_v -> e + e + OF+ + S,electron,dissociative_ionization,3,cross_section,,,,,,,,unknown,,candidate,conservation allows this channel; no source has been consulted
cand_e_SO_v_to_e_SO_v,e + SO_v -> e + SO_v,electron,elastic,3,cross_section,0.0,,,,,,,unknown,,candidate,conservation allows this channel; no source has been consulted
cand_e_SO_v_to_e_e_SOp,e + SO_v -> e + e + SO+,electron,ionization,3,cross_section,,,,,,,,unknown,,candidate,conservation allows this channel; no source has been consulted
cand_e_SO_v_to_e_O_S,e + SO_v -> e + O + S,electron,dissociation,3,cross_section,,-5.2571579999999996,,,,,,unknown,,candidate,conservation allows this channel; no source has been consulted
cand_e_SO_v_to_e_e_Op_S,e + SO_v -> e + e + O+ + S,electron,dissociative_ionization,3,cross_section,,-18.874736000000002,,,,,,unknown,,candidate,conservation allows this channel; no source has been consulted
cand_SO2_diss_SO_v,e + SO2 -> e + O + SO_v,electron,dissociation,3,cross_section,,-5.858087,,,,,,unknown,,candidate,"bond energy 5.72 eV plus the 0.13 eV level; the thermodynamic limit, below any measured onset"
cand_SO2_diss_O_1D,e + SO2 -> e + SO + O_1D,electron,dissociation,3,cross_section,,-7.691487,,,,,,unknown,7.1171875524566035,candidate,"bond energy 5.72 eV plus the 1.97 eV level; the thermodynamic limit, below any measured onset"
cand_SO2_diss_O_1S,e + SO2 -> e + SO + O_1S,electron,dissociation,3,cross_section,,-9.914233,,,,,,unknown,9.33993352913376,candidate,"bond energy 5.72 eV plus the 4.19 eV level; the thermodynamic limit, below any measured onset"
cand_SO2_diss_S_1D,e + SO2 -> e + O2 + S_1D,electron,dissociation,3,cross_section,,-7.094533,,,,,,unknown,4.26550036939371,candidate,"bond energy 5.95 eV plus the 1.15 eV level; the thermodynamic limit, below any measured onset"
cand_SO2_diss_S_1S,e + SO2 -> e + O2 + S_1S,electron,dissociation,3,cross_section,,-8.699055,,,,,,unknown,5.87002235255777,candidate,"bond energy 5.95 eV plus the 2.75 eV level; the thermodynamic limit, below any measured onset"
cand_SO2_diss_O2_a1Delta,e + SO2 -> e + S + O2_a1Delta,electron,dissociation,3,cross_section,,-6.926091,,,,,,unknown,4.097058371161139,candidate,"bond energy 5.95 eV plus the 0.98 eV level; the thermodynamic limit, below any measured onset"
cand_SO2_diss_O2_b1Sigma,e + SO2 -> e + S + O2_b1Sigma,electron,dissociation,3,cross_section,,-7.576091,,,,,,unknown,4.747058364340814,candidate,"bond energy 5.95 eV plus the 1.63 eV level; the thermodynamic limit, below any measured onset"
cand_SO2_diss_O2_v,e + SO2 -> e + S + O2_v,electron,dissociation,3,cross_section,,-6.134391,,,,,,unknown,,candidate,"bond energy 5.95 eV plus the 0.19 eV level; the thermodynamic limit, below any measured onset"
cand_SO2F2_diss_O_1D,e + SO2F2 -> e + SOF2 + O_1D,electron,dissociation,3,cross_section,,-6.774663,,,,,,unknown,6.123108579903237,candidate,"bond energy 4.81 eV plus the 1.97 eV level; the thermodynamic limit, below any measured onset"
cand_SO2F2_diss_O_1S,e + SO2F2 -> e + SOF2 + O_1S,electron,dissociation,3,cross_section,,-8.997409000000001,,,,,,unknown,8.345854556580393,candidate,"bond energy 4.81 eV plus the 4.19 eV level; the thermodynamic limit, below any measured onset"
cand_SO2F2_diss_O2_a1Delta,e + SO2F2 -> e + SF2 + O2_a1Delta,electron,dissociation,3,cross_section,,-5.764359,,,,,,unknown,5.0204146331328285,candidate,"bond energy 4.79 eV plus the 0.98 eV level; the thermodynamic limit, below any measured onset"
cand_SO2F2_diss_O2_b1Sigma,e + SO2F2 -> e + SF2 + O2_b1Sigma,electron,dissociation,3,cross_section,,-6.414358999999999,,,,,,unknown,5.670414626312506,candidate,"bond energy 4.79 eV plus the 1.63 eV level; the thermodynamic limit, below any measured onset"
cand_SO2F2_diss_O2_v,e + SO2F2 -> e + SF2 + O2_v,electron,dissociation,3,cross_section,,-4.972658999999999,,,,,,unknown,,candidate,"bond energy 4.79 eV plus the 0.19 eV level; the thermodynamic limit, below any measured onset"
cand_F2_v_FO*_vt,F2_v + FO* -> F2 + FO*,neutral_neutral,vibrational_relaxation,3,rate_coefficient,0.0,,,,,,,unknown,,candidate,a heavy collision de-excites the manifold; the rate depends strongly on which partner it is
cand_F2_v_FO_v_vt,F2_v + FO_v -> F2 + FO_v,neutral_neutral,vibrational_relaxation,3,rate_coefficient,0.0,,,,,,,unknown,,candidate,a heavy collision de-excites the manifold; the rate depends strongly on which partner it is
cand_F2_v_SO*_vt,F2_v + SO* -> F2 + SO*,neutral_neutral,vibrational_relaxation,3,rate_coefficient,0.0,,,,,,,unknown,,candidate,a heavy collision de-excites the manifold; the rate depends strongly on which partner it is
cand_F2_v_SO2_vt,F2_v + SO2 -> F2 + SO2,neutral_neutral,vibrational_relaxation,3,rate_coefficient,0.0,,,,,,,unknown,,candidate,a heavy collision de-excites the manifold; the rate depends strongly on which partner it is
cand_F2_v_SO2F2_vt,F2_v + SO2F2 -> F2 + SO2F2,neutral_neutral,vibrational_relaxation,3,rate_coefficient,0.0,,,,,,,unknown,,candidate,a heavy collision de-excites the manifold; the rate depends strongly on which partner it is
cand_F2_v_SOF*_vt,F2_v + SOF* -> F2 + SOF*,neutral_neutral,vibrational_relaxation,3,rate_coefficient,0.0,,,,,,,unknown,,candidate,a heavy collision de-excites the manifold; the rate depends strongly on which partner it is
cand_F2_v_SOF2*_vt,F2_v + SOF2* -> F2 + SOF2*,neutral_neutral,vibrational_relaxation,3,rate_coefficient,0.0,,,,,,,unknown,,candidate,a heavy collision de-excites the manifold; the rate depends strongly on which partner it is
cand_F2_v_SOF2_v_vt,F2_v + SOF2_v -> F2 + SOF2_v,neutral_neutral,vibrational_relaxation,3,rate_coefficient,0.0,,,,,,,unknown,,candidate,a heavy collision de-excites the manifold; the rate depends strongly on which partner it is
cand_F2_v_SOF3*_vt,F2_v + SOF3* -> F2 + SOF3*,neutral_neutral,vibrational_relaxation,3,rate_coefficient,0.0,,,,,,,unknown,,candidate,a heavy collision de-excites the manifold; the rate depends strongly on which partner it is
cand_F2_v_SOF3_v_vt,F2_v + SOF3_v -> F2 + SOF3_v,neutral_neutral,vibrational_relaxation,3,rate_coefficient,0.0,,,,,,,unknown,,candidate,a heavy collision de-excites the manifold; the rate depends strongly on which partner it is
cand_F2_v_SOF4*_vt,F2_v + SOF4* -> F2 + SOF4*,neutral_neutral,vibrational_relaxation,3,rate_coefficient,0.0,,,,,,,unknown,,candidate,a heavy collision de-excites the manifold; the rate depends strongly on which partner it is
cand_F2_v_SOF4_v_vt,F2_v + SOF4_v -> F2 + SOF4_v,neutral_neutral,vibrational_relaxation,3,rate_coefficient,0.0,,,,,,,unknown,,candidate,a heavy collision de-excites the manifold; the rate depends strongly on which partner it is
cand_F2_v_SOF_v_vt,F2_v + SOF_v -> F2 + SOF_v,neutral_neutral,vibrational_relaxation,3,rate_coefficient,0.0,,,,,,,unknown,,candidate,a heavy collision de-excites the manifold; the rate depends strongly on which partner it is
cand_F2_v_SO_v_vt,F2_v + SO_v -> F2 + SO_v,neutral_neutral,vibrational_relaxation,3,rate_coefficient,0.0,,,,,,,unknown,,candidate,a heavy collision de-excites the manifold; the rate depends strongly on which partner it is
cand_FO_v_Ar_vt,FO_v + Ar -> FO + Ar,neutral_neutral,vibrational_relaxation,3,rate_coefficient,0.0,,,,,,,unknown,,candidate,a heavy collision de-excites the manifold; the rate depends strongly on which partner it is
cand_FO_v_Ar_4s_vt,FO_v + Ar_4s -> FO + Ar_4s,neutral_neutral,vibrational_relaxation,3,rate_coefficient,0.0,,,,,,,unknown,,candidate,a heavy collision de-excites the manifold; the rate depends strongly on which partner it is
cand_FO_v_F_vt,FO_v + F -> FO + F,neutral_neutral,vibrational_relaxation,3,rate_coefficient,0.0,,,,,,,unknown,,candidate,a heavy collision de-excites the manifold; the rate depends strongly on which partner it is
cand_FO_v_F*_vt,FO_v + F* -> FO + F*,neutral_neutral,vibrational_relaxation,3,rate_coefficient,0.0,,,,,,,unknown,,candidate,a heavy collision de-excites the manifold; the rate depends strongly on which partner it is
cand_FO_v_F2_vt,FO_v + F2 -> FO + F2,neutral_neutral,vibrational_relaxation,3,rate_coefficient,0.0,,,,,,,unknown,,candidate,a heavy collision de-excites the manifold; the rate depends strongly on which partner it is
cand_FO_v_F2*_vt,FO_v + F2* -> FO + F2*,neutral_neutral,vibrational_relaxation,3,rate_coefficient,0.0,,,,,,,unknown,,candidate,a heavy collision de-excites the manifold; the rate depends strongly on which partner it is
cand_FO_v_F2_v_vt,FO_v + F2_v -> FO + F2_v,neutral_neutral,vibrational_relaxation,3,rate_coefficient,0.0,,,,,,,unknown,,candidate,a heavy collision de-excites the manifold; the rate depends strongly on which partner it is
cand_FO_v_FO_vt,FO_v + FO -> FO + FO,neutral_neutral,vibrational_relaxation,3,rate_coefficient,0.0,,,,,,,unknown,,candidate,a heavy collision de-excites the manifold; the rate depends strongly on which partner it is
cand_FO_v_FO*_vt,FO_v + FO* -> FO + FO*,neutral_neutral,vibrational_relaxation,3,rate_coefficient,0.0,,,,,,,unknown,,candidate,a heavy collision de-excites the manifold; the rate depends strongly on which partner it is
cand_FO_v_O_vt,FO_v + O -> FO + O,neutral_neutral,vibrational_relaxation,3,rate_coefficient,0.0,,,,,,,unknown,,candidate,a heavy collision de-excites the manifold; the rate depends strongly on which partner it is
cand_FO_v_O2_vt,FO_v + O2 -> FO + O2,neutral_neutral,vibrational_relaxation,3,rate_coefficient,0.0,,,,,,,unknown,,candidate,a heavy collision de-excites the manifold; the rate depends strongly on which partner it is
cand_FO_v_O2_a1Delta_vt,FO_v + O2_a1Delta -> FO + O2_a1Delta,neutral_neutral,vibrational_relaxation,3,rate_coefficient,0.0,,,,,,,unknown,,candidate,a heavy collision de-excites the manifold; the rate depends strongly on which partner it is
cand_FO_v_O2_b1Sigma_vt,FO_v + O2_b1Sigma -> FO + O2_b1Sigma,neutral_neutral,vibrational_relaxation,3,rate_coefficient,0.0,,,,,,,unknown,,candidate,a heavy collision de-excites the manifold; the rate depends strongly on which partner it is
cand_FO_v_O2_v_vt,FO_v + O2_v -> FO + O2_v,neutral_neutral,vibrational_relaxation,3,rate_coefficient,0.0,,,,,,,unknown,,candidate,a heavy collision de-excites the manifold; the rate depends strongly on which partner it is
cand_FO_v_O_1D_vt,FO_v + O_1D -> FO + O_1D,neutral_neutral,vibrational_relaxation,3,rate_coefficient,0.0,,,,,,,unknown,,candidate,a heavy collision de-excites the manifold; the rate depends strongly on which partner it is
cand_FO_v_O_1S_vt,FO_v + O_1S -> FO + O_1S,neutral_neutral,vibrational_relaxation,3,rate_coefficient,0.0,,,,,,,unknown,,candidate,a heavy collision de-excites the manifold; the rate depends strongly on which partner it is
cand_FO_v_S_vt,FO_v + S -> FO + S,neutral_neutral,vibrational_relaxation,3,rate_coefficient,0.0,,,,,,,unknown,,candidate,a heavy collision de-excites the manifold; the rate depends strongly on which partner it is
cand_FO_v_SF_vt,FO_v + SF -> FO + SF,neutral_neutral,vibrational_relaxation,3,rate_coefficient,0.0,,,,,,,unknown,,candidate,a heavy collision de-excites the manifold; the rate depends strongly on which partner it is
cand_FO_v_SF*_vt,FO_v + SF* -> FO + SF*,neutral_neutral,vibrational_relaxation,3,rate_coefficient,0.0,,,,,,,unknown,,candidate,a heavy collision de-excites the manifold; the rate depends strongly on which partner it is
cand_FO_v_SF2_vt,FO_v + SF2 -> FO + SF2,neutral_neutral,vibrational_relaxation,3,rate_coefficient,0.0,,,,,,,unknown,,candidate,a heavy collision de-excites the manifold; the rate depends strongly on which partner it is
cand_FO_v_SF2*_vt,FO_v + SF2* -> FO + SF2*,neutral_neutral,vibrational_relaxation,3,rate_coefficient,0.0,,,,,,,unknown,,candidate,a heavy collision de-excites the manifold; the rate depends strongly on which partner it is
cand_FO_v_SF2_v_vt,FO_v + SF2_v -> FO + SF2_v,neutral_neutral,vibrational_relaxation,3,rate_coefficient,0.0,,,,,,,unknown,,candidate,a heavy collision de-excites the manifold; the rate depends strongly on which partner it is
cand_FO_v_SF3_vt,FO_v + SF3 -> FO + SF3,neutral_neutral,vibrational_relaxation,3,rate_coefficient,0.0,,,,,,,unknown,,candidate,a heavy collision de-excites the manifold; the rate depends strongly on which partner it is
cand_FO_v_SF3*_vt,FO_v + SF3* -> FO + SF3*,neutral_neutral,vibrational_relaxation,3,rate_coefficient,0.0,,,,,,,unknown,,candidate,a heavy collision de-excites the manifold; the rate depends strongly on which partner it is
cand_FO_v_SF3_v_vt,FO_v + SF3_v -> FO + SF3_v,neutral_neutral,vibrational_relaxation,3,rate_coefficient,0.0,,,,,,,unknown,,candidate,a heavy collision de-excites the manifold; the rate depends strongly on which partner it is
cand_FO_v_SF4_vt,FO_v + SF4 -> FO + SF4,neutral_neutral,vibrational_relaxation,3,rate_coefficient,0.0,,,,,,,unknown,,candidate,a heavy collision de-excites the manifold; the rate depends strongly on which partner it is
cand_FO_v_SF4*_vt,FO_v + SF4* -> FO + SF4*,neutral_neutral,vibrational_relaxation,3,rate_coefficient,0.0,,,,,,,unknown,,candidate,a heavy collision de-excites the manifold; the rate depends strongly on which partner it is
cand_FO_v_SF4_v_vt,FO_v + SF4_v -> FO + SF4_v,neutral_neutral,vibrational_relaxation,3,rate_coefficient,0.0,,,,,,,unknown,,candidate,a heavy collision de-excites the manifold; the rate depends strongly on which partner it is
cand_FO_v_SF5_vt,FO_v + SF5 -> FO + SF5,neutral_neutral,vibrational_relaxation,3,rate_coefficient,0.0,,,,,,,unknown,,candidate,a heavy collision de-excites the manifold; the rate depends strongly on which partner it is
cand_FO_v_SF5*_vt,FO_v + SF5* -> FO + SF5*,neutral_neutral,vibrational_relaxation,3,rate_coefficient,0.0,,,,,,,unknown,,candidate,a heavy collision de-excites the manifold; the rate depends strongly on which partner it is
cand_FO_v_SF5_v_vt,FO_v + SF5_v -> FO + SF5_v,neutral_neutral,vibrational_relaxation,3,rate_coefficient,0.0,,,,,,,unknown,,candidate,a heavy collision de-excites the manifold; the rate depends strongly on which partner it is
cand_FO_v_SF6_vt,FO_v + SF6 -> FO + SF6,neutral_neutral,vibrational_relaxation,3,rate_coefficient,0.0,,,,,,,unknown,,candidate,a heavy collision de-excites the manifold; the rate depends strongly on which partner it is
cand_FO_v_SF6*_vt,FO_v + SF6* -> FO + SF6*,neutral_neutral,vibrational_relaxation,3,rate_coefficient,0.0,,,,,,,unknown,,candidate,a heavy collision de-excites the manifold; the rate depends strongly on which partner it is
cand_FO_v_SF6_v_vt,FO_v + SF6_v -> FO + SF6_v,neutral_neutral,vibrational_relaxation,3,rate_coefficient,0.0,,,,,,,unknown,,candidate,a heavy collision de-excites the manifold; the rate depends strongly on which partner it is
cand_FO_v_SF_v_vt,FO_v + SF_v -> FO + SF_v,neutral_neutral,vibrational_relaxation,3,rate_coefficient,0.0,,,,,,,unknown,,candidate,a heavy collision de-excites the manifold; the rate depends strongly on which partner it is
cand_FO_v_SO_vt,FO_v + SO -> FO + SO,neutral_neutral,vibrational_relaxation,3,rate_coefficient,0.0,,,,,,,unknown,,candidate,a heavy collision de-excites the manifold; the rate depends strongly on which partner it is
cand_FO_v_SO*_vt,FO_v + SO* -> FO + SO*,neutral_neutral,vibrational_relaxation,3,rate_coefficient,0.0,,,,,,,unknown,,candidate,a heavy collision de-excites the manifold; the rate depends strongly on which partner it is
cand_FO_v_SO2_vt,FO_v + SO2 -> FO + SO2,neutral_neutral,vibrational_relaxation,3,rate_coefficient,0.0,,,,,,,unknown,,candidate,a heavy collision de-excites the manifold; the rate depends strongly on which partner it is
cand_FO_v_SO2F2_vt,FO_v + SO2F2 -> FO + SO2F2,neutral_neutral,vibrational_relaxation,3,rate_coefficient,0.0,,,,,,,unknown,,candidate,a heavy collision de-excites the manifold; the rate depends strongly on which partner it is
cand_FO_v_SOF_vt,FO_v + SOF -> FO + SOF,neutral_neutral,vibrational_relaxation,3,rate_coefficient,0.0,,,,,,,unknown,,candidate,a heavy collision de-excites the manifold; the rate depends strongly on which partner it is
cand_FO_v_SOF*_vt,FO_v + SOF* -> FO + SOF*,neutral_neutral,vibrational_relaxation,3,rate_coefficient,0.0,,,,,,,unknown,,candidate,a heavy collision de-excites the manifold; the rate depends strongly on which partner it is
cand_FO_v_SOF2_vt,FO_v + SOF2 -> FO + SOF2,neutral_neutral,vibrational_relaxation,3,rate_coefficient,0.0,,,,,,,unknown,,candidate,a heavy collision de-excites the manifold; the rate depends strongly on which partner it is
cand_FO_v_SOF2*_vt,FO_v + SOF2* -> FO + SOF2*,neutral_neutral,vibrational_relaxation,3,rate_coefficient,0.0,,,,,,,unknown,,candidate,a heavy collision de-excites the manifold; the rate depends strongly on which partner it is
cand_FO_v_SOF2_v_vt,FO_v + SOF2_v -> FO + SOF2_v,neutral_neutral,vibrational_relaxation,3,rate_coefficient,0.0,,,,,,,unknown,,candidate,a heavy collision de-excites the manifold; the rate depends strongly on which partner it is
cand_FO_v_SOF3_vt,FO_v + SOF3 -> FO + SOF3,neutral_neutral,vibrational_relaxation,3,rate_coefficient,0.0,,,,,,,unknown,,candidate,a heavy collision de-excites the manifold; the rate depends strongly on which partner it is
cand_FO_v_SOF3*_vt,FO_v + SOF3* -> FO + SOF3*,neutral_neutral,vibrational_relaxation,3,rate_coefficient,0.0,,,,,,,unknown,,candidate,a heavy collision de-excites the manifold; the rate depends strongly on which partner it is
cand_FO_v_SOF3_v_vt,FO_v + SOF3_v -> FO + SOF3_v,neutral_neutral,vibrational_relaxation,3,rate_coefficient,0.0,,,,,,,unknown,,candidate,a heavy collision de-excites the manifold; the rate depends strongly on which partner it is
cand_FO_v_SOF4_vt,FO_v + SOF4 -> FO + SOF4,neutral_neutral,vibrational_relaxation,3,rate_coefficient,0.0,,,,,,,unknown,,candidate,a heavy collision de-excites the manifold; the rate depends strongly on which partner it is
cand_FO_v_SOF4*_vt,FO_v + SOF4* -> FO + SOF4*,neutral_neutral,vibrational_relaxation,3,rate_coefficient,0.0,,,,,,,unknown,,candidate,a heavy collision de-excites the manifold; the rate depends strongly on which partner it is
cand_FO_v_SOF4_v_vt,FO_v + SOF4_v -> FO + SOF4_v,neutral_neutral,vibrational_relaxation,3,rate_coefficient,0.0,,,,,,,unknown,,candidate,a heavy collision de-excites the manifold; the rate depends strongly on which partner it is
cand_FO_v_SOF_v_vt,FO_v + SOF_v -> FO + SOF_v,neutral_neutral,vibrational_relaxation,3,rate_coefficient,0.0,,,,,,,unknown,,candidate,a heavy collision de-excites the manifold; the rate depends strongly on which partner it is
cand_FO_v_SO_v_vt,FO_v + SO_v -> FO + SO_v,neutral_neutral,vibrational_relaxation,3,rate_coefficient,0.0,,,,,,,unknown,,candidate,a heavy collision de-excites the manifold; the rate depends strongly on which partner it is
cand_FO_v_S_1D_vt,FO_v + S_1D -> FO + S_1D,neutral_neutral,vibrational_relaxation,3,rate_coefficient,0.0,,,,,,,unknown,,candidate,a heavy collision de-excites the manifold; the rate depends strongly on which partner it is
cand_FO_v_S_1S_vt,FO_v + S_1S -> FO + S_1S,neutral_neutral,vibrational_relaxation,3,rate_coefficient,0.0,,,,,,,unknown,,candidate,a heavy collision de-excites the manifold; the rate depends strongly on which partner it is
cand_O2_v_FO*_vt,O2_v + FO* -> O2 + FO*,neutral_neutral,vibrational_relaxation,3,rate_coefficient,0.0,,,,,,,unknown,,candidate,a heavy collision de-excites the manifold; the rate depends strongly on which partner it is
cand_O2_v_FO_v_vt,O2_v + FO_v -> O2 + FO_v,neutral_neutral,vibrational_relaxation,3,rate_coefficient,0.0,,,,,,,unknown,,candidate,a heavy collision de-excites the manifold; the rate depends strongly on which partner it is
cand_O2_v_SO*_vt,O2_v + SO* -> O2 + SO*,neutral_neutral,vibrational_relaxation,3,rate_coefficient,0.0,,,,,,,unknown,,candidate,a heavy collision de-excites the manifold; the rate depends strongly on which partner it is
cand_O2_v_SO2_vt,O2_v + SO2 -> O2 + SO2,neutral_neutral,vibrational_relaxation,3,rate_coefficient,0.0,,,,,,,unknown,,candidate,a heavy collision de-excites the manifold; the rate depends strongly on which partner it is
cand_O2_v_SO2F2_vt,O2_v + SO2F2 -> O2 + SO2F2,neutral_neutral,vibrational_relaxation,3,rate_coefficient,0.0,,,,,,,unknown,,candidate,a heavy collision de-excites the manifold; the rate depends strongly on which partner it is
cand_O2_v_SOF*_vt,O2_v + SOF* -> O2 + SOF*,neutral_neutral,vibrational_relaxation,3,rate_coefficient,0.0,,,,,,,unknown,,candidate,a heavy collision de-excites the manifold; the rate depends strongly on which partner it is
cand_O2_v_SOF2*_vt,O2_v + SOF2* -> O2 + SOF2*,neutral_neutral,vibrational_relaxation,3,rate_coefficient,0.0,,,,,,,unknown,,candidate,a heavy collision de-excites the manifold; the rate depends strongly on which partner it is
cand_O2_v_SOF2_v_vt,O2_v + SOF2_v -> O2 + SOF2_v,neutral_neutral,vibrational_relaxation,3,rate_coefficient,0.0,,,,,,,unknown,,candidate,a heavy collision de-excites the manifold; the rate depends strongly on which partner it is
cand_O2_v_SOF3*_vt,O2_v + SOF3* -> O2 + SOF3*,neutral_neutral,vibrational_relaxation,3,rate_coefficient,0.0,,,,,,,unknown,,candidate,a heavy collision de-excites the manifold; the rate depends strongly on which partner it is
cand_O2_v_SOF3_v_vt,O2_v + SOF3_v -> O2 + SOF3_v,neutral_neutral,vibrational_relaxation,3,rate_coefficient,0.0,,,,,,,unknown,,candidate,a heavy collision de-excites the manifold; the rate depends strongly on which partner it is
cand_O2_v_SOF4*_vt,O2_v + SOF4* -> O2 + SOF4*,neutral_neutral,vibrational_relaxation,3,rate_coefficient,0.0,,,,,,,unknown,,candidate,a heavy collision de-excites the manifold; the rate depends strongly on which partner it is
cand_O2_v_SOF4_v_vt,O2_v + SOF4_v -> O2 + SOF4_v,neutral_neutral,vibrational_relaxation,3,rate_coefficient,0.0,,,,,,,unknown,,candidate,a heavy collision de-excites the manifold; the rate depends strongly on which partner it is
cand_O2_v_SOF_v_vt,O2_v + SOF_v -> O2 + SOF_v,neutral_neutral,vibrational_relaxation,3,rate_coefficient,0.0,,,,,,,unknown,,candidate,a heavy collision de-excites the manifold; the rate depends strongly on which partner it is
cand_O2_v_SO_v_vt,O2_v + SO_v -> O2 + SO_v,neutral_neutral,vibrational_relaxation,3,rate_coefficient,0.0,,,,,,,unknown,,candidate,a heavy collision de-excites the manifold; the rate depends strongly on which partner it is
cand_SF2_v_FO*_vt,SF2_v + FO* -> SF2 + FO*,neutral_neutral,vibrational_relaxation,3,rate_coefficient,0.0,,,,,,,unknown,,candidate,a heavy collision de-excites the manifold; the rate depends strongly on which partner it is
cand_SF2_v_FO_v_vt,SF2_v + FO_v -> SF2 + FO_v,neutral_neutral,vibrational_relaxation,3,rate_coefficient,0.0,,,,,,,unknown,,candidate,a heavy collision de-excites the manifold; the rate depends strongly on which partner it is
cand_SF2_v_SO*_vt,SF2_v + SO* -> SF2 + SO*,neutral_neutral,vibrational_relaxation,3,rate_coefficient,0.0,,,,,,,unknown,,candidate,a heavy collision de-excites the manifold; the rate depends strongly on which partner it is
cand_SF2_v_SO2_vt,SF2_v + SO2 -> SF2 + SO2,neutral_neutral,vibrational_relaxation,3,rate_coefficient,0.0,,,,,,,unknown,,candidate,a heavy collision de-excites the manifold; the rate depends strongly on which partner it is
cand_SF2_v_SO2F2_vt,SF2_v + SO2F2 -> SF2 + SO2F2,neutral_neutral,vibrational_relaxation,3,rate_coefficient,0.0,,,,,,,unknown,,candidate,a heavy collision de-excites the manifold; the rate depends strongly on which partner it is
cand_SF2_v_SOF*_vt,SF2_v + SOF* -> SF2 + SOF*,neutral_neutral,vibrational_relaxation,3,rate_coefficient,0.0,,,,,,,unknown,,candidate,a heavy collision de-excites the manifold; the rate depends strongly on which partner it is
cand_SF2_v_SOF2*_vt,SF2_v + SOF2* -> SF2 + SOF2*,neutral_neutral,vibrational_relaxation,3,rate_coefficient,0.0,,,,,,,unknown,,candidate,a heavy collision de-excites the manifold; the rate depends strongly on which partner it is
cand_SF2_v_SOF2_v_vt,SF2_v + SOF2_v -> SF2 + SOF2_v,neutral_neutral,vibrational_relaxation,3,rate_coefficient,0.0,,,,,,,unknown,,candidate,a heavy collision de-excites the manifold; the rate depends strongly on which partner it is
cand_SF2_v_SOF3*_vt,SF2_v + SOF3* -> SF2 + SOF3*,neutral_neutral,vibrational_relaxation,3,rate_coefficient,0.0,,,,,,,unknown,,candidate,a heavy collision de-excites the manifold; the rate depends strongly on which partner it is
cand_SF2_v_SOF3_v_vt,SF2_v + SOF3_v -> SF2 + SOF3_v,neutral_neutral,vibrational_relaxation,3,rate_coefficient,0.0,,,,,,,unknown,,candidate,a heavy collision de-excites the manifold; the rate depends strongly on which partner it is
cand_SF2_v_SOF4*_vt,SF2_v + SOF4* -> SF2 + SOF4*,neutral_neutral,vibrational_relaxation,3,rate_coefficient,0.0,,,,,,,unknown,,candidate,a heavy collision de-excites the manifold; the rate depends strongly on which partner it is
cand_SF2_v_SOF4_v_vt,SF2_v + SOF4_v -> SF2 + SOF4_v,neutral_neutral,vibrational_relaxation,3,rate_coefficient,0.0,,,,,,,unknown,,candidate,a heavy collision de-excites the manifold; the rate depends strongly on which partner it is
cand_SF2_v_SOF_v_vt,SF2_v + SOF_v -> SF2 + SOF_v,neutral_neutral,vibrational_relaxation,3,rate_coefficient,0.0,,,,,,,unknown,,candidate,a heavy collision de-excites the manifold; the rate depends strongly on which partner it is
cand_SF2_v_SO_v_vt,SF2_v + SO_v -> SF2 + SO_v,neutral_neutral,vibrational_relaxation,3,rate_coefficient,0.0,,,,,,,unknown,,candidate,a heavy collision de-excites the manifold; the rate depends strongly on which partner it is
cand_SF3_v_FO*_vt,SF3_v + FO* -> SF3 + FO*,neutral_neutral,vibrational_relaxation,3,rate_coefficient,0.0,,,,,,,unknown,,candidate,a heavy collision de-excites the manifold; the rate depends strongly on which partner it is
cand_SF3_v_FO_v_vt,SF3_v + FO_v -> SF3 + FO_v,neutral_neutral,vibrational_relaxation,3,rate_coefficient,0.0,,,,,,,unknown,,candidate,a heavy collision de-excites the manifold; the rate depends strongly on which partner it is
cand_SF3_v_SO*_vt,SF3_v + SO* -> SF3 + SO*,neutral_neutral,vibrational_relaxation,3,rate_coefficient,0.0,,,,,,,unknown,,candidate,a heavy collision de-excites the manifold; the rate depends strongly on which partner it is
cand_SF3_v_SO2_vt,SF3_v + SO2 -> SF3 + SO2,neutral_neutral,vibrational_relaxation,3,rate_coefficient,0.0,,,,,,,unknown,,candidate,a heavy collision de-excites the manifold; the rate depends strongly on which partner it is
cand_SF3_v_SO2F2_vt,SF3_v + SO2F2 -> SF3 + SO2F2,neutral_neutral,vibrational_relaxation,3,rate_coefficient,0.0,,,,,,,unknown,,candidate,a heavy collision de-excites the manifold; the rate depends strongly on which partner it is
cand_SF3_v_SOF*_vt,SF3_v + SOF* -> SF3 + SOF*,neutral_neutral,vibrational_relaxation,3,rate_coefficient,0.0,,,,,,,unknown,,candidate,a heavy collision de-excites the manifold; the rate depends strongly on which partner it is
cand_SF3_v_SOF2*_vt,SF3_v + SOF2* -> SF3 + SOF2*,neutral_neutral,vibrational_relaxation,3,rate_coefficient,0.0,,,,,,,unknown,,candidate,a heavy collision de-excites the manifold; the rate depends strongly on which partner it is
cand_SF3_v_SOF2_v_vt,SF3_v + SOF2_v -> SF3 + SOF2_v,neutral_neutral,vibrational_relaxation,3,rate_coefficient,0.0,,,,,,,unknown,,candidate,a heavy collision de-excites the manifold; the rate depends strongly on which partner it is
cand_SF3_v_SOF3*_vt,SF3_v + SOF3* -> SF3 + SOF3*,neutral_neutral,vibrational_relaxation,3,rate_coefficient,0.0,,,,,,,unknown,,candidate,a heavy collision de-excites the manifold; the rate depends strongly on which partner it is
cand_SF3_v_SOF3_v_vt,SF3_v + SOF3_v -> SF3 + SOF3_v,neutral_neutral,vibrational_relaxation,3,rate_coefficient,0.0,,,,,,,unknown,,candidate,a heavy collision de-excites the manifold; the rate depends strongly on which partner it is
cand_SF3_v_SOF4*_vt,SF3_v + SOF4* -> SF3 + SOF4*,neutral_neutral,vibrational_relaxation,3,rate_coefficient,0.0,,,,,,,unknown,,candidate,a heavy collision de-excites the manifold; the rate depends strongly on which partner it is
cand_SF3_v_SOF4_v_vt,SF3_v + SOF4_v -> SF3 + SOF4_v,neutral_neutral,vibrational_relaxation,3,rate_coefficient,0.0,,,,,,,unknown,,candidate,a heavy collision de-excites the manifold; the rate depends strongly on which partner it is
cand_SF3_v_SOF_v_vt,SF3_v + SOF_v -> SF3 + SOF_v,neutral_neutral,vibrational_relaxation,3,rate_coefficient,0.0,,,,,,,unknown,,candidate,a heavy collision de-excites the manifold; the rate depends strongly on which partner it is
cand_SF3_v_SO_v_vt,SF3_v + SO_v -> SF3 + SO_v,neutral_neutral,vibrational_relaxation,3,rate_coefficient,0.0,,,,,,,unknown,,candidate,a heavy collision de-excites the manifold; the rate depends strongly on which partner it is
cand_SF4_v_FO*_vt,SF4_v + FO* -> SF4 + FO*,neutral_neutral,vibrational_relaxation,3,rate_coefficient,0.0,,,,,,,unknown,,candidate,a heavy collision de-excites the manifold; the rate depends strongly on which partner it is
cand_SF4_v_FO_v_vt,SF4_v + FO_v -> SF4 + FO_v,neutral_neutral,vibrational_relaxation,3,rate_coefficient,0.0,,,,,,,unknown,,candidate,a heavy collision de-excites the manifold; the rate depends strongly on which partner it is
cand_SF4_v_SO*_vt,SF4_v + SO* -> SF4 + SO*,neutral_neutral,vibrational_relaxation,3,rate_coefficient,0.0,,,,,,,unknown,,candidate,a heavy collision de-excites the manifold; the rate depends strongly on which partner it is
cand_SF4_v_SO2_vt,SF4_v + SO2 -> SF4 + SO2,neutral_neutral,vibrational_relaxation,3,rate_coefficient,0.0,,,,,,,unknown,,candidate,a heavy collision de-excites the manifold; the rate depends strongly on which partner it is
cand_SF4_v_SO2F2_vt,SF4_v + SO2F2 -> SF4 + SO2F2,neutral_neutral,vibrational_relaxation,3,rate_coefficient,0.0,,,,,,,unknown,,candidate,a heavy collision de-excites the manifold; the rate depends strongly on which partner it is
cand_SF4_v_SOF*_vt,SF4_v + SOF* -> SF4 + SOF*,neutral_neutral,vibrational_relaxation,3,rate_coefficient,0.0,,,,,,,unknown,,candidate,a heavy collision de-excites the manifold; the rate depends strongly on which partner it is
cand_SF4_v_SOF2*_vt,SF4_v + SOF2* -> SF4 + SOF2*,neutral_neutral,vibrational_relaxation,3,rate_coefficient,0.0,,,,,,,unknown,,candidate,a heavy collision de-excites the manifold; the rate depends strongly on which partner it is
cand_SF4_v_SOF2_v_vt,SF4_v + SOF2_v -> SF4 + SOF2_v,neutral_neutral,vibrational_relaxation,3,rate_coefficient,0.0,,,,,,,unknown,,candidate,a heavy collision de-excites the manifold; the rate depends strongly on which partner it is
cand_SF4_v_SOF3*_vt,SF4_v + SOF3* -> SF4 + SOF3*,neutral_neutral,vibrational_relaxation,3,rate_coefficient,0.0,,,,,,,unknown,,candidate,a heavy collision de-excites the manifold; the rate depends strongly on which partner it is
cand_SF4_v_SOF3_v_vt,SF4_v + SOF3_v -> SF4 + SOF3_v,neutral_neutral,vibrational_relaxation,3,rate_coefficient,0.0,,,,,,,unknown,,candidate,a heavy collision de-excites the manifold; the rate depends strongly on which partner it is
cand_SF4_v_SOF4*_vt,SF4_v + SOF4* -> SF4 + SOF4*,neutral_neutral,vibrational_relaxation,3,rate_coefficient,0.0,,,,,,,unknown,,candidate,a heavy collision de-excites the manifold; the rate depends strongly on which partner it is
cand_SF4_v_SOF4_v_vt,SF4_v + SOF4_v -> SF4 + SOF4_v,neutral_neutral,vibrational_relaxation,3,rate_coefficient,0.0,,,,,,,unknown,,candidate,a heavy collision de-excites the manifold; the rate depends strongly on which partner it is
cand_SF4_v_SOF_v_vt,SF4_v + SOF_v -> SF4 + SOF_v,neutral_neutral,vibrational_relaxation,3,rate_coefficient,0.0,,,,,,,unknown,,candidate,a heavy collision de-excites the manifold; the rate depends strongly on which partner it is
cand_SF4_v_SO_v_vt,SF4_v + SO_v -> SF4 + SO_v,neutral_neutral,vibrational_relaxation,3,rate_coefficient,0.0,,,,,,,unknown,,candidate,a heavy collision de-excites the manifold; the rate depends strongly on which partner it is
cand_SF5_v_FO*_vt,SF5_v + FO* -> SF5 + FO*,neutral_neutral,vibrational_relaxation,3,rate_coefficient,0.0,,,,,,,unknown,,candidate,a heavy collision de-excites the manifold; the rate depends strongly on which partner it is
cand_SF5_v_FO_v_vt,SF5_v + FO_v -> SF5 + FO_v,neutral_neutral,vibrational_relaxation,3,rate_coefficient,0.0,,,,,,,unknown,,candidate,a heavy collision de-excites the manifold; the rate depends strongly on which partner it is
cand_SF5_v_SO*_vt,SF5_v + SO* -> SF5 + SO*,neutral_neutral,vibrational_relaxation,3,rate_coefficient,0.0,,,,,,,unknown,,candidate,a heavy collision de-excites the manifold; the rate depends strongly on which partner it is
cand_SF5_v_SO2_vt,SF5_v + SO2 -> SF5 + SO2,neutral_neutral,vibrational_relaxation,3,rate_coefficient,0.0,,,,,,,unknown,,candidate,a heavy collision de-excites the manifold; the rate depends strongly on which partner it is
cand_SF5_v_SO2F2_vt,SF5_v + SO2F2 -> SF5 + SO2F2,neutral_neutral,vibrational_relaxation,3,rate_coefficient,0.0,,,,,,,unknown,,candidate,a heavy collision de-excites the manifold; the rate depends strongly on which partner it is
cand_SF5_v_SOF*_vt,SF5_v + SOF* -> SF5 + SOF*,neutral_neutral,vibrational_relaxation,3,rate_coefficient,0.0,,,,,,,unknown,,candidate,a heavy collision de-excites the manifold; the rate depends strongly on which partner it is
cand_SF5_v_SOF2*_vt,SF5_v + SOF2* -> SF5 + SOF2*,neutral_neutral,vibrational_relaxation,3,rate_coefficient,0.0,,,,,,,unknown,,candidate,a heavy collision de-excites the manifold; the rate depends strongly on which partner it is
cand_SF5_v_SOF2_v_vt,SF5_v + SOF2_v -> SF5 + SOF2_v,neutral_neutral,vibrational_relaxation,3,rate_coefficient,0.0,,,,,,,unknown,,candidate,a heavy collision de-excites the manifold; the rate depends strongly on which partner it is
cand_SF5_v_SOF3*_vt,SF5_v + SOF3* -> SF5 + SOF3*,neutral_neutral,vibrational_relaxation,3,rate_coefficient,0.0,,,,,,,unknown,,candidate,a heavy collision de-excites the manifold; the rate depends strongly on which partner it is
cand_SF5_v_SOF3_v_vt,SF5_v + SOF3_v -> SF5 + SOF3_v,neutral_neutral,vibrational_relaxation,3,rate_coefficient,0.0,,,,,,,unknown,,candidate,a heavy collision de-excites the manifold; the rate depends strongly on which partner it is
cand_SF5_v_SOF4*_vt,SF5_v + SOF4* -> SF5 + SOF4*,neutral_neutral,vibrational_relaxation,3,rate_coefficient,0.0,,,,,,,unknown,,candidate,a heavy collision de-excites the manifold; the rate depends strongly on which partner it is
cand_SF5_v_SOF4_v_vt,SF5_v + SOF4_v -> SF5 + SOF4_v,neutral_neutral,vibrational_relaxation,3,rate_coefficient,0.0,,,,,,,unknown,,candidate,a heavy collision de-excites the manifold; the rate depends strongly on which partner it is
cand_SF5_v_SOF_v_vt,SF5_v + SOF_v -> SF5 + SOF_v,neutral_neutral,vibrational_relaxation,3,rate_coefficient,0.0,,,,,,,unknown,,candidate,a heavy collision de-excites the manifold; the rate depends strongly on which partner it is
cand_SF5_v_SO_v_vt,SF5_v + SO_v -> SF5 + SO_v,neutral_neutral,vibrational_relaxation,3,rate_coefficient,0.0,,,,,,,unknown,,candidate,a heavy collision de-excites the manifold; the rate depends strongly on which partner it is
cand_SF6_v_FO*_vt,SF6_v + FO* -> SF6 + FO*,neutral_neutral,vibrational_relaxation,3,rate_coefficient,0.0,,,,,,,unknown,,candidate,a heavy collision de-excites the manifold; the rate depends strongly on which partner it is
cand_SF6_v_FO_v_vt,SF6_v + FO_v -> SF6 + FO_v,neutral_neutral,vibrational_relaxation,3,rate_coefficient,0.0,,,,,,,unknown,,candidate,a heavy collision de-excites the manifold; the rate depends strongly on which partner it is
cand_SF6_v_SO*_vt,SF6_v + SO* -> SF6 + SO*,neutral_neutral,vibrational_relaxation,3,rate_coefficient,0.0,,,,,,,unknown,,candidate,a heavy collision de-excites the manifold; the rate depends strongly on which partner it is
cand_SF6_v_SO2_vt,SF6_v + SO2 -> SF6 + SO2,neutral_neutral,vibrational_relaxation,3,rate_coefficient,0.0,,,,,,,unknown,,candidate,a heavy collision de-excites the manifold; the rate depends strongly on which partner it is
cand_SF6_v_SO2F2_vt,SF6_v + SO2F2 -> SF6 + SO2F2,neutral_neutral,vibrational_relaxation,3,rate_coefficient,0.0,,,,,,,unknown,,candidate,a heavy collision de-excites the manifold; the rate depends strongly on which partner it is
cand_SF6_v_SOF*_vt,SF6_v + SOF* -> SF6 + SOF*,neutral_neutral,vibrational_relaxation,3,rate_coefficient,0.0,,,,,,,unknown,,candidate,a heavy collision de-excites the manifold; the rate depends strongly on which partner it is
cand_SF6_v_SOF2*_vt,SF6_v + SOF2* -> SF6 + SOF2*,neutral_neutral,vibrational_relaxation,3,rate_coefficient,0.0,,,,,,,unknown,,candidate,a heavy collision de-excites the manifold; the rate depends strongly on which partner it is
cand_SF6_v_SOF2_v_vt,SF6_v + SOF2_v -> SF6 + SOF2_v,neutral_neutral,vibrational_relaxation,3,rate_coefficient,0.0,,,,,,,unknown,,candidate,a heavy collision de-excites the manifold; the rate depends strongly on which partner it is
cand_SF6_v_SOF3*_vt,SF6_v + SOF3* -> SF6 + SOF3*,neutral_neutral,vibrational_relaxation,3,rate_coefficient,0.0,,,,,,,unknown,,candidate,a heavy collision de-excites the manifold; the rate depends strongly on which partner it is
cand_SF6_v_SOF3_v_vt,SF6_v + SOF3_v -> SF6 + SOF3_v,neutral_neutral,vibrational_relaxation,3,rate_coefficient,0.0,,,,,,,unknown,,candidate,a heavy collision de-excites the manifold; the rate depends strongly on which partner it is
cand_SF6_v_SOF4*_vt,SF6_v + SOF4* -> SF6 + SOF4*,neutral_neutral,vibrational_relaxation,3,rate_coefficient,0.0,,,,,,,unknown,,candidate,a heavy collision de-excites the manifold; the rate depends strongly on which partner it is
cand_SF6_v_SOF4_v_vt,SF6_v + SOF4_v -> SF6 + SOF4_v,neutral_neutral,vibrational_relaxation,3,rate_coefficient,0.0,,,,,,,unknown,,candidate,a heavy collision de-excites the manifold; the rate depends strongly on which partner it is
cand_SF6_v_SOF_v_vt,SF6_v + SOF_v -> SF6 + SOF_v,neutral_neutral,vibrational_relaxation,3,rate_coefficient,0.0,,,,,,,unknown,,candidate,a heavy collision de-excites the manifold; the rate depends strongly on which partner it is
cand_SF6_v_SO_v_vt,SF6_v + SO_v -> SF6 + SO_v,neutral_neutral,vibrational_relaxation,3,rate_coefficient,0.0,,,,,,,unknown,,candidate,a heavy collision de-excites the manifold; the rate depends strongly on which partner it is
cand_SF_v_FO*_vt,SF_v + FO* -> SF + FO*,neutral_neutral,vibrational_relaxation,3,rate_coefficient,0.0,,,,,,,unknown,,candidate,a heavy collision de-excites the manifold; the rate depends strongly on which partner it is
cand_SF_v_FO_v_vt,SF_v + FO_v -> SF + FO_v,neutral_neutral,vibrational_relaxation,3,rate_coefficient,0.0,,,,,,,unknown,,candidate,a heavy collision de-excites the manifold; the rate depends strongly on which partner it is
cand_SF_v_SO*_vt,SF_v + SO* -> SF + SO*,neutral_neutral,vibrational_relaxation,3,rate_coefficient,0.0,,,,,,,unknown,,candidate,a heavy collision de-excites the manifold; the rate depends strongly on which partner it is
cand_SF_v_SO2_vt,SF_v + SO2 -> SF + SO2,neutral_neutral,vibrational_relaxation,3,rate_coefficient,0.0,,,,,,,unknown,,candidate,a heavy collision de-excites the manifold; the rate depends strongly on which partner it is
cand_SF_v_SO2F2_vt,SF_v + SO2F2 -> SF + SO2F2,neutral_neutral,vibrational_relaxation,3,rate_coefficient,0.0,,,,,,,unknown,,candidate,a heavy collision de-excites the manifold; the rate depends strongly on which partner it is
cand_SF_v_SOF*_vt,SF_v + SOF* -> SF + SOF*,neutral_neutral,vibrational_relaxation,3,rate_coefficient,0.0,,,,,,,unknown,,candidate,a heavy collision de-excites the manifold; the rate depends strongly on which partner it is
cand_SF_v_SOF2*_vt,SF_v + SOF2* -> SF + SOF2*,neutral_neutral,vibrational_relaxation,3,rate_coefficient,0.0,,,,,,,unknown,,candidate,a heavy collision de-excites the manifold; the rate depends strongly on which partner it is
cand_SF_v_SOF2_v_vt,SF_v + SOF2_v -> SF + SOF2_v,neutral_neutral,vibrational_relaxation,3,rate_coefficient,0.0,,,,,,,unknown,,candidate,a heavy collision de-excites the manifold; the rate depends strongly on which partner it is
cand_SF_v_SOF3*_vt,SF_v + SOF3* -> SF + SOF3*,neutral_neutral,vibrational_relaxation,3,rate_coefficient,0.0,,,,,,,unknown,,candidate,a heavy collision de-excites the manifold; the rate depends strongly on which partner it is
cand_SF_v_SOF3_v_vt,SF_v + SOF3_v -> SF + SOF3_v,neutral_neutral,vibrational_relaxation,3,rate_coefficient,0.0,,,,,,,unknown,,candidate,a heavy collision de-excites the manifold; the rate depends strongly on which partner it is
cand_SF_v_SOF4*_vt,SF_v + SOF4* -> SF + SOF4*,neutral_neutral,vibrational_relaxation,3,rate_coefficient,0.0,,,,,,,unknown,,candidate,a heavy collision de-excites the manifold; the rate depends strongly on which partner it is
cand_SF_v_SOF4_v_vt,SF_v + SOF4_v -> SF + SOF4_v,neutral_neutral,vibrational_relaxation,3,rate_coefficient,0.0,,,,,,,unknown,,candidate,a heavy collision de-excites the manifold; the rate depends strongly on which partner it is
cand_SF_v_SOF_v_vt,SF_v + SOF_v -> SF + SOF_v,neutral_neutral,vibrational_relaxation,3,rate_coefficient,0.0,,,,,,,unknown,,candidate,a heavy collision de-excites the manifold; the rate depends strongly on which partner it is
cand_SF_v_SO_v_vt,SF_v + SO_v -> SF + SO_v,neutral_neutral,vibrational_relaxation,3,rate_coefficient,0.0,,,,,,,unknown,,candidate,a heavy collision de-excites the manifold; the rate depends strongly on which partner it is
cand_SOF2_v_Ar_vt,SOF2_v + Ar -> SOF2 + Ar,neutral_neutral,vibrational_relaxation,3,rate_coefficient,0.0,,,,,,,unknown,,candidate,a heavy collision de-excites the manifold; the rate depends strongly on which partner it is
cand_SOF2_v_Ar_4s_vt,SOF2_v + Ar_4s -> SOF2 + Ar_4s,neutral_neutral,vibrational_relaxation,3,rate_coefficient,0.0,,,,,,,unknown,,candidate,a heavy collision de-excites the manifold; the rate depends strongly on which partner it is
cand_SOF2_v_F_vt,SOF2_v + F -> SOF2 + F,neutral_neutral,vibrational_relaxation,3,rate_coefficient,0.0,,,,,,,unknown,,candidate,a heavy collision de-excites the manifold; the rate depends strongly on which partner it is
cand_SOF2_v_F*_vt,SOF2_v + F* -> SOF2 + F*,neutral_neutral,vibrational_relaxation,3,rate_coefficient,0.0,,,,,,,unknown,,candidate,a heavy collision de-excites the manifold; the rate depends strongly on which partner it is
cand_SOF2_v_F2_vt,SOF2_v + F2 -> SOF2 + F2,neutral_neutral,vibrational_relaxation,3,rate_coefficient,0.0,,,,,,,unknown,,candidate,a heavy collision de-excites the manifold; the rate depends strongly on which partner it is
cand_SOF2_v_F2*_vt,SOF2_v + F2* -> SOF2 + F2*,neutral_neutral,vibrational_relaxation,3,rate_coefficient,0.0,,,,,,,unknown,,candidate,a heavy collision de-excites the manifold; the rate depends strongly on which partner it is
cand_SOF2_v_F2_v_vt,SOF2_v + F2_v -> SOF2 + F2_v,neutral_neutral,vibrational_relaxation,3,rate_coefficient,0.0,,,,,,,unknown,,candidate,a heavy collision de-excites the manifold; the rate depends strongly on which partner it is
cand_SOF2_v_FO_vt,SOF2_v + FO -> SOF2 + FO,neutral_neutral,vibrational_relaxation,3,rate_coefficient,0.0,,,,,,,unknown,,candidate,a heavy collision de-excites the manifold; the rate depends strongly on which partner it is
cand_SOF2_v_FO*_vt,SOF2_v + FO* -> SOF2 + FO*,neutral_neutral,vibrational_relaxation,3,rate_coefficient,0.0,,,,,,,unknown,,candidate,a heavy collision de-excites the manifold; the rate depends strongly on which partner it is
cand_SOF2_v_FO_v_vt,SOF2_v + FO_v -> SOF2 + FO_v,neutral_neutral,vibrational_relaxation,3,rate_coefficient,0.0,,,,,,,unknown,,candidate,a heavy collision de-excites the manifold; the rate depends strongly on which partner it is
cand_SOF2_v_O_vt,SOF2_v + O -> SOF2 + O,neutral_neutral,vibrational_relaxation,3,rate_coefficient,0.0,,,,,,,unknown,,candidate,a heavy collision de-excites the manifold; the rate depends strongly on which partner it is
cand_SOF2_v_O2_vt,SOF2_v + O2 -> SOF2 + O2,neutral_neutral,vibrational_relaxation,3,rate_coefficient,0.0,,,,,,,unknown,,candidate,a heavy collision de-excites the manifold; the rate depends strongly on which partner it is
cand_SOF2_v_O2_a1Delta_vt,SOF2_v + O2_a1Delta -> SOF2 + O2_a1Delta,neutral_neutral,vibrational_relaxation,3,rate_coefficient,0.0,,,,,,,unknown,,candidate,a heavy collision de-excites the manifold; the rate depends strongly on which partner it is
cand_SOF2_v_O2_b1Sigma_vt,SOF2_v + O2_b1Sigma -> SOF2 + O2_b1Sigma,neutral_neutral,vibrational_relaxation,3,rate_coefficient,0.0,,,,,,,unknown,,candidate,a heavy collision de-excites the manifold; the rate depends strongly on which partner it is
cand_SOF2_v_O2_v_vt,SOF2_v + O2_v -> SOF2 + O2_v,neutral_neutral,vibrational_relaxation,3,rate_coefficient,0.0,,,,,,,unknown,,candidate,a heavy collision de-excites the manifold; the rate depends strongly on which partner it is
cand_SOF2_v_O_1D_vt,SOF2_v + O_1D -> SOF2 + O_1D,neutral_neutral,vibrational_relaxation,3,rate_coefficient,0.0,,,,,,,unknown,,candidate,a heavy collision de-excites the manifold; the rate depends strongly on which partner it is
cand_SOF2_v_O_1S_vt,SOF2_v + O_1S -> SOF2 + O_1S,neutral_neutral,vibrational_relaxation,3,rate_coefficient,0.0,,,,,,,unknown,,candidate,a heavy collision de-excites the manifold; the rate depends strongly on which partner it is
cand_SOF2_v_S_vt,SOF2_v + S -> SOF2 + S,neutral_neutral,vibrational_relaxation,3,rate_coefficient,0.0,,,,,,,unknown,,candidate,a heavy collision de-excites the manifold; the rate depends strongly on which partner it is
cand_SOF2_v_SF_vt,SOF2_v + SF -> SOF2 + SF,neutral_neutral,vibrational_relaxation,3,rate_coefficient,0.0,,,,,,,unknown,,candidate,a heavy collision de-excites the manifold; the rate depends strongly on which partner it is
cand_SOF2_v_SF*_vt,SOF2_v + SF* -> SOF2 + SF*,neutral_neutral,vibrational_relaxation,3,rate_coefficient,0.0,,,,,,,unknown,,candidate,a heavy collision de-excites the manifold; the rate depends strongly on which partner it is
cand_SOF2_v_SF2_vt,SOF2_v + SF2 -> SOF2 + SF2,neutral_neutral,vibrational_relaxation,3,rate_coefficient,0.0,,,,,,,unknown,,candidate,a heavy collision de-excites the manifold; the rate depends strongly on which partner it is
cand_SOF2_v_SF2*_vt,SOF2_v + SF2* -> SOF2 + SF2*,neutral_neutral,vibrational_relaxation,3,rate_coefficient,0.0,,,,,,,unknown,,candidate,a heavy collision de-excites the manifold; the rate depends strongly on which partner it is
cand_SOF2_v_SF2_v_vt,SOF2_v + SF2_v -> SOF2 + SF2_v,neutral_neutral,vibrational_relaxation,3,rate_coefficient,0.0,,,,,,,unknown,,candidate,a heavy collision de-excites the manifold; the rate depends strongly on which partner it is
cand_SOF2_v_SF3_vt,SOF2_v + SF3 -> SOF2 + SF3,neutral_neutral,vibrational_relaxation,3,rate_coefficient,0.0,,,,,,,unknown,,candidate,a heavy collision de-excites the manifold; the rate depends strongly on which partner it is
cand_SOF2_v_SF3*_vt,SOF2_v + SF3* -> SOF2 + SF3*,neutral_neutral,vibrational_relaxation,3,rate_coefficient,0.0,,,,,,,unknown,,candidate,a heavy collision de-excites the manifold; the rate depends strongly on which partner it is
cand_SOF2_v_SF3_v_vt,SOF2_v + SF3_v -> SOF2 + SF3_v,neutral_neutral,vibrational_relaxation,3,rate_coefficient,0.0,,,,,,,unknown,,candidate,a heavy collision de-excites the manifold; the rate depends strongly on which partner it is
cand_SOF2_v_SF4_vt,SOF2_v + SF4 -> SOF2 + SF4,neutral_neutral,vibrational_relaxation,3,rate_coefficient,0.0,,,,,,,unknown,,candidate,a heavy collision de-excites the manifold; the rate depends strongly on which partner it is
cand_SOF2_v_SF4*_vt,SOF2_v + SF4* -> SOF2 + SF4*,neutral_neutral,vibrational_relaxation,3,rate_coefficient,0.0,,,,,,,unknown,,candidate,a heavy collision de-excites the manifold; the rate depends strongly on which partner it is
cand_SOF2_v_SF4_v_vt,SOF2_v + SF4_v -> SOF2 + SF4_v,neutral_neutral,vibrational_relaxation,3,rate_coefficient,0.0,,,,,,,unknown,,candidate,a heavy collision de-excites the manifold; the rate depends strongly on which partner it is
cand_SOF2_v_SF5_vt,SOF2_v + SF5 -> SOF2 + SF5,neutral_neutral,vibrational_relaxation,3,rate_coefficient,0.0,,,,,,,unknown,,candidate,a heavy collision de-excites the manifold; the rate depends strongly on which partner it is
cand_SOF2_v_SF5*_vt,SOF2_v + SF5* -> SOF2 + SF5*,neutral_neutral,vibrational_relaxation,3,rate_coefficient,0.0,,,,,,,unknown,,candidate,a heavy collision de-excites the manifold; the rate depends strongly on which partner it is
cand_SOF2_v_SF5_v_vt,SOF2_v + SF5_v -> SOF2 + SF5_v,neutral_neutral,vibrational_relaxation,3,rate_coefficient,0.0,,,,,,,unknown,,candidate,a heavy collision de-excites the manifold; the rate depends strongly on which partner it is
cand_SOF2_v_SF6_vt,SOF2_v + SF6 -> SOF2 + SF6,neutral_neutral,vibrational_relaxation,3,rate_coefficient,0.0,,,,,,,unknown,,candidate,a heavy collision de-excites the manifold; the rate depends strongly on which partner it is
cand_SOF2_v_SF6*_vt,SOF2_v + SF6* -> SOF2 + SF6*,neutral_neutral,vibrational_relaxation,3,rate_coefficient,0.0,,,,,,,unknown,,candidate,a heavy collision de-excites the manifold; the rate depends strongly on which partner it is
cand_SOF2_v_SF6_v_vt,SOF2_v + SF6_v -> SOF2 + SF6_v,neutral_neutral,vibrational_relaxation,3,rate_coefficient,0.0,,,,,,,unknown,,candidate,a heavy collision de-excites the manifold; the rate depends strongly on which partner it is
cand_SOF2_v_SF_v_vt,SOF2_v + SF_v -> SOF2 + SF_v,neutral_neutral,vibrational_relaxation,3,rate_coefficient,0.0,,,,,,,unknown,,candidate,a heavy collision de-excites the manifold; the rate depends strongly on which partner it is
cand_SOF2_v_SO_vt,SOF2_v + SO -> SOF2 + SO,neutral_neutral,vibrational_relaxation,3,rate_coefficient,0.0,,,,,,,unknown,,candidate,a heavy collision de-excites the manifold; the rate depends strongly on which partner it is
cand_SOF2_v_SO*_vt,SOF2_v + SO* -> SOF2 + SO*,neutral_neutral,vibrational_relaxation,3,rate_coefficient,0.0,,,,,,,unknown,,candidate,a heavy collision de-excites the manifold; the rate depends strongly on which partner it is
cand_SOF2_v_SO2_vt,SOF2_v + SO2 -> SOF2 + SO2,neutral_neutral,vibrational_relaxation,3,rate_coefficient,0.0,,,,,,,unknown,,candidate,a heavy collision de-excites the manifold; the rate depends strongly on which partner it is
cand_SOF2_v_SO2F2_vt,SOF2_v + SO2F2 -> SOF2 + SO2F2,neutral_neutral,vibrational_relaxation,3,rate_coefficient,0.0,,,,,,,unknown,,candidate,a heavy collision de-excites the manifold; the rate depends strongly on which partner it is
cand_SOF2_v_SOF_vt,SOF2_v + SOF -> SOF2 + SOF,neutral_neutral,vibrational_relaxation,3,rate_coefficient,0.0,,,,,,,unknown,,candidate,a heavy collision de-excites the manifold; the rate depends strongly on which partner it is
cand_SOF2_v_SOF*_vt,SOF2_v + SOF* -> SOF2 + SOF*,neutral_neutral,vibrational_relaxation,3,rate_coefficient,0.0,,,,,,,unknown,,candidate,a heavy collision de-excites the manifold; the rate depends strongly on which partner it is
cand_SOF2_v_SOF2_vt,SOF2_v + SOF2 -> SOF2 + SOF2,neutral_neutral,vibrational_relaxation,3,rate_coefficient,0.0,,,,,,,unknown,,candidate,a heavy collision de-excites the manifold; the rate depends strongly on which partner it is
cand_SOF2_v_SOF2*_vt,SOF2_v + SOF2* -> SOF2 + SOF2*,neutral_neutral,vibrational_relaxation,3,rate_coefficient,0.0,,,,,,,unknown,,candidate,a heavy collision de-excites the manifold; the rate depends strongly on which partner it is
cand_SOF2_v_SOF3_vt,SOF2_v + SOF3 -> SOF2 + SOF3,neutral_neutral,vibrational_relaxation,3,rate_coefficient,0.0,,,,,,,unknown,,candidate,a heavy collision de-excites the manifold; the rate depends strongly on which partner it is
cand_SOF2_v_SOF3*_vt,SOF2_v + SOF3* -> SOF2 + SOF3*,neutral_neutral,vibrational_relaxation,3,rate_coefficient,0.0,,,,,,,unknown,,candidate,a heavy collision de-excites the manifold; the rate depends strongly on which partner it is
cand_SOF2_v_SOF3_v_vt,SOF2_v + SOF3_v -> SOF2 + SOF3_v,neutral_neutral,vibrational_relaxation,3,rate_coefficient,0.0,,,,,,,unknown,,candidate,a heavy collision de-excites the manifold; the rate depends strongly on which partner it is
cand_SOF2_v_SOF4_vt,SOF2_v + SOF4 -> SOF2 + SOF4,neutral_neutral,vibrational_relaxation,3,rate_coefficient,0.0,,,,,,,unknown,,candidate,a heavy collision de-excites the manifold; the rate depends strongly on which partner it is
cand_SOF2_v_SOF4*_vt,SOF2_v + SOF4* -> SOF2 + SOF4*,neutral_neutral,vibrational_relaxation,3,rate_coefficient,0.0,,,,,,,unknown,,candidate,a heavy collision de-excites the manifold; the rate depends strongly on which partner it is
cand_SOF2_v_SOF4_v_vt,SOF2_v + SOF4_v -> SOF2 + SOF4_v,neutral_neutral,vibrational_relaxation,3,rate_coefficient,0.0,,,,,,,unknown,,candidate,a heavy collision de-excites the manifold; the rate depends strongly on which partner it is
cand_SOF2_v_SOF_v_vt,SOF2_v + SOF_v -> SOF2 + SOF_v,neutral_neutral,vibrational_relaxation,3,rate_coefficient,0.0,,,,,,,unknown,,candidate,a heavy collision de-excites the manifold; the rate depends strongly on which partner it is
cand_SOF2_v_SO_v_vt,SOF2_v + SO_v -> SOF2 + SO_v,neutral_neutral,vibrational_relaxation,3,rate_coefficient,0.0,,,,,,,unknown,,candidate,a heavy collision de-excites the manifold; the rate depends strongly on which partner it is
cand_SOF2_v_S_1D_vt,SOF2_v + S_1D -> SOF2 + S_1D,neutral_neutral,vibrational_relaxation,3,rate_coefficient,0.0,,,,,,,unknown,,candidate,a heavy collision de-excites the manifold; the rate depends strongly on which partner it is
cand_SOF2_v_S_1S_vt,SOF2_v + S_1S -> SOF2 + S_1S,neutral_neutral,vibrational_relaxation,3,rate_coefficient,0.0,,,,,,,unknown,,candidate,a heavy collision de-excites the manifold; the rate depends strongly on which partner it is
cand_SOF3_v_Ar_vt,SOF3_v + Ar -> SOF3 + Ar,neutral_neutral,vibrational_relaxation,3,rate_coefficient,0.0,,,,,,,unknown,,candidate,a heavy collision de-excites the manifold; the rate depends strongly on which partner it is
cand_SOF3_v_Ar_4s_vt,SOF3_v + Ar_4s -> SOF3 + Ar_4s,neutral_neutral,vibrational_relaxation,3,rate_coefficient,0.0,,,,,,,unknown,,candidate,a heavy collision de-excites the manifold; the rate depends strongly on which partner it is
cand_SOF3_v_F_vt,SOF3_v + F -> SOF3 + F,neutral_neutral,vibrational_relaxation,3,rate_coefficient,0.0,,,,,,,unknown,,candidate,a heavy collision de-excites the manifold; the rate depends strongly on which partner it is
cand_SOF3_v_F*_vt,SOF3_v + F* -> SOF3 + F*,neutral_neutral,vibrational_relaxation,3,rate_coefficient,0.0,,,,,,,unknown,,candidate,a heavy collision de-excites the manifold; the rate depends strongly on which partner it is
cand_SOF3_v_F2_vt,SOF3_v + F2 -> SOF3 + F2,neutral_neutral,vibrational_relaxation,3,rate_coefficient,0.0,,,,,,,unknown,,candidate,a heavy collision de-excites the manifold; the rate depends strongly on which partner it is
cand_SOF3_v_F2*_vt,SOF3_v + F2* -> SOF3 + F2*,neutral_neutral,vibrational_relaxation,3,rate_coefficient,0.0,,,,,,,unknown,,candidate,a heavy collision de-excites the manifold; the rate depends strongly on which partner it is
cand_SOF3_v_F2_v_vt,SOF3_v + F2_v -> SOF3 + F2_v,neutral_neutral,vibrational_relaxation,3,rate_coefficient,0.0,,,,,,,unknown,,candidate,a heavy collision de-excites the manifold; the rate depends strongly on which partner it is
cand_SOF3_v_FO_vt,SOF3_v + FO -> SOF3 + FO,neutral_neutral,vibrational_relaxation,3,rate_coefficient,0.0,,,,,,,unknown,,candidate,a heavy collision de-excites the manifold; the rate depends strongly on which partner it is
cand_SOF3_v_FO*_vt,SOF3_v + FO* -> SOF3 + FO*,neutral_neutral,vibrational_relaxation,3,rate_coefficient,0.0,,,,,,,unknown,,candidate,a heavy collision de-excites the manifold; the rate depends strongly on which partner it is
cand_SOF3_v_FO_v_vt,SOF3_v + FO_v -> SOF3 + FO_v,neutral_neutral,vibrational_relaxation,3,rate_coefficient,0.0,,,,,,,unknown,,candidate,a heavy collision de-excites the manifold; the rate depends strongly on which partner it is
cand_SOF3_v_O_vt,SOF3_v + O -> SOF3 + O,neutral_neutral,vibrational_relaxation,3,rate_coefficient,0.0,,,,,,,unknown,,candidate,a heavy collision de-excites the manifold; the rate depends strongly on which partner it is
cand_SOF3_v_O2_vt,SOF3_v + O2 -> SOF3 + O2,neutral_neutral,vibrational_relaxation,3,rate_coefficient,0.0,,,,,,,unknown,,candidate,a heavy collision de-excites the manifold; the rate depends strongly on which partner it is
cand_SOF3_v_O2_a1Delta_vt,SOF3_v + O2_a1Delta -> SOF3 + O2_a1Delta,neutral_neutral,vibrational_relaxation,3,rate_coefficient,0.0,,,,,,,unknown,,candidate,a heavy collision de-excites the manifold; the rate depends strongly on which partner it is
cand_SOF3_v_O2_b1Sigma_vt,SOF3_v + O2_b1Sigma -> SOF3 + O2_b1Sigma,neutral_neutral,vibrational_relaxation,3,rate_coefficient,0.0,,,,,,,unknown,,candidate,a heavy collision de-excites the manifold; the rate depends strongly on which partner it is
cand_SOF3_v_O2_v_vt,SOF3_v + O2_v -> SOF3 + O2_v,neutral_neutral,vibrational_relaxation,3,rate_coefficient,0.0,,,,,,,unknown,,candidate,a heavy collision de-excites the manifold; the rate depends strongly on which partner it is
cand_SOF3_v_O_1D_vt,SOF3_v + O_1D -> SOF3 + O_1D,neutral_neutral,vibrational_relaxation,3,rate_coefficient,0.0,,,,,,,unknown,,candidate,a heavy collision de-excites the manifold; the rate depends strongly on which partner it is
cand_SOF3_v_O_1S_vt,SOF3_v + O_1S -> SOF3 + O_1S,neutral_neutral,vibrational_relaxation,3,rate_coefficient,0.0,,,,,,,unknown,,candidate,a heavy collision de-excites the manifold; the rate depends strongly on which partner it is
cand_SOF3_v_S_vt,SOF3_v + S -> SOF3 + S,neutral_neutral,vibrational_relaxation,3,rate_coefficient,0.0,,,,,,,unknown,,candidate,a heavy collision de-excites the manifold; the rate depends strongly on which partner it is
cand_SOF3_v_SF_vt,SOF3_v + SF -> SOF3 + SF,neutral_neutral,vibrational_relaxation,3,rate_coefficient,0.0,,,,,,,unknown,,candidate,a heavy collision de-excites the manifold; the rate depends strongly on which partner it is
cand_SOF3_v_SF*_vt,SOF3_v + SF* -> SOF3 + SF*,neutral_neutral,vibrational_relaxation,3,rate_coefficient,0.0,,,,,,,unknown,,candidate,a heavy collision de-excites the manifold; the rate depends strongly on which partner it is
cand_SOF3_v_SF2_vt,SOF3_v + SF2 -> SOF3 + SF2,neutral_neutral,vibrational_relaxation,3,rate_coefficient,0.0,,,,,,,unknown,,candidate,a heavy collision de-excites the manifold; the rate depends strongly on which partner it is
cand_SOF3_v_SF2*_vt,SOF3_v + SF2* -> SOF3 + SF2*,neutral_neutral,vibrational_relaxation,3,rate_coefficient,0.0,,,,,,,unknown,,candidate,a heavy collision de-excites the manifold; the rate depends strongly on which partner it is
cand_SOF3_v_SF2_v_vt,SOF3_v + SF2_v -> SOF3 + SF2_v,neutral_neutral,vibrational_relaxation,3,rate_coefficient,0.0,,,,,,,unknown,,candidate,a heavy collision de-excites the manifold; the rate depends strongly on which partner it is
cand_SOF3_v_SF3_vt,SOF3_v + SF3 -> SOF3 + SF3,neutral_neutral,vibrational_relaxation,3,rate_coefficient,0.0,,,,,,,unknown,,candidate,a heavy collision de-excites the manifold; the rate depends strongly on which partner it is
cand_SOF3_v_SF3*_vt,SOF3_v + SF3* -> SOF3 + SF3*,neutral_neutral,vibrational_relaxation,3,rate_coefficient,0.0,,,,,,,unknown,,candidate,a heavy collision de-excites the manifold; the rate depends strongly on which partner it is
cand_SOF3_v_SF3_v_vt,SOF3_v + SF3_v -> SOF3 + SF3_v,neutral_neutral,vibrational_relaxation,3,rate_coefficient,0.0,,,,,,,unknown,,candidate,a heavy collision de-excites the manifold; the rate depends strongly on which partner it is
cand_SOF3_v_SF4_vt,SOF3_v + SF4 -> SOF3 + SF4,neutral_neutral,vibrational_relaxation,3,rate_coefficient,0.0,,,,,,,unknown,,candidate,a heavy collision de-excites the manifold; the rate depends strongly on which partner it is
cand_SOF3_v_SF4*_vt,SOF3_v + SF4* -> SOF3 + SF4*,neutral_neutral,vibrational_relaxation,3,rate_coefficient,0.0,,,,,,,unknown,,candidate,a heavy collision de-excites the manifold; the rate depends strongly on which partner it is
cand_SOF3_v_SF4_v_vt,SOF3_v + SF4_v -> SOF3 + SF4_v,neutral_neutral,vibrational_relaxation,3,rate_coefficient,0.0,,,,,,,unknown,,candidate,a heavy collision de-excites the manifold; the rate depends strongly on which partner it is
cand_SOF3_v_SF5_vt,SOF3_v + SF5 -> SOF3 + SF5,neutral_neutral,vibrational_relaxation,3,rate_coefficient,0.0,,,,,,,unknown,,candidate,a heavy collision de-excites the manifold; the rate depends strongly on which partner it is
cand_SOF3_v_SF5*_vt,SOF3_v + SF5* -> SOF3 + SF5*,neutral_neutral,vibrational_relaxation,3,rate_coefficient,0.0,,,,,,,unknown,,candidate,a heavy collision de-excites the manifold; the rate depends strongly on which partner it is
cand_SOF3_v_SF5_v_vt,SOF3_v + SF5_v -> SOF3 + SF5_v,neutral_neutral,vibrational_relaxation,3,rate_coefficient,0.0,,,,,,,unknown,,candidate,a heavy collision de-excites the manifold; the rate depends strongly on which partner it is
cand_SOF3_v_SF6_vt,SOF3_v + SF6 -> SOF3 + SF6,neutral_neutral,vibrational_relaxation,3,rate_coefficient,0.0,,,,,,,unknown,,candidate,a heavy collision de-excites the manifold; the rate depends strongly on which partner it is
cand_SOF3_v_SF6*_vt,SOF3_v + SF6* -> SOF3 + SF6*,neutral_neutral,vibrational_relaxation,3,rate_coefficient,0.0,,,,,,,unknown,,candidate,a heavy collision de-excites the manifold; the rate depends strongly on which partner it is
cand_SOF3_v_SF6_v_vt,SOF3_v + SF6_v -> SOF3 + SF6_v,neutral_neutral,vibrational_relaxation,3,rate_coefficient,0.0,,,,,,,unknown,,candidate,a heavy collision de-excites the manifold; the rate depends strongly on which partner it is
cand_SOF3_v_SF_v_vt,SOF3_v + SF_v -> SOF3 + SF_v,neutral_neutral,vibrational_relaxation,3,rate_coefficient,0.0,,,,,,,unknown,,candidate,a heavy collision de-excites the manifold; the rate depends strongly on which partner it is
cand_SOF3_v_SO_vt,SOF3_v + SO -> SOF3 + SO,neutral_neutral,vibrational_relaxation,3,rate_coefficient,0.0,,,,,,,unknown,,candidate,a heavy collision de-excites the manifold; the rate depends strongly on which partner it is
cand_SOF3_v_SO*_vt,SOF3_v + SO* -> SOF3 + SO*,neutral_neutral,vibrational_relaxation,3,rate_coefficient,0.0,,,,,,,unknown,,candidate,a heavy collision de-excites the manifold; the rate depends strongly on which partner it is
cand_SOF3_v_SO2_vt,SOF3_v + SO2 -> SOF3 + SO2,neutral_neutral,vibrational_relaxation,3,rate_coefficient,0.0,,,,,,,unknown,,candidate,a heavy collision de-excites the manifold; the rate depends strongly on which partner it is
cand_SOF3_v_SO2F2_vt,SOF3_v + SO2F2 -> SOF3 + SO2F2,neutral_neutral,vibrational_relaxation,3,rate_coefficient,0.0,,,,,,,unknown,,candidate,a heavy collision de-excites the manifold; the rate depends strongly on which partner it is
cand_SOF3_v_SOF_vt,SOF3_v + SOF -> SOF3 + SOF,neutral_neutral,vibrational_relaxation,3,rate_coefficient,0.0,,,,,,,unknown,,candidate,a heavy collision de-excites the manifold; the rate depends strongly on which partner it is
cand_SOF3_v_SOF*_vt,SOF3_v + SOF* -> SOF3 + SOF*,neutral_neutral,vibrational_relaxation,3,rate_coefficient,0.0,,,,,,,unknown,,candidate,a heavy collision de-excites the manifold; the rate depends strongly on which partner it is
cand_SOF3_v_SOF2_vt,SOF3_v + SOF2 -> SOF3 + SOF2,neutral_neutral,vibrational_relaxation,3,rate_coefficient,0.0,,,,,,,unknown,,candidate,a heavy collision de-excites the manifold; the rate depends strongly on which partner it is
cand_SOF3_v_SOF2*_vt,SOF3_v + SOF2* -> SOF3 + SOF2*,neutral_neutral,vibrational_relaxation,3,rate_coefficient,0.0,,,,,,,unknown,,candidate,a heavy collision de-excites the manifold; the rate depends strongly on which partner it is
cand_SOF3_v_SOF2_v_vt,SOF3_v + SOF2_v -> SOF3 + SOF2_v,neutral_neutral,vibrational_relaxation,3,rate_coefficient,0.0,,,,,,,unknown,,candidate,a heavy collision de-excites the manifold; the rate depends strongly on which partner it is
cand_SOF3_v_SOF3_vt,SOF3_v + SOF3 -> SOF3 + SOF3,neutral_neutral,vibrational_relaxation,3,rate_coefficient,0.0,,,,,,,unknown,,candidate,a heavy collision de-excites the manifold; the rate depends strongly on which partner it is
cand_SOF3_v_SOF3*_vt,SOF3_v + SOF3* -> SOF3 + SOF3*,neutral_neutral,vibrational_relaxation,3,rate_coefficient,0.0,,,,,,,unknown,,candidate,a heavy collision de-excites the manifold; the rate depends strongly on which partner it is
cand_SOF3_v_SOF4_vt,SOF3_v + SOF4 -> SOF3 + SOF4,neutral_neutral,vibrational_relaxation,3,rate_coefficient,0.0,,,,,,,unknown,,candidate,a heavy collision de-excites the manifold; the rate depends strongly on which partner it is
cand_SOF3_v_SOF4*_vt,SOF3_v + SOF4* -> SOF3 + SOF4*,neutral_neutral,vibrational_relaxation,3,rate_coefficient,0.0,,,,,,,unknown,,candidate,a heavy collision de-excites the manifold; the rate depends strongly on which partner it is
cand_SOF3_v_SOF4_v_vt,SOF3_v + SOF4_v -> SOF3 + SOF4_v,neutral_neutral,vibrational_relaxation,3,rate_coefficient,0.0,,,,,,,unknown,,candidate,a heavy collision de-excites the manifold; the rate depends strongly on which partner it is
cand_SOF3_v_SOF_v_vt,SOF3_v + SOF_v -> SOF3 + SOF_v,neutral_neutral,vibrational_relaxation,3,rate_coefficient,0.0,,,,,,,unknown,,candidate,a heavy collision de-excites the manifold; the rate depends strongly on which partner it is
cand_SOF3_v_SO_v_vt,SOF3_v + SO_v -> SOF3 + SO_v,neutral_neutral,vibrational_relaxation,3,rate_coefficient,0.0,,,,,,,unknown,,candidate,a heavy collision de-excites the manifold; the rate depends strongly on which partner it is
cand_SOF3_v_S_1D_vt,SOF3_v + S_1D -> SOF3 + S_1D,neutral_neutral,vibrational_relaxation,3,rate_coefficient,0.0,,,,,,,unknown,,candidate,a heavy collision de-excites the manifold; the rate depends strongly on which partner it is
cand_SOF3_v_S_1S_vt,SOF3_v + S_1S -> SOF3 + S_1S,neutral_neutral,vibrational_relaxation,3,rate_coefficient,0.0,,,,,,,unknown,,candidate,a heavy collision de-excites the manifold; the rate depends strongly on which partner it is
cand_SOF4_v_Ar_vt,SOF4_v + Ar -> SOF4 + Ar,neutral_neutral,vibrational_relaxation,3,rate_coefficient,0.0,,,,,,,unknown,,candidate,a heavy collision de-excites the manifold; the rate depends strongly on which partner it is
cand_SOF4_v_Ar_4s_vt,SOF4_v + Ar_4s -> SOF4 + Ar_4s,neutral_neutral,vibrational_relaxation,3,rate_coefficient,0.0,,,,,,,unknown,,candidate,a heavy collision de-excites the manifold; the rate depends strongly on which partner it is
cand_SOF4_v_F_vt,SOF4_v + F -> SOF4 + F,neutral_neutral,vibrational_relaxation,3,rate_coefficient,0.0,,,,,,,unknown,,candidate,a heavy collision de-excites the manifold; the rate depends strongly on which partner it is
cand_SOF4_v_F*_vt,SOF4_v + F* -> SOF4 + F*,neutral_neutral,vibrational_relaxation,3,rate_coefficient,0.0,,,,,,,unknown,,candidate,a heavy collision de-excites the manifold; the rate depends strongly on which partner it is
cand_SOF4_v_F2_vt,SOF4_v + F2 -> SOF4 + F2,neutral_neutral,vibrational_relaxation,3,rate_coefficient,0.0,,,,,,,unknown,,candidate,a heavy collision de-excites the manifold; the rate depends strongly on which partner it is
cand_SOF4_v_F2*_vt,SOF4_v + F2* -> SOF4 + F2*,neutral_neutral,vibrational_relaxation,3,rate_coefficient,0.0,,,,,,,unknown,,candidate,a heavy collision de-excites the manifold; the rate depends strongly on which partner it is
cand_SOF4_v_F2_v_vt,SOF4_v + F2_v -> SOF4 + F2_v,neutral_neutral,vibrational_relaxation,3,rate_coefficient,0.0,,,,,,,unknown,,candidate,a heavy collision de-excites the manifold; the rate depends strongly on which partner it is
cand_SOF4_v_FO_vt,SOF4_v + FO -> SOF4 + FO,neutral_neutral,vibrational_relaxation,3,rate_coefficient,0.0,,,,,,,unknown,,candidate,a heavy collision de-excites the manifold; the rate depends strongly on which partner it is
cand_SOF4_v_FO*_vt,SOF4_v + FO* -> SOF4 + FO*,neutral_neutral,vibrational_relaxation,3,rate_coefficient,0.0,,,,,,,unknown,,candidate,a heavy collision de-excites the manifold; the rate depends strongly on which partner it is
cand_SOF4_v_FO_v_vt,SOF4_v + FO_v -> SOF4 + FO_v,neutral_neutral,vibrational_relaxation,3,rate_coefficient,0.0,,,,,,,unknown,,candidate,a heavy collision de-excites the manifold; the rate depends strongly on which partner it is
cand_SOF4_v_O_vt,SOF4_v + O -> SOF4 + O,neutral_neutral,vibrational_relaxation,3,rate_coefficient,0.0,,,,,,,unknown,,candidate,a heavy collision de-excites the manifold; the rate depends strongly on which partner it is
cand_SOF4_v_O2_vt,SOF4_v + O2 -> SOF4 + O2,neutral_neutral,vibrational_relaxation,3,rate_coefficient,0.0,,,,,,,unknown,,candidate,a heavy collision de-excites the manifold; the rate depends strongly on which partner it is
cand_SOF4_v_O2_a1Delta_vt,SOF4_v + O2_a1Delta -> SOF4 + O2_a1Delta,neutral_neutral,vibrational_relaxation,3,rate_coefficient,0.0,,,,,,,unknown,,candidate,a heavy collision de-excites the manifold; the rate depends strongly on which partner it is
cand_SOF4_v_O2_b1Sigma_vt,SOF4_v + O2_b1Sigma -> SOF4 + O2_b1Sigma,neutral_neutral,vibrational_relaxation,3,rate_coefficient,0.0,,,,,,,unknown,,candidate,a heavy collision de-excites the manifold; the rate depends strongly on which partner it is
cand_SOF4_v_O2_v_vt,SOF4_v + O2_v -> SOF4 + O2_v,neutral_neutral,vibrational_relaxation,3,rate_coefficient,0.0,,,,,,,unknown,,candidate,a heavy collision de-excites the manifold; the rate depends strongly on which partner it is
cand_SOF4_v_O_1D_vt,SOF4_v + O_1D -> SOF4 + O_1D,neutral_neutral,vibrational_relaxation,3,rate_coefficient,0.0,,,,,,,unknown,,candidate,a heavy collision de-excites the manifold; the rate depends strongly on which partner it is
cand_SOF4_v_O_1S_vt,SOF4_v + O_1S -> SOF4 + O_1S,neutral_neutral,vibrational_relaxation,3,rate_coefficient,0.0,,,,,,,unknown,,candidate,a heavy collision de-excites the manifold; the rate depends strongly on which partner it is
cand_SOF4_v_S_vt,SOF4_v + S -> SOF4 + S,neutral_neutral,vibrational_relaxation,3,rate_coefficient,0.0,,,,,,,unknown,,candidate,a heavy collision de-excites the manifold; the rate depends strongly on which partner it is
cand_SOF4_v_SF_vt,SOF4_v + SF -> SOF4 + SF,neutral_neutral,vibrational_relaxation,3,rate_coefficient,0.0,,,,,,,unknown,,candidate,a heavy collision de-excites the manifold; the rate depends strongly on which partner it is
cand_SOF4_v_SF*_vt,SOF4_v + SF* -> SOF4 + SF*,neutral_neutral,vibrational_relaxation,3,rate_coefficient,0.0,,,,,,,unknown,,candidate,a heavy collision de-excites the manifold; the rate depends strongly on which partner it is
cand_SOF4_v_SF2_vt,SOF4_v + SF2 -> SOF4 + SF2,neutral_neutral,vibrational_relaxation,3,rate_coefficient,0.0,,,,,,,unknown,,candidate,a heavy collision de-excites the manifold; the rate depends strongly on which partner it is
cand_SOF4_v_SF2*_vt,SOF4_v + SF2* -> SOF4 + SF2*,neutral_neutral,vibrational_relaxation,3,rate_coefficient,0.0,,,,,,,unknown,,candidate,a heavy collision de-excites the manifold; the rate depends strongly on which partner it is
cand_SOF4_v_SF2_v_vt,SOF4_v + SF2_v -> SOF4 + SF2_v,neutral_neutral,vibrational_relaxation,3,rate_coefficient,0.0,,,,,,,unknown,,candidate,a heavy collision de-excites the manifold; the rate depends strongly on which partner it is
cand_SOF4_v_SF3_vt,SOF4_v + SF3 -> SOF4 + SF3,neutral_neutral,vibrational_relaxation,3,rate_coefficient,0.0,,,,,,,unknown,,candidate,a heavy collision de-excites the manifold; the rate depends strongly on which partner it is
cand_SOF4_v_SF3*_vt,SOF4_v + SF3* -> SOF4 + SF3*,neutral_neutral,vibrational_relaxation,3,rate_coefficient,0.0,,,,,,,unknown,,candidate,a heavy collision de-excites the manifold; the rate depends strongly on which partner it is
cand_SOF4_v_SF3_v_vt,SOF4_v + SF3_v -> SOF4 + SF3_v,neutral_neutral,vibrational_relaxation,3,rate_coefficient,0.0,,,,,,,unknown,,candidate,a heavy collision de-excites the manifold; the rate depends strongly on which partner it is
cand_SOF4_v_SF4_vt,SOF4_v + SF4 -> SOF4 + SF4,neutral_neutral,vibrational_relaxation,3,rate_coefficient,0.0,,,,,,,unknown,,candidate,a heavy collision de-excites the manifold; the rate depends strongly on which partner it is
cand_SOF4_v_SF4*_vt,SOF4_v + SF4* -> SOF4 + SF4*,neutral_neutral,vibrational_relaxation,3,rate_coefficient,0.0,,,,,,,unknown,,candidate,a heavy collision de-excites the manifold; the rate depends strongly on which partner it is
cand_SOF4_v_SF4_v_vt,SOF4_v + SF4_v -> SOF4 + SF4_v,neutral_neutral,vibrational_relaxation,3,rate_coefficient,0.0,,,,,,,unknown,,candidate,a heavy collision de-excites the manifold; the rate depends strongly on which partner it is
cand_SOF4_v_SF5_vt,SOF4_v + SF5 -> SOF4 + SF5,neutral_neutral,vibrational_relaxation,3,rate_coefficient,0.0,,,,,,,unknown,,candidate,a heavy collision de-excites the manifold; the rate depends strongly on which partner it is
cand_SOF4_v_SF5*_vt,SOF4_v + SF5* -> SOF4 + SF5*,neutral_neutral,vibrational_relaxation,3,rate_coefficient,0.0,,,,,,,unknown,,candidate,a heavy collision de-excites the manifold; the rate depends strongly on which partner it is
cand_SOF4_v_SF5_v_vt,SOF4_v + SF5_v -> SOF4 + SF5_v,neutral_neutral,vibrational_relaxation,3,rate_coefficient,0.0,,,,,,,unknown,,candidate,a heavy collision de-excites the manifold; the rate depends strongly on which partner it is
cand_SOF4_v_SF6_vt,SOF4_v + SF6 -> SOF4 + SF6,neutral_neutral,vibrational_relaxation,3,rate_coefficient,0.0,,,,,,,unknown,,candidate,a heavy collision de-excites the manifold; the rate depends strongly on which partner it is
cand_SOF4_v_SF6*_vt,SOF4_v + SF6* -> SOF4 + SF6*,neutral_neutral,vibrational_relaxation,3,rate_coefficient,0.0,,,,,,,unknown,,candidate,a heavy collision de-excites the manifold; the rate depends strongly on which partner it is
cand_SOF4_v_SF6_v_vt,SOF4_v + SF6_v -> SOF4 + SF6_v,neutral_neutral,vibrational_relaxation,3,rate_coefficient,0.0,,,,,,,unknown,,candidate,a heavy collision de-excites the manifold; the rate depends strongly on which partner it is
cand_SOF4_v_SF_v_vt,SOF4_v + SF_v -> SOF4 + SF_v,neutral_neutral,vibrational_relaxation,3,rate_coefficient,0.0,,,,,,,unknown,,candidate,a heavy collision de-excites the manifold; the rate depends strongly on which partner it is
cand_SOF4_v_SO_vt,SOF4_v + SO -> SOF4 + SO,neutral_neutral,vibrational_relaxation,3,rate_coefficient,0.0,,,,,,,unknown,,candidate,a heavy collision de-excites the manifold; the rate depends strongly on which partner it is
cand_SOF4_v_SO*_vt,SOF4_v + SO* -> SOF4 + SO*,neutral_neutral,vibrational_relaxation,3,rate_coefficient,0.0,,,,,,,unknown,,candidate,a heavy collision de-excites the manifold; the rate depends strongly on which partner it is
cand_SOF4_v_SO2_vt,SOF4_v + SO2 -> SOF4 + SO2,neutral_neutral,vibrational_relaxation,3,rate_coefficient,0.0,,,,,,,unknown,,candidate,a heavy collision de-excites the manifold; the rate depends strongly on which partner it is
cand_SOF4_v_SO2F2_vt,SOF4_v + SO2F2 -> SOF4 + SO2F2,neutral_neutral,vibrational_relaxation,3,rate_coefficient,0.0,,,,,,,unknown,,candidate,a heavy collision de-excites the manifold; the rate depends strongly on which partner it is
cand_SOF4_v_SOF_vt,SOF4_v + SOF -> SOF4 + SOF,neutral_neutral,vibrational_relaxation,3,rate_coefficient,0.0,,,,,,,unknown,,candidate,a heavy collision de-excites the manifold; the rate depends strongly on which partner it is
cand_SOF4_v_SOF*_vt,SOF4_v + SOF* -> SOF4 + SOF*,neutral_neutral,vibrational_relaxation,3,rate_coefficient,0.0,,,,,,,unknown,,candidate,a heavy collision de-excites the manifold; the rate depends strongly on which partner it is
cand_SOF4_v_SOF2_vt,SOF4_v + SOF2 -> SOF4 + SOF2,neutral_neutral,vibrational_relaxation,3,rate_coefficient,0.0,,,,,,,unknown,,candidate,a heavy collision de-excites the manifold; the rate depends strongly on which partner it is
cand_SOF4_v_SOF2*_vt,SOF4_v + SOF2* -> SOF4 + SOF2*,neutral_neutral,vibrational_relaxation,3,rate_coefficient,0.0,,,,,,,unknown,,candidate,a heavy collision de-excites the manifold; the rate depends strongly on which partner it is
cand_SOF4_v_SOF2_v_vt,SOF4_v + SOF2_v -> SOF4 + SOF2_v,neutral_neutral,vibrational_relaxation,3,rate_coefficient,0.0,,,,,,,unknown,,candidate,a heavy collision de-excites the manifold; the rate depends strongly on which partner it is
cand_SOF4_v_SOF3_vt,SOF4_v + SOF3 -> SOF4 + SOF3,neutral_neutral,vibrational_relaxation,3,rate_coefficient,0.0,,,,,,,unknown,,candidate,a heavy collision de-excites the manifold; the rate depends strongly on which partner it is
cand_SOF4_v_SOF3*_vt,SOF4_v + SOF3* -> SOF4 + SOF3*,neutral_neutral,vibrational_relaxation,3,rate_coefficient,0.0,,,,,,,unknown,,candidate,a heavy collision de-excites the manifold; the rate depends strongly on which partner it is
cand_SOF4_v_SOF3_v_vt,SOF4_v + SOF3_v -> SOF4 + SOF3_v,neutral_neutral,vibrational_relaxation,3,rate_coefficient,0.0,,,,,,,unknown,,candidate,a heavy collision de-excites the manifold; the rate depends strongly on which partner it is
cand_SOF4_v_SOF4_vt,SOF4_v + SOF4 -> SOF4 + SOF4,neutral_neutral,vibrational_relaxation,3,rate_coefficient,0.0,,,,,,,unknown,,candidate,a heavy collision de-excites the manifold; the rate depends strongly on which partner it is
cand_SOF4_v_SOF4*_vt,SOF4_v + SOF4* -> SOF4 + SOF4*,neutral_neutral,vibrational_relaxation,3,rate_coefficient,0.0,,,,,,,unknown,,candidate,a heavy collision de-excites the manifold; the rate depends strongly on which partner it is
cand_SOF4_v_SOF_v_vt,SOF4_v + SOF_v -> SOF4 + SOF_v,neutral_neutral,vibrational_relaxation,3,rate_coefficient,0.0,,,,,,,unknown,,candidate,a heavy collision de-excites the manifold; the rate depends strongly on which partner it is
cand_SOF4_v_SO_v_vt,SOF4_v + SO_v -> SOF4 + SO_v,neutral_neutral,vibrational_relaxation,3,rate_coefficient,0.0,,,,,,,unknown,,candidate,a heavy collision de-excites the manifold; the rate depends strongly on which partner it is
cand_SOF4_v_S_1D_vt,SOF4_v + S_1D -> SOF4 + S_1D,neutral_neutral,vibrational_relaxation,3,rate_coefficient,0.0,,,,,,,unknown,,candidate,a heavy collision de-excites the manifold; the rate depends strongly on which partner it is
cand_SOF4_v_S_1S_vt,SOF4_v + S_1S -> SOF4 + S_1S,neutral_neutral,vibrational_relaxation,3,rate_coefficient,0.0,,,,,,,unknown,,candidate,a heavy collision de-excites the manifold; the rate depends strongly on which partner it is
cand_SOF_v_Ar_vt,SOF_v + Ar -> SOF + Ar,neutral_neutral,vibrational_relaxation,3,rate_coefficient,0.0,,,,,,,unknown,,candidate,a heavy collision de-excites the manifold; the rate depends strongly on which partner it is
cand_SOF_v_Ar_4s_vt,SOF_v + Ar_4s -> SOF + Ar_4s,neutral_neutral,vibrational_relaxation,3,rate_coefficient,0.0,,,,,,,unknown,,candidate,a heavy collision de-excites the manifold; the rate depends strongly on which partner it is
cand_SOF_v_F_vt,SOF_v + F -> SOF + F,neutral_neutral,vibrational_relaxation,3,rate_coefficient,0.0,,,,,,,unknown,,candidate,a heavy collision de-excites the manifold; the rate depends strongly on which partner it is
cand_SOF_v_F*_vt,SOF_v + F* -> SOF + F*,neutral_neutral,vibrational_relaxation,3,rate_coefficient,0.0,,,,,,,unknown,,candidate,a heavy collision de-excites the manifold; the rate depends strongly on which partner it is
cand_SOF_v_F2_vt,SOF_v + F2 -> SOF + F2,neutral_neutral,vibrational_relaxation,3,rate_coefficient,0.0,,,,,,,unknown,,candidate,a heavy collision de-excites the manifold; the rate depends strongly on which partner it is
cand_SOF_v_F2*_vt,SOF_v + F2* -> SOF + F2*,neutral_neutral,vibrational_relaxation,3,rate_coefficient,0.0,,,,,,,unknown,,candidate,a heavy collision de-excites the manifold; the rate depends strongly on which partner it is
cand_SOF_v_F2_v_vt,SOF_v + F2_v -> SOF + F2_v,neutral_neutral,vibrational_relaxation,3,rate_coefficient,0.0,,,,,,,unknown,,candidate,a heavy collision de-excites the manifold; the rate depends strongly on which partner it is
cand_SOF_v_FO_vt,SOF_v + FO -> SOF + FO,neutral_neutral,vibrational_relaxation,3,rate_coefficient,0.0,,,,,,,unknown,,candidate,a heavy collision de-excites the manifold; the rate depends strongly on which partner it is
cand_SOF_v_FO*_vt,SOF_v + FO* -> SOF + FO*,neutral_neutral,vibrational_relaxation,3,rate_coefficient,0.0,,,,,,,unknown,,candidate,a heavy collision de-excites the manifold; the rate depends strongly on which partner it is
cand_SOF_v_FO_v_vt,SOF_v + FO_v -> SOF + FO_v,neutral_neutral,vibrational_relaxation,3,rate_coefficient,0.0,,,,,,,unknown,,candidate,a heavy collision de-excites the manifold; the rate depends strongly on which partner it is
cand_SOF_v_O_vt,SOF_v + O -> SOF + O,neutral_neutral,vibrational_relaxation,3,rate_coefficient,0.0,,,,,,,unknown,,candidate,a heavy collision de-excites the manifold; the rate depends strongly on which partner it is
cand_SOF_v_O2_vt,SOF_v + O2 -> SOF + O2,neutral_neutral,vibrational_relaxation,3,rate_coefficient,0.0,,,,,,,unknown,,candidate,a heavy collision de-excites the manifold; the rate depends strongly on which partner it is
cand_SOF_v_O2_a1Delta_vt,SOF_v + O2_a1Delta -> SOF + O2_a1Delta,neutral_neutral,vibrational_relaxation,3,rate_coefficient,0.0,,,,,,,unknown,,candidate,a heavy collision de-excites the manifold; the rate depends strongly on which partner it is
cand_SOF_v_O2_b1Sigma_vt,SOF_v + O2_b1Sigma -> SOF + O2_b1Sigma,neutral_neutral,vibrational_relaxation,3,rate_coefficient,0.0,,,,,,,unknown,,candidate,a heavy collision de-excites the manifold; the rate depends strongly on which partner it is
cand_SOF_v_O2_v_vt,SOF_v + O2_v -> SOF + O2_v,neutral_neutral,vibrational_relaxation,3,rate_coefficient,0.0,,,,,,,unknown,,candidate,a heavy collision de-excites the manifold; the rate depends strongly on which partner it is
cand_SOF_v_O_1D_vt,SOF_v + O_1D -> SOF + O_1D,neutral_neutral,vibrational_relaxation,3,rate_coefficient,0.0,,,,,,,unknown,,candidate,a heavy collision de-excites the manifold; the rate depends strongly on which partner it is
cand_SOF_v_O_1S_vt,SOF_v + O_1S -> SOF + O_1S,neutral_neutral,vibrational_relaxation,3,rate_coefficient,0.0,,,,,,,unknown,,candidate,a heavy collision de-excites the manifold; the rate depends strongly on which partner it is
cand_SOF_v_S_vt,SOF_v + S -> SOF + S,neutral_neutral,vibrational_relaxation,3,rate_coefficient,0.0,,,,,,,unknown,,candidate,a heavy collision de-excites the manifold; the rate depends strongly on which partner it is
cand_SOF_v_SF_vt,SOF_v + SF -> SOF + SF,neutral_neutral,vibrational_relaxation,3,rate_coefficient,0.0,,,,,,,unknown,,candidate,a heavy collision de-excites the manifold; the rate depends strongly on which partner it is
cand_SOF_v_SF*_vt,SOF_v + SF* -> SOF + SF*,neutral_neutral,vibrational_relaxation,3,rate_coefficient,0.0,,,,,,,unknown,,candidate,a heavy collision de-excites the manifold; the rate depends strongly on which partner it is
cand_SOF_v_SF2_vt,SOF_v + SF2 -> SOF + SF2,neutral_neutral,vibrational_relaxation,3,rate_coefficient,0.0,,,,,,,unknown,,candidate,a heavy collision de-excites the manifold; the rate depends strongly on which partner it is
cand_SOF_v_SF2*_vt,SOF_v + SF2* -> SOF + SF2*,neutral_neutral,vibrational_relaxation,3,rate_coefficient,0.0,,,,,,,unknown,,candidate,a heavy collision de-excites the manifold; the rate depends strongly on which partner it is
cand_SOF_v_SF2_v_vt,SOF_v + SF2_v -> SOF + SF2_v,neutral_neutral,vibrational_relaxation,3,rate_coefficient,0.0,,,,,,,unknown,,candidate,a heavy collision de-excites the manifold; the rate depends strongly on which partner it is
cand_SOF_v_SF3_vt,SOF_v + SF3 -> SOF + SF3,neutral_neutral,vibrational_relaxation,3,rate_coefficient,0.0,,,,,,,unknown,,candidate,a heavy collision de-excites the manifold; the rate depends strongly on which partner it is
cand_SOF_v_SF3*_vt,SOF_v + SF3* -> SOF + SF3*,neutral_neutral,vibrational_relaxation,3,rate_coefficient,0.0,,,,,,,unknown,,candidate,a heavy collision de-excites the manifold; the rate depends strongly on which partner it is
cand_SOF_v_SF3_v_vt,SOF_v + SF3_v -> SOF + SF3_v,neutral_neutral,vibrational_relaxation,3,rate_coefficient,0.0,,,,,,,unknown,,candidate,a heavy collision de-excites the manifold; the rate depends strongly on which partner it is
cand_SOF_v_SF4_vt,SOF_v + SF4 -> SOF + SF4,neutral_neutral,vibrational_relaxation,3,rate_coefficient,0.0,,,,,,,unknown,,candidate,a heavy collision de-excites the manifold; the rate depends strongly on which partner it is
cand_SOF_v_SF4*_vt,SOF_v + SF4* -> SOF + SF4*,neutral_neutral,vibrational_relaxation,3,rate_coefficient,0.0,,,,,,,unknown,,candidate,a heavy collision de-excites the manifold; the rate depends strongly on which partner it is
cand_SOF_v_SF4_v_vt,SOF_v + SF4_v -> SOF + SF4_v,neutral_neutral,vibrational_relaxation,3,rate_coefficient,0.0,,,,,,,unknown,,candidate,a heavy collision de-excites the manifold; the rate depends strongly on which partner it is
cand_SOF_v_SF5_vt,SOF_v + SF5 -> SOF + SF5,neutral_neutral,vibrational_relaxation,3,rate_coefficient,0.0,,,,,,,unknown,,candidate,a heavy collision de-excites the manifold; the rate depends strongly on which partner it is
cand_SOF_v_SF5*_vt,SOF_v + SF5* -> SOF + SF5*,neutral_neutral,vibrational_relaxation,3,rate_coefficient,0.0,,,,,,,unknown,,candidate,a heavy collision de-excites the manifold; the rate depends strongly on which partner it is
cand_SOF_v_SF5_v_vt,SOF_v + SF5_v -> SOF + SF5_v,neutral_neutral,vibrational_relaxation,3,rate_coefficient,0.0,,,,,,,unknown,,candidate,a heavy collision de-excites the manifold; the rate depends strongly on which partner it is
cand_SOF_v_SF6_vt,SOF_v + SF6 -> SOF + SF6,neutral_neutral,vibrational_relaxation,3,rate_coefficient,0.0,,,,,,,unknown,,candidate,a heavy collision de-excites the manifold; the rate depends strongly on which partner it is
cand_SOF_v_SF6*_vt,SOF_v + SF6* -> SOF + SF6*,neutral_neutral,vibrational_relaxation,3,rate_coefficient,0.0,,,,,,,unknown,,candidate,a heavy collision de-excites the manifold; the rate depends strongly on which partner it is
cand_SOF_v_SF6_v_vt,SOF_v + SF6_v -> SOF + SF6_v,neutral_neutral,vibrational_relaxation,3,rate_coefficient,0.0,,,,,,,unknown,,candidate,a heavy collision de-excites the manifold; the rate depends strongly on which partner it is
cand_SOF_v_SF_v_vt,SOF_v + SF_v -> SOF + SF_v,neutral_neutral,vibrational_relaxation,3,rate_coefficient,0.0,,,,,,,unknown,,candidate,a heavy collision de-excites the manifold; the rate depends strongly on which partner it is
cand_SOF_v_SO_vt,SOF_v + SO -> SOF + SO,neutral_neutral,vibrational_relaxation,3,rate_coefficient,0.0,,,,,,,unknown,,candidate,a heavy collision de-excites the manifold; the rate depends strongly on which partner it is
cand_SOF_v_SO*_vt,SOF_v + SO* -> SOF + SO*,neutral_neutral,vibrational_relaxation,3,rate_coefficient,0.0,,,,,,,unknown,,candidate,a heavy collision de-excites the manifold; the rate depends strongly on which partner it is
cand_SOF_v_SO2_vt,SOF_v + SO2 -> SOF + SO2,neutral_neutral,vibrational_relaxation,3,rate_coefficient,0.0,,,,,,,unknown,,candidate,a heavy collision de-excites the manifold; the rate depends strongly on which partner it is
cand_SOF_v_SO2F2_vt,SOF_v + SO2F2 -> SOF + SO2F2,neutral_neutral,vibrational_relaxation,3,rate_coefficient,0.0,,,,,,,unknown,,candidate,a heavy collision de-excites the manifold; the rate depends strongly on which partner it is
cand_SOF_v_SOF_vt,SOF_v + SOF -> SOF + SOF,neutral_neutral,vibrational_relaxation,3,rate_coefficient,0.0,,,,,,,unknown,,candidate,a heavy collision de-excites the manifold; the rate depends strongly on which partner it is
cand_SOF_v_SOF*_vt,SOF_v + SOF* -> SOF + SOF*,neutral_neutral,vibrational_relaxation,3,rate_coefficient,0.0,,,,,,,unknown,,candidate,a heavy collision de-excites the manifold; the rate depends strongly on which partner it is
cand_SOF_v_SOF2_vt,SOF_v + SOF2 -> SOF + SOF2,neutral_neutral,vibrational_relaxation,3,rate_coefficient,0.0,,,,,,,unknown,,candidate,a heavy collision de-excites the manifold; the rate depends strongly on which partner it is
cand_SOF_v_SOF2*_vt,SOF_v + SOF2* -> SOF + SOF2*,neutral_neutral,vibrational_relaxation,3,rate_coefficient,0.0,,,,,,,unknown,,candidate,a heavy collision de-excites the manifold; the rate depends strongly on which partner it is
cand_SOF_v_SOF2_v_vt,SOF_v + SOF2_v -> SOF + SOF2_v,neutral_neutral,vibrational_relaxation,3,rate_coefficient,0.0,,,,,,,unknown,,candidate,a heavy collision de-excites the manifold; the rate depends strongly on which partner it is
cand_SOF_v_SOF3_vt,SOF_v + SOF3 -> SOF + SOF3,neutral_neutral,vibrational_relaxation,3,rate_coefficient,0.0,,,,,,,unknown,,candidate,a heavy collision de-excites the manifold; the rate depends strongly on which partner it is
cand_SOF_v_SOF3*_vt,SOF_v + SOF3* -> SOF + SOF3*,neutral_neutral,vibrational_relaxation,3,rate_coefficient,0.0,,,,,,,unknown,,candidate,a heavy collision de-excites the manifold; the rate depends strongly on which partner it is
cand_SOF_v_SOF3_v_vt,SOF_v + SOF3_v -> SOF + SOF3_v,neutral_neutral,vibrational_relaxation,3,rate_coefficient,0.0,,,,,,,unknown,,candidate,a heavy collision de-excites the manifold; the rate depends strongly on which partner it is
cand_SOF_v_SOF4_vt,SOF_v + SOF4 -> SOF + SOF4,neutral_neutral,vibrational_relaxation,3,rate_coefficient,0.0,,,,,,,unknown,,candidate,a heavy collision de-excites the manifold; the rate depends strongly on which partner it is
cand_SOF_v_SOF4*_vt,SOF_v + SOF4* -> SOF + SOF4*,neutral_neutral,vibrational_relaxation,3,rate_coefficient,0.0,,,,,,,unknown,,candidate,a heavy collision de-excites the manifold; the rate depends strongly on which partner it is
cand_SOF_v_SOF4_v_vt,SOF_v + SOF4_v -> SOF + SOF4_v,neutral_neutral,vibrational_relaxation,3,rate_coefficient,0.0,,,,,,,unknown,,candidate,a heavy collision de-excites the manifold; the rate depends strongly on which partner it is
cand_SOF_v_SO_v_vt,SOF_v + SO_v -> SOF + SO_v,neutral_neutral,vibrational_relaxation,3,rate_coefficient,0.0,,,,,,,unknown,,candidate,a heavy collision de-excites the manifold; the rate depends strongly on which partner it is
cand_SOF_v_S_1D_vt,SOF_v + S_1D -> SOF + S_1D,neutral_neutral,vibrational_relaxation,3,rate_coefficient,0.0,,,,,,,unknown,,candidate,a heavy collision de-excites the manifold; the rate depends strongly on which partner it is
cand_SOF_v_S_1S_vt,SOF_v + S_1S -> SOF + S_1S,neutral_neutral,vibrational_relaxation,3,rate_coefficient,0.0,,,,,,,unknown,,candidate,a heavy collision de-excites the manifold; the rate depends strongly on which partner it is
cand_SO_v_Ar_vt,SO_v + Ar -> SO + Ar,neutral_neutral,vibrational_relaxation,3,rate_coefficient,0.0,,,,,,,unknown,,candidate,a heavy collision de-excites the manifold; the rate depends strongly on which partner it is
cand_SO_v_Ar_4s_vt,SO_v + Ar_4s -> SO + Ar_4s,neutral_neutral,vibrational_relaxation,3,rate_coefficient,0.0,,,,,,,unknown,,candidate,a heavy collision de-excites the manifold; the rate depends strongly on which partner it is
cand_SO_v_F_vt,SO_v + F -> SO + F,neutral_neutral,vibrational_relaxation,3,rate_coefficient,0.0,,,,,,,unknown,,candidate,a heavy collision de-excites the manifold; the rate depends strongly on which partner it is
cand_SO_v_F*_vt,SO_v + F* -> SO + F*,neutral_neutral,vibrational_relaxation,3,rate_coefficient,0.0,,,,,,,unknown,,candidate,a heavy collision de-excites the manifold; the rate depends strongly on which partner it is
cand_SO_v_F2_vt,SO_v + F2 -> SO + F2,neutral_neutral,vibrational_relaxation,3,rate_coefficient,0.0,,,,,,,unknown,,candidate,a heavy collision de-excites the manifold; the rate depends strongly on which partner it is
cand_SO_v_F2*_vt,SO_v + F2* -> SO + F2*,neutral_neutral,vibrational_relaxation,3,rate_coefficient,0.0,,,,,,,unknown,,candidate,a heavy collision de-excites the manifold; the rate depends strongly on which partner it is
cand_SO_v_F2_v_vt,SO_v + F2_v -> SO + F2_v,neutral_neutral,vibrational_relaxation,3,rate_coefficient,0.0,,,,,,,unknown,,candidate,a heavy collision de-excites the manifold; the rate depends strongly on which partner it is
cand_SO_v_FO_vt,SO_v + FO -> SO + FO,neutral_neutral,vibrational_relaxation,3,rate_coefficient,0.0,,,,,,,unknown,,candidate,a heavy collision de-excites the manifold; the rate depends strongly on which partner it is
cand_SO_v_FO*_vt,SO_v + FO* -> SO + FO*,neutral_neutral,vibrational_relaxation,3,rate_coefficient,0.0,,,,,,,unknown,,candidate,a heavy collision de-excites the manifold; the rate depends strongly on which partner it is
cand_SO_v_FO_v_vt,SO_v + FO_v -> SO + FO_v,neutral_neutral,vibrational_relaxation,3,rate_coefficient,0.0,,,,,,,unknown,,candidate,a heavy collision de-excites the manifold; the rate depends strongly on which partner it is
cand_SO_v_O_vt,SO_v + O -> SO + O,neutral_neutral,vibrational_relaxation,3,rate_coefficient,0.0,,,,,,,unknown,,candidate,a heavy collision de-excites the manifold; the rate depends strongly on which partner it is
cand_SO_v_O2_vt,SO_v + O2 -> SO + O2,neutral_neutral,vibrational_relaxation,3,rate_coefficient,0.0,,,,,,,unknown,,candidate,a heavy collision de-excites the manifold; the rate depends strongly on which partner it is
cand_SO_v_O2_a1Delta_vt,SO_v + O2_a1Delta -> SO + O2_a1Delta,neutral_neutral,vibrational_relaxation,3,rate_coefficient,0.0,,,,,,,unknown,,candidate,a heavy collision de-excites the manifold; the rate depends strongly on which partner it is
cand_SO_v_O2_b1Sigma_vt,SO_v + O2_b1Sigma -> SO + O2_b1Sigma,neutral_neutral,vibrational_relaxation,3,rate_coefficient,0.0,,,,,,,unknown,,candidate,a heavy collision de-excites the manifold; the rate depends strongly on which partner it is
cand_SO_v_O2_v_vt,SO_v + O2_v -> SO + O2_v,neutral_neutral,vibrational_relaxation,3,rate_coefficient,0.0,,,,,,,unknown,,candidate,a heavy collision de-excites the manifold; the rate depends strongly on which partner it is
cand_SO_v_O_1D_vt,SO_v + O_1D -> SO + O_1D,neutral_neutral,vibrational_relaxation,3,rate_coefficient,0.0,,,,,,,unknown,,candidate,a heavy collision de-excites the manifold; the rate depends strongly on which partner it is
cand_SO_v_O_1S_vt,SO_v + O_1S -> SO + O_1S,neutral_neutral,vibrational_relaxation,3,rate_coefficient,0.0,,,,,,,unknown,,candidate,a heavy collision de-excites the manifold; the rate depends strongly on which partner it is
cand_SO_v_S_vt,SO_v + S -> SO + S,neutral_neutral,vibrational_relaxation,3,rate_coefficient,0.0,,,,,,,unknown,,candidate,a heavy collision de-excites the manifold; the rate depends strongly on which partner it is
cand_SO_v_SF_vt,SO_v + SF -> SO + SF,neutral_neutral,vibrational_relaxation,3,rate_coefficient,0.0,,,,,,,unknown,,candidate,a heavy collision de-excites the manifold; the rate depends strongly on which partner it is
cand_SO_v_SF*_vt,SO_v + SF* -> SO + SF*,neutral_neutral,vibrational_relaxation,3,rate_coefficient,0.0,,,,,,,unknown,,candidate,a heavy collision de-excites the manifold; the rate depends strongly on which partner it is
cand_SO_v_SF2_vt,SO_v + SF2 -> SO + SF2,neutral_neutral,vibrational_relaxation,3,rate_coefficient,0.0,,,,,,,unknown,,candidate,a heavy collision de-excites the manifold; the rate depends strongly on which partner it is
cand_SO_v_SF2*_vt,SO_v + SF2* -> SO + SF2*,neutral_neutral,vibrational_relaxation,3,rate_coefficient,0.0,,,,,,,unknown,,candidate,a heavy collision de-excites the manifold; the rate depends strongly on which partner it is
cand_SO_v_SF2_v_vt,SO_v + SF2_v -> SO + SF2_v,neutral_neutral,vibrational_relaxation,3,rate_coefficient,0.0,,,,,,,unknown,,candidate,a heavy collision de-excites the manifold; the rate depends strongly on which partner it is
cand_SO_v_SF3_vt,SO_v + SF3 -> SO + SF3,neutral_neutral,vibrational_relaxation,3,rate_coefficient,0.0,,,,,,,unknown,,candidate,a heavy collision de-excites the manifold; the rate depends strongly on which partner it is
cand_SO_v_SF3*_vt,SO_v + SF3* -> SO + SF3*,neutral_neutral,vibrational_relaxation,3,rate_coefficient,0.0,,,,,,,unknown,,candidate,a heavy collision de-excites the manifold; the rate depends strongly on which partner it is
cand_SO_v_SF3_v_vt,SO_v + SF3_v -> SO + SF3_v,neutral_neutral,vibrational_relaxation,3,rate_coefficient,0.0,,,,,,,unknown,,candidate,a heavy collision de-excites the manifold; the rate depends strongly on which partner it is
cand_SO_v_SF4_vt,SO_v + SF4 -> SO + SF4,neutral_neutral,vibrational_relaxation,3,rate_coefficient,0.0,,,,,,,unknown,,candidate,a heavy collision de-excites the manifold; the rate depends strongly on which partner it is
cand_SO_v_SF4*_vt,SO_v + SF4* -> SO + SF4*,neutral_neutral,vibrational_relaxation,3,rate_coefficient,0.0,,,,,,,unknown,,candidate,a heavy collision de-excites the manifold; the rate depends strongly on which partner it is
cand_SO_v_SF4_v_vt,SO_v + SF4_v -> SO + SF4_v,neutral_neutral,vibrational_relaxation,3,rate_coefficient,0.0,,,,,,,unknown,,candidate,a heavy collision de-excites the manifold; the rate depends strongly on which partner it is
cand_SO_v_SF5_vt,SO_v + SF5 -> SO + SF5,neutral_neutral,vibrational_relaxation,3,rate_coefficient,0.0,,,,,,,unknown,,candidate,a heavy collision de-excites the manifold; the rate depends strongly on which partner it is
cand_SO_v_SF5*_vt,SO_v + SF5* -> SO + SF5*,neutral_neutral,vibrational_relaxation,3,rate_coefficient,0.0,,,,,,,unknown,,candidate,a heavy collision de-excites the manifold; the rate depends strongly on which partner it is
cand_SO_v_SF5_v_vt,SO_v + SF5_v -> SO + SF5_v,neutral_neutral,vibrational_relaxation,3,rate_coefficient,0.0,,,,,,,unknown,,candidate,a heavy collision de-excites the manifold; the rate depends strongly on which partner it is
cand_SO_v_SF6_vt,SO_v + SF6 -> SO + SF6,neutral_neutral,vibrational_relaxation,3,rate_coefficient,0.0,,,,,,,unknown,,candidate,a heavy collision de-excites the manifold; the rate depends strongly on which partner it is
cand_SO_v_SF6*_vt,SO_v + SF6* -> SO + SF6*,neutral_neutral,vibrational_relaxation,3,rate_coefficient,0.0,,,,,,,unknown,,candidate,a heavy collision de-excites the manifold; the rate depends strongly on which partner it is
cand_SO_v_SF6_v_vt,SO_v + SF6_v -> SO + SF6_v,neutral_neutral,vibrational_relaxation,3,rate_coefficient,0.0,,,,,,,unknown,,candidate,a heavy collision de-excites the manifold; the rate depends strongly on which partner it is
cand_SO_v_SF_v_vt,SO_v + SF_v -> SO + SF_v,neutral_neutral,vibrational_relaxation,3,rate_coefficient,0.0,,,,,,,unknown,,candidate,a heavy collision de-excites the manifold; the rate depends strongly on which partner it is
cand_SO_v_SO_vt,SO_v + SO -> SO + SO,neutral_neutral,vibrational_relaxation,3,rate_coefficient,0.0,,,,,,,unknown,,candidate,a heavy collision de-excites the manifold; the rate depends strongly on which partner it is
cand_SO_v_SO*_vt,SO_v + SO* -> SO + SO*,neutral_neutral,vibrational_relaxation,3,rate_coefficient,0.0,,,,,,,unknown,,candidate,a heavy collision de-excites the manifold; the rate depends strongly on which partner it is
cand_SO_v_SO2_vt,SO_v + SO2 -> SO + SO2,neutral_neutral,vibrational_relaxation,3,rate_coefficient,0.0,,,,,,,unknown,,candidate,a heavy collision de-excites the manifold; the rate depends strongly on which partner it is
cand_SO_v_SO2F2_vt,SO_v + SO2F2 -> SO + SO2F2,neutral_neutral,vibrational_relaxation,3,rate_coefficient,0.0,,,,,,,unknown,,candidate,a heavy collision de-excites the manifold; the rate depends strongly on which partner it is
cand_SO_v_SOF_vt,SO_v + SOF -> SO + SOF,neutral_neutral,vibrational_relaxation,3,rate_coefficient,0.0,,,,,,,unknown,,candidate,a heavy collision de-excites the manifold; the rate depends strongly on which partner it is
cand_SO_v_SOF*_vt,SO_v + SOF* -> SO + SOF*,neutral_neutral,vibrational_relaxation,3,rate_coefficient,0.0,,,,,,,unknown,,candidate,a heavy collision de-excites the manifold; the rate depends strongly on which partner it is
cand_SO_v_SOF2_vt,SO_v + SOF2 -> SO + SOF2,neutral_neutral,vibrational_relaxation,3,rate_coefficient,0.0,,,,,,,unknown,,candidate,a heavy collision de-excites the manifold; the rate depends strongly on which partner it is
cand_SO_v_SOF2*_vt,SO_v + SOF2* -> SO + SOF2*,neutral_neutral,vibrational_relaxation,3,rate_coefficient,0.0,,,,,,,unknown,,candidate,a heavy collision de-excites the manifold; the rate depends strongly on which partner it is
cand_SO_v_SOF2_v_vt,SO_v + SOF2_v -> SO + SOF2_v,neutral_neutral,vibrational_relaxation,3,rate_coefficient,0.0,,,,,,,unknown,,candidate,a heavy collision de-excites the manifold; the rate depends strongly on which partner it is
cand_SO_v_SOF3_vt,SO_v + SOF3 -> SO + SOF3,neutral_neutral,vibrational_relaxation,3,rate_coefficient,0.0,,,,,,,unknown,,candidate,a heavy collision de-excites the manifold; the rate depends strongly on which partner it is
cand_SO_v_SOF3*_vt,SO_v + SOF3* -> SO + SOF3*,neutral_neutral,vibrational_relaxation,3,rate_coefficient,0.0,,,,,,,unknown,,candidate,a heavy collision de-excites the manifold; the rate depends strongly on which partner it is
cand_SO_v_SOF3_v_vt,SO_v + SOF3_v -> SO + SOF3_v,neutral_neutral,vibrational_relaxation,3,rate_coefficient,0.0,,,,,,,unknown,,candidate,a heavy collision de-excites the manifold; the rate depends strongly on which partner it is
cand_SO_v_SOF4_vt,SO_v + SOF4 -> SO + SOF4,neutral_neutral,vibrational_relaxation,3,rate_coefficient,0.0,,,,,,,unknown,,candidate,a heavy collision de-excites the manifold; the rate depends strongly on which partner it is
cand_SO_v_SOF4*_vt,SO_v + SOF4* -> SO + SOF4*,neutral_neutral,vibrational_relaxation,3,rate_coefficient,0.0,,,,,,,unknown,,candidate,a heavy collision de-excites the manifold; the rate depends strongly on which partner it is
cand_SO_v_SOF4_v_vt,SO_v + SOF4_v -> SO + SOF4_v,neutral_neutral,vibrational_relaxation,3,rate_coefficient,0.0,,,,,,,unknown,,candidate,a heavy collision de-excites the manifold; the rate depends strongly on which partner it is
cand_SO_v_SOF_v_vt,SO_v + SOF_v -> SO + SOF_v,neutral_neutral,vibrational_relaxation,3,rate_coefficient,0.0,,,,,,,unknown,,candidate,a heavy collision de-excites the manifold; the rate depends strongly on which partner it is
cand_SO_v_S_1D_vt,SO_v + S_1D -> SO + S_1D,neutral_neutral,vibrational_relaxation,3,rate_coefficient,0.0,,,,,,,unknown,,candidate,a heavy collision de-excites the manifold; the rate depends strongly on which partner it is
cand_SO_v_S_1S_vt,SO_v + S_1S -> SO + S_1S,neutral_neutral,vibrational_relaxation,3,rate_coefficient,0.0,,,,,,,unknown,,candidate,a heavy collision de-excites the manifold; the rate depends strongly on which partner it is
cand_Arp_FO*_diss_Ar_F_Op,Ar+ + FO* -> Ar + F + O+,ion_neutral,dissociative_charge_transfer,3,rate_coefficient,0.1361050000000008,,,,,,,unknown,,candidate,"delta H = +0.14 eV from formation enthalpies, with ion enthalpies built from the ionization energy"
cand_Arp_FO_v_diss_Ar_F_Op,Ar+ + FO_v -> Ar + F + O+,ion_neutral,dissociative_charge_transfer,3,rate_coefficient,0.1361050000000008,,,,,,,unknown,,candidate,"delta H = +0.14 eV from formation enthalpies, with ion enthalpies built from the ionization energy"
cand_Arp_SO*_diss_Ar_O_Sp,Ar+ + SO* -> Ar + O + S+,ion_neutral,dissociative_charge_transfer,3,rate_coefficient,0.0,,,,,,,unknown,,candidate,"delta H = -0.01 eV from formation enthalpies, with ion enthalpies built from the ionization energy"
cand_Arp_SO2_diss_Ar_Sp_O2,Ar+ + SO2 -> Ar + S+ + O2,ion_neutral,dissociative_charge_transfer,3,rate_coefficient,0.5494910000000002,,,,,,,unknown,0.0896218194411169,candidate,"delta H = +0.55 eV from formation enthalpies, with ion enthalpies built from the ionization energy"
cand_Arp_SO2F2_diss_Ar_SF2p_O2,Ar+ + SO2F2 -> Ar + SF2+ + O2,ion_neutral,dissociative_charge_transfer,3,rate_coefficient,0.0,,,,,,,unknown,-1.4016602472015633,candidate,"delta H = -0.17 eV from formation enthalpies, with ion enthalpies built from the ionization energy"
cand_Arp_SO2F2_diss_Ar_SF2_O2p,Ar+ + SO2F2 -> Ar + SF2 + O2+,ion_neutral,dissociative_charge_transfer,3,rate_coefficient,1.0974489999999975,,,,,,,unknown,,candidate,"delta H = +1.10 eV from formation enthalpies, with ion enthalpies built from the ionization energy"
cand_Arp_SO_v_diss_Ar_O_Sp,Ar+ + SO_v -> Ar + O + S+,ion_neutral,dissociative_charge_transfer,3,rate_coefficient,0.0,,,,,,,unknown,,candidate,"delta H = -0.01 eV from formation enthalpies, with ion enthalpies built from the ionization energy"
cand_Fp_FO*_diss_F_F_Op,F+ + FO* -> F + F + O+,ion_neutral,dissociative_charge_transfer,3,rate_coefficient,0.0,,,,,,,unknown,,candidate,"delta H = -1.53 eV from formation enthalpies, with ion enthalpies built from the ionization energy"
cand_Fp_FO_v_diss_F_F_Op,F+ + FO_v -> F + F + O+,ion_neutral,dissociative_charge_transfer,3,rate_coefficient,0.0,,,,,,,unknown,,candidate,"delta H = -1.53 eV from formation enthalpies, with ion enthalpies built from the ionization energy"
cand_Fp_SO*_diss_F_Op_S,F+ + SO* -> F + O+ + S,ion_neutral,dissociative_charge_transfer,3,rate_coefficient,1.5859312746858254,,,,,,,unknown,,candidate,"delta H = +1.59 eV from formation enthalpies, with ion enthalpies built from the ionization energy"
cand_Fp_SO*_diss_F_O_Sp,F+ + SO* -> F + O + S+,ion_neutral,dissociative_charge_transfer,3,rate_coefficient,0.0,,,,,,,unknown,,candidate,"delta H = -1.67 eV from formation enthalpies, with ion enthalpies built from the ionization energy"
cand_Fp_SO2_diss_F_SO_Op,F+ + SO2 -> F + SO + O+,ion_neutral,dissociative_charge_transfer,3,rate_coefficient,1.9196602746858233,,,,,,,unknown,,candidate,"delta H = +1.92 eV from formation enthalpies, with ion enthalpies built from the ionization energy"
cand_Fp_SO2_diss_F_Sp_O2,F+ + SO2 -> F + S+ + O2,ion_neutral,dissociative_charge_transfer,3,rate_coefficient,0.0,,,,,,,unknown,-1.615994826918879,candidate,"delta H = -1.11 eV from formation enthalpies, with ion enthalpies built from the ionization energy"
cand_Fp_SO2_diss_F_S_O2p,F+ + SO2 -> F + S + O2+,ion_neutral,dissociative_charge_transfer,3,rate_coefficient,0.5959092746858219,,,,,,,unknown,,candidate,"delta H = +0.60 eV from formation enthalpies, with ion enthalpies built from the ionization energy"
cand_Fp_SO2F2_diss_F_SOF2_Op,F+ + SO2F2 -> F + SOF2 + O+,ion_neutral,dissociative_charge_transfer,3,rate_coefficient,1.002836274685821,,,,,,,unknown,,candidate,"delta H = +1.00 eV from formation enthalpies, with ion enthalpies built from the ionization energy"
cand_Fp_SO2F2_diss_F_SF2p_O2,F+ + SO2F2 -> F + SF2+ + O2,ion_neutral,dissociative_charge_transfer,3,rate_coefficient,0.0,,,,,,,unknown,-3.1072768935615582,candidate,"delta H = -1.84 eV from formation enthalpies, with ion enthalpies built from the ionization energy"
cand_Fp_SO2F2_diss_F_SF2_O2p,F+ + SO2F2 -> F + SF2 + O2+,ion_neutral,dissociative_charge_transfer,3,rate_coefficient,0.0,,,,,,,unknown,,candidate,"delta H = -0.57 eV from formation enthalpies, with ion enthalpies built from the ionization energy"
cand_Fp_SO_v_diss_F_Op_S,F+ + SO_v -> F + O+ + S,ion_neutral,dissociative_charge_transfer,3,rate_coefficient,1.5859312746858254,,,,,,,unknown,,candidate,"delta H = +1.59 eV from formation enthalpies, with ion enthalpies built from the ionization energy"
cand_Fp_SO_v_diss_F_O_Sp,F+ + SO_v -> F + O + S+,ion_neutral,dissociative_charge_transfer,3,rate_coefficient,0.0,,,,,,,unknown,,candidate,"delta H = -1.67 eV from formation enthalpies, with ion enthalpies built from the ionization energy"
cand_F2p_FO*_diss_F2_F_Op,F2+ + FO* -> F2 + F + O+,ion_neutral,dissociative_charge_transfer,3,rate_coefficient,0.20571500000000031,,,,,,,unknown,,candidate,"delta H = +0.21 eV from formation enthalpies, with ion enthalpies built from the ionization energy"
cand_F2p_FO_v_diss_F2_F_Op,F2+ + FO_v -> F2 + F + O+,ion_neutral,dissociative_charge_transfer,3,rate_coefficient,0.20571500000000031,,,,,,,unknown,,candidate,"delta H = +0.21 eV from formation enthalpies, with ion enthalpies built from the ionization energy"
cand_F2p_SO*_diss_F2_O_Sp,F2+ + SO* -> F2 + O + S+,ion_neutral,dissociative_charge_transfer,3,rate_coefficient,0.06076800000000114,,,,,,,unknown,,candidate,"delta H = +0.06 eV from formation enthalpies, with ion enthalpies built from the ionization energy"
cand_F2p_SO2_diss_F2_Sp_O2,F2+ + SO2 -> F2 + S+ + O2,ion_neutral,dissociative_charge_transfer,3,rate_coefficient,0.6191010000000015,,,,,,,unknown,,candidate,"delta H = +0.62 eV from formation enthalpies, with ion enthalpies built from the ionization energy"
cand_F2p_SO2F2_diss_F2_SF2p_O2,F2+ + SO2F2 -> F2 + SF2+ + O2,ion_neutral,dissociative_charge_transfer,3,rate_coefficient,0.0,,,,,,,unknown,,candidate,"delta H = -0.10 eV from formation enthalpies, with ion enthalpies built from the ionization energy"
cand_F2p_SO2F2_diss_F2_SF2_O2p,F2+ + SO2F2 -> F2 + SF2 + O2+,ion_neutral,dissociative_charge_transfer,3,rate_coefficient,1.1670589999999992,,,,,,,unknown,,candidate,"delta H = +1.17 eV from formation enthalpies, with ion enthalpies built from the ionization energy"
cand_F2p_SO_v_diss_F2_O_Sp,F2+ + SO_v -> F2 + O + S+,ion_neutral,dissociative_charge_transfer,3,rate_coefficient,0.06076800000000114,,,,,,,unknown,,candidate,"delta H = +0.06 eV from formation enthalpies, with ion enthalpies built from the ionization energy"
cand_Op_SO2F2_diss_O_SF2p_O2,O+ + SO2F2 -> O + SF2+ + O2,ion_neutral,dissociative_charge_transfer,3,rate_coefficient,1.9697809999999993,,,,,,,unknown,,candidate,"delta H = +1.97 eV from formation enthalpies, with ion enthalpies built from the ionization energy"
cand_SF2p_SO2F2_diss_SO2_SF4p,SF2+ + SO2F2 -> SO2 + SF4+,ion_neutral,dissociative_charge_transfer,3,rate_coefficient,1.1503549999999985,,,,,,,unknown,1.7635671163930162,candidate,"delta H = +1.15 eV from formation enthalpies, with ion enthalpies built from the ionization energy"
cand_SF4p_SO2_diss_SO2F2_SF2p,SF4+ + SO2 -> SO2F2 + SF2+,ion_neutral,dissociative_charge_transfer,3,rate_coefficient,0.0,,,,,,,unknown,-1.763567116393017,candidate,"delta H = -1.15 eV from formation enthalpies, with ion enthalpies built from the ionization energy"
cand_SF6p_FO*_diss_SF5p_F_FO,SF6+ + FO* -> SF5+ + F + FO,ion_neutral,dissociative_charge_transfer,3,rate_coefficient,0.0,,,,,,,unknown,,candidate,"delta H = -1.66 eV from formation enthalpies, with ion enthalpies built from the ionization energy"
cand_SF6p_FO*_diss_SF4p_F2_FO,SF6+ + FO* -> SF4+ + F2 + FO,ion_neutral,dissociative_charge_transfer,3,rate_coefficient,1.419579999999998,,,,,,,unknown,,candidate,"delta H = +1.42 eV from formation enthalpies, with ion enthalpies built from the ionization energy"
cand_SF6p_FO*_diss_SF6_F_Op,SF6+ + FO* -> SF6 + F + O+,ion_neutral,dissociative_charge_transfer,3,rate_coefficient,0.5757149999999995,,,,,,,unknown,,candidate,"delta H = +0.58 eV from formation enthalpies, with ion enthalpies built from the ionization energy"
cand_SF6p_FO_v_diss_SF5p_F_FO,SF6+ + FO_v -> SF5+ + F + FO,ion_neutral,dissociative_charge_transfer,3,rate_coefficient,0.0,,,,,,,unknown,,candidate,"delta H = -1.66 eV from formation enthalpies, with ion enthalpies built from the ionization energy"
cand_SF6p_FO_v_diss_SF4p_F2_FO,SF6+ + FO_v -> SF4+ + F2 + FO,ion_neutral,dissociative_charge_transfer,3,rate_coefficient,1.419579999999998,,,,,,,unknown,,candidate,"delta H = +1.42 eV from formation enthalpies, with ion enthalpies built from the ionization energy"
cand_SF6p_FO_v_diss_SF6_F_Op,SF6+ + FO_v -> SF6 + F + O+,ion_neutral,dissociative_charge_transfer,3,rate_coefficient,0.5757149999999995,,,,,,,unknown,,candidate,"delta H = +0.58 eV from formation enthalpies, with ion enthalpies built from the ionization energy"
cand_SF6p_SO*_diss_SF5p_F_SO,SF6+ + SO* -> SF5+ + F + SO,ion_neutral,dissociative_charge_transfer,3,rate_coefficient,0.0,,,,,,,unknown,,candidate,"delta H = -1.66 eV from formation enthalpies, with ion enthalpies built from the ionization energy"
cand_SF6p_SO*_diss_SF4p_F2_SO,SF6+ + SO* -> SF4+ + F2 + SO,ion_neutral,dissociative_charge_transfer,3,rate_coefficient,1.419579999999998,,,,,,,unknown,,candidate,"delta H = +1.42 eV from formation enthalpies, with ion enthalpies built from the ionization energy"
cand_SF6p_SO*_diss_SF6_O_Sp,SF6+ + SO* -> SF6 + O + S+,ion_neutral,dissociative_charge_transfer,3,rate_coefficient,0.4307680000000004,,,,,,,unknown,,candidate,"delta H = +0.43 eV from formation enthalpies, with ion enthalpies built from the ionization energy"
cand_SF6p_SO2_diss_SF5p_F_SO2,SF6+ + SO2 -> SF5+ + F + SO2,ion_neutral,dissociative_charge_transfer,3,rate_coefficient,0.0,,,,,,,unknown,,candidate,"delta H = -1.66 eV from formation enthalpies, with ion enthalpies built from the ionization energy"
cand_SF6p_SO2_diss_SF4p_F2_SO2,SF6+ + SO2 -> SF4+ + F2 + SO2,ion_neutral,dissociative_charge_transfer,3,rate_coefficient,1.419579999999998,,,,,,,unknown,,candidate,"delta H = +1.42 eV from formation enthalpies, with ion enthalpies built from the ionization energy"
cand_SF6p_SO2_diss_SF6_Sp_O2,SF6+ + SO2 -> SF6 + S+ + O2,ion_neutral,dissociative_charge_transfer,3,rate_coefficient,0.9891010000000007,,,,,,,unknown,,candidate,"delta H = +0.99 eV from formation enthalpies, with ion enthalpies built from the ionization energy"
cand_SF6p_SO2F2_diss_SF5p_F_SO2F2,SF6+ + SO2F2 -> SF5+ + F + SO2F2,ion_neutral,dissociative_charge_transfer,3,rate_coefficient,0.0,,,,,,,unknown,,candidate,"delta H = -1.66 eV from formation enthalpies, with ion enthalpies built from the ionization energy"
cand_SF6p_SO2F2_diss_SF4p_F2_SO2F2,SF6+ + SO2F2 -> SF4+ + F2 + SO2F2,ion_neutral,dissociative_charge_transfer,3,rate_coefficient,1.419579999999998,,,,,,,unknown,,candidate,"delta H = +1.42 eV from formation enthalpies, with ion enthalpies built from the ionization energy"
cand_SF6p_SO2F2_diss_SF6_SF2p_O2,SF6+ + SO2F2 -> SF6 + SF2+ + O2,ion_neutral,dissociative_charge_transfer,3,rate_coefficient,0.2673589999999999,,,,,,,unknown,,candidate,"delta H = +0.27 eV from formation enthalpies, with ion enthalpies built from the ionization energy"
cand_SF6p_SO2F2_diss_SF6_SF2_O2p,SF6+ + SO2F2 -> SF6 + SF2 + O2+,ion_neutral,dissociative_charge_transfer,3,rate_coefficient,1.5370589999999984,,,,,,,unknown,,candidate,"delta H = +1.54 eV from formation enthalpies, with ion enthalpies built from the ionization energy"
cand_SF6p_SOF*_diss_SF5p_F_SOF,SF6+ + SOF* -> SF5+ + F + SOF,ion_neutral,dissociative_charge_transfer,3,rate_coefficient,0.0,,,,,,,unknown,,candidate,"delta H = -1.66 eV from formation enthalpies, with ion enthalpies built from the ionization energy"
cand_SF6p_SOF*_diss_SF4p_F2_SOF,SF6+ + SOF* -> SF4+ + F2 + SOF,ion_neutral,dissociative_charge_transfer,3,rate_coefficient,1.419579999999998,,,,,,,unknown,,candidate,"delta H = +1.42 eV from formation enthalpies, with ion enthalpies built from the ionization energy"
cand_SF6p_SOF2*_diss_SF5p_F_SOF2,SF6+ + SOF2* -> SF5+ + F + SOF2,ion_neutral,dissociative_charge_transfer,3,rate_coefficient,0.0,,,,,,,unknown,,candidate,"delta H = -1.66 eV from formation enthalpies, with ion enthalpies built from the ionization energy"
cand_SF6p_SOF2*_diss_SF4p_F2_SOF2,SF6+ + SOF2* -> SF4+ + F2 + SOF2,ion_neutral,dissociative_charge_transfer,3,rate_coefficient,1.419579999999998,,,,,,,unknown,,candidate,"delta H = +1.42 eV from formation enthalpies, with ion enthalpies built from the ionization energy"
cand_SF6p_SOF2_v_diss_SF5p_F_SOF2,SF6+ + SOF2_v -> SF5+ + F + SOF2,ion_neutral,dissociative_charge_transfer,3,rate_coefficient,0.0,,,,,,,unknown,,candidate,"delta H = -1.66 eV from formation enthalpies, with ion enthalpies built from the ionization energy"
cand_SF6p_SOF2_v_diss_SF4p_F2_SOF2,SF6+ + SOF2_v -> SF4+ + F2 + SOF2,ion_neutral,dissociative_charge_transfer,3,rate_coefficient,1.419579999999998,,,,,,,unknown,,candidate,"delta H = +1.42 eV from formation enthalpies, with ion enthalpies built from the ionization energy"
cand_SF6p_SOF3*_diss_SF5p_F_SOF3,SF6+ + SOF3* -> SF5+ + F + SOF3,ion_neutral,dissociative_charge_transfer,3,rate_coefficient,0.0,,,,,,,unknown,,candidate,"delta H = -1.66 eV from formation enthalpies, with ion enthalpies built from the ionization energy"
cand_SF6p_SOF3*_diss_SF4p_F2_SOF3,SF6+ + SOF3* -> SF4+ + F2 + SOF3,ion_neutral,dissociative_charge_transfer,3,rate_coefficient,1.419579999999998,,,,,,,unknown,,candidate,"delta H = +1.42 eV from formation enthalpies, with ion enthalpies built from the ionization energy"
cand_SF6p_SOF3_v_diss_SF5p_F_SOF3,SF6+ + SOF3_v -> SF5+ + F + SOF3,ion_neutral,dissociative_charge_transfer,3,rate_coefficient,0.0,,,,,,,unknown,,candidate,"delta H = -1.66 eV from formation enthalpies, with ion enthalpies built from the ionization energy"
cand_SF6p_SOF3_v_diss_SF4p_F2_SOF3,SF6+ + SOF3_v -> SF4+ + F2 + SOF3,ion_neutral,dissociative_charge_transfer,3,rate_coefficient,1.419579999999998,,,,,,,unknown,,candidate,"delta H = +1.42 eV from formation enthalpies, with ion enthalpies built from the ionization energy"
cand_SF6p_SOF4*_diss_SF5p_F_SOF4,SF6+ + SOF4* -> SF5+ + F + SOF4,ion_neutral,dissociative_charge_transfer,3,rate_coefficient,0.0,,,,,,,unknown,,candidate,"delta H = -1.66 eV from formation enthalpies, with ion enthalpies built from the ionization energy"
cand_SF6p_SOF4*_diss_SF4p_F2_SOF4,SF6+ + SOF4* -> SF4+ + F2 + SOF4,ion_neutral,dissociative_charge_transfer,3,rate_coefficient,1.419579999999998,,,,,,,unknown,,candidate,"delta H = +1.42 eV from formation enthalpies, with ion enthalpies built from the ionization energy"
cand_SF6p_SOF4_v_diss_SF5p_F_SOF4,SF6+ + SOF4_v -> SF5+ + F + SOF4,ion_neutral,dissociative_charge_transfer,3,rate_coefficient,0.0,,,,,,,unknown,,candidate,"delta H = -1.66 eV from formation enthalpies, with ion enthalpies built from the ionization energy"
cand_SF6p_SOF4_v_diss_SF4p_F2_SOF4,SF6+ + SOF4_v -> SF4+ + F2 + SOF4,ion_neutral,dissociative_charge_transfer,3,rate_coefficient,1.419579999999998,,,,,,,unknown,,candidate,"delta H = +1.42 eV from formation enthalpies, with ion enthalpies built from the ionization energy"
cand_SF6p_SOF_v_diss_SF5p_F_SOF,SF6+ + SOF_v -> SF5+ + F + SOF,ion_neutral,dissociative_charge_transfer,3,rate_coefficient,0.0,,,,,,,unknown,,candidate,"delta H = -1.66 eV from formation enthalpies, with ion enthalpies built from the ionization energy"
cand_SF6p_SOF_v_diss_SF4p_F2_SOF,SF6+ + SOF_v -> SF4+ + F2 + SOF,ion_neutral,dissociative_charge_transfer,3,rate_coefficient,1.419579999999998,,,,,,,unknown,,candidate,"delta H = +1.42 eV from formation enthalpies, with ion enthalpies built from the ionization energy"
cand_SF6p_SO_v_diss_SF5p_F_SO,SF6+ + SO_v -> SF5+ + F + SO,ion_neutral,dissociative_charge_transfer,3,rate_coefficient,0.0,,,,,,,unknown,,candidate,"delta H = -1.66 eV from formation enthalpies, with ion enthalpies built from the ionization energy"
cand_SF6p_SO_v_diss_SF4p_F2_SO,SF6+ + SO_v -> SF4+ + F2 + SO,ion_neutral,dissociative_charge_transfer,3,rate_coefficient,1.419579999999998,,,,,,,unknown,,candidate,"delta H = +1.42 eV from formation enthalpies, with ion enthalpies built from the ionization energy"
cand_SF6p_SO_v_diss_SF6_O_Sp,SF6+ + SO_v -> SF6 + O + S+,ion_neutral,dissociative_charge_transfer,3,rate_coefficient,0.4307680000000004,,,,,,,unknown,,candidate,"delta H = +0.43 eV from formation enthalpies, with ion enthalpies built from the ionization energy"
cand_e_SO2*_to_e_SO2*,e + SO2* -> e + SO2*,electron,elastic,4,cross_section,0.0,,,,,,,unknown,,candidate,conservation allows this channel; no source has been consulted
cand_e_SO2*_to_e_e_SO2p,e + SO2* -> e + e + SO2+,electron,ionization,4,cross_section,,,,,,,,unknown,,candidate,conservation allows this channel; no source has been consulted
cand_e_SO2*_to_e_SO_O,e + SO2* -> e + SO + O,electron,dissociation,4,cross_section,,,,,,,,unknown,,candidate,conservation allows this channel; no source has been consulted
cand_e_SO2*_to_e_e_SOp_O,e + SO2* -> e + e + SO+ + O,electron,dissociative_ionization,4,cross_section,,,,,,,,unknown,,candidate,conservation allows this channel; no source has been consulted
cand_e_SO2*_to_e_S_O2,e + SO2* -> e + S + O2,electron,dissociation,4,cross_section,,,,,,,,unknown,,candidate,conservation allows this channel; no source has been consulted
cand_e_SO2*_to_e_e_Sp_O2,e + SO2* -> e + e + S+ + O2,electron,dissociative_ionization,4,cross_section,,,,,,,,unknown,,candidate,conservation allows this channel; no source has been consulted
cand_e_SO2F2*_to_e_SO2F2*,e + SO2F2* -> e + SO2F2*,electron,elastic,4,cross_section,0.0,,,,,,,unknown,,candidate,conservation allows this channel; no source has been consulted
cand_e_SO2F2*_to_e_e_SO2F2p,e + SO2F2* -> e + e + SO2F2+,electron,ionization,4,cross_section,,,,,,,,unknown,,candidate,conservation allows this channel; no source has been consulted
cand_e_SO2F2*_to_e_SOF2_O,e + SO2F2* -> e + SOF2 + O,electron,dissociation,4,cross_section,,,,,,,,unknown,,candidate,conservation allows this channel; no source has been consulted
cand_e_SO2F2*_to_e_e_SOF2p_O,e + SO2F2* -> e + e + SOF2+ + O,electron,dissociative_ionization,4,cross_section,,,,,,,,unknown,,candidate,conservation allows this channel; no source has been consulted
cand_e_SO2F2*_to_e_SF2_O2,e + SO2F2* -> e + SF2 + O2,electron,dissociation,4,cross_section,,,,,,,,unknown,,candidate,conservation allows this channel; no source has been consulted
cand_e_SO2F2*_to_e_e_SF2p_O2,e + SO2F2* -> e + e + SF2+ + O2,electron,dissociative_ionization,4,cross_section,,,,,,,,unknown,,candidate,conservation allows this channel; no source has been consulted
cand_e_SO2F2_v_to_e_SO2F2_v,e + SO2F2_v -> e + SO2F2_v,electron,elastic,4,cross_section,0.0,,,,,,,unknown,,candidate,conservation allows this channel; no source has been consulted
cand_e_SO2F2_v_to_e_e_SO2F2p,e + SO2F2_v -> e + e + SO2F2+,electron,ionization,4,cross_section,,,,,,,,unknown,,candidate,conservation allows this channel; no source has been consulted
cand_e_SO2F2_v_to_e_SOF2_O,e + SO2F2_v -> e + SOF2 + O,electron,dissociation,4,cross_section,,,,,,,,unknown,,candidate,conservation allows this channel; no source has been consulted
cand_e_SO2F2_v_to_e_e_SOF2p_O,e + SO2F2_v -> e + e + SOF2+ + O,electron,dissociative_ionization,4,cross_section,,,,,,,,unknown,,candidate,conservation allows this channel; no source has been consulted
cand_e_SO2F2_v_to_e_SF2_O2,e + SO2F2_v -> e + SF2 + O2,electron,dissociation,4,cross_section,,,,,,,,unknown,,candidate,conservation allows this channel; no source has been consulted
cand_e_SO2F2_v_to_e_e_SF2p_O2,e + SO2F2_v -> e + e + SF2+ + O2,electron,dissociative_ionization,4,cross_section,,,,,,,,unknown,,candidate,conservation allows this channel; no source has been consulted
cand_e_SO2_v_to_e_SO2_v,e + SO2_v -> e + SO2_v,electron,elastic,4,cross_section,0.0,,,,,,,unknown,,candidate,conservation allows this channel; no source has been consulted
cand_e_SO2_v_to_e_e_SO2p,e + SO2_v -> e + e + SO2+,electron,ionization,4,cross_section,,,,,,,,unknown,,candidate,conservation allows this channel; no source has been consulted
cand_e_SO2_v_to_e_SO_O,e + SO2_v -> e + SO + O,electron,dissociation,4,cross_section,,-5.611587,,,,,,unknown,,candidate,conservation allows this channel; no source has been consulted
cand_e_SO2_v_to_e_e_SOp_O,e + SO2_v -> e + e + SO+ + O,electron,dissociative_ionization,4,cross_section,,,,,,,,unknown,,candidate,conservation allows this channel; no source has been consulted
cand_e_SO2_v_to_e_S_O2,e + SO2_v -> e + S + O2,electron,dissociation,4,cross_section,,-5.8361909999999995,,,,,,unknown,,candidate,conservation allows this channel; no source has been consulted
cand_e_SO2_v_to_e_e_Sp_O2,e + SO2_v -> e + e + S+ + O2,electron,dissociative_ionization,4,cross_section,,,,,,,,unknown,,candidate,conservation allows this channel; no source has been consulted
cand_F2_v_SO2*_vt,F2_v + SO2* -> F2 + SO2*,neutral_neutral,vibrational_relaxation,4,rate_coefficient,0.0,,,,,,,unknown,,candidate,a heavy collision de-excites the manifold; the rate depends strongly on which partner it is
cand_F2_v_SO2F2*_vt,F2_v + SO2F2* -> F2 + SO2F2*,neutral_neutral,vibrational_relaxation,4,rate_coefficient,0.0,,,,,,,unknown,,candidate,a heavy collision de-excites the manifold; the rate depends strongly on which partner it is
cand_F2_v_SO2F2_v_vt,F2_v + SO2F2_v -> F2 + SO2F2_v,neutral_neutral,vibrational_relaxation,4,rate_coefficient,0.0,,,,,,,unknown,,candidate,a heavy collision de-excites the manifold; the rate depends strongly on which partner it is
cand_F2_v_SO2_v_vt,F2_v + SO2_v -> F2 + SO2_v,neutral_neutral,vibrational_relaxation,4,rate_coefficient,0.0,,,,,,,unknown,,candidate,a heavy collision de-excites the manifold; the rate depends strongly on which partner it is
cand_FO_v_SO2*_vt,FO_v + SO2* -> FO + SO2*,neutral_neutral,vibrational_relaxation,4,rate_coefficient,0.0,,,,,,,unknown,,candidate,a heavy collision de-excites the manifold; the rate depends strongly on which partner it is
cand_FO_v_SO2F2*_vt,FO_v + SO2F2* -> FO + SO2F2*,neutral_neutral,vibrational_relaxation,4,rate_coefficient,0.0,,,,,,,unknown,,candidate,a heavy collision de-excites the manifold; the rate depends strongly on which partner it is
cand_FO_v_SO2F2_v_vt,FO_v + SO2F2_v -> FO + SO2F2_v,neutral_neutral,vibrational_relaxation,4,rate_coefficient,0.0,,,,,,,unknown,,candidate,a heavy collision de-excites the manifold; the rate depends strongly on which partner it is
cand_FO_v_SO2_v_vt,FO_v + SO2_v -> FO + SO2_v,neutral_neutral,vibrational_relaxation,4,rate_coefficient,0.0,,,,,,,unknown,,candidate,a heavy collision de-excites the manifold; the rate depends strongly on which partner it is
cand_O2_v_SO2*_vt,O2_v + SO2* -> O2 + SO2*,neutral_neutral,vibrational_relaxation,4,rate_coefficient,0.0,,,,,,,unknown,,candidate,a heavy collision de-excites the manifold; the rate depends strongly on which partner it is
cand_O2_v_SO2F2*_vt,O2_v + SO2F2* -> O2 + SO2F2*,neutral_neutral,vibrational_relaxation,4,rate_coefficient,0.0,,,,,,,unknown,,candidate,a heavy collision de-excites the manifold; the rate depends strongly on which partner it is
cand_O2_v_SO2F2_v_vt,O2_v + SO2F2_v -> O2 + SO2F2_v,neutral_neutral,vibrational_relaxation,4,rate_coefficient,0.0,,,,,,,unknown,,candidate,a heavy collision de-excites the manifold; the rate depends strongly on which partner it is
cand_O2_v_SO2_v_vt,O2_v + SO2_v -> O2 + SO2_v,neutral_neutral,vibrational_relaxation,4,rate_coefficient,0.0,,,,,,,unknown,,candidate,a heavy collision de-excites the manifold; the rate depends strongly on which partner it is
cand_SF2_v_SO2*_vt,SF2_v + SO2* -> SF2 + SO2*,neutral_neutral,vibrational_relaxation,4,rate_coefficient,0.0,,,,,,,unknown,,candidate,a heavy collision de-excites the manifold; the rate depends strongly on which partner it is
cand_SF2_v_SO2F2*_vt,SF2_v + SO2F2* -> SF2 + SO2F2*,neutral_neutral,vibrational_relaxation,4,rate_coefficient,0.0,,,,,,,unknown,,candidate,a heavy collision de-excites the manifold; the rate depends strongly on which partner it is
cand_SF2_v_SO2F2_v_vt,SF2_v + SO2F2_v -> SF2 + SO2F2_v,neutral_neutral,vibrational_relaxation,4,rate_coefficient,0.0,,,,,,,unknown,,candidate,a heavy collision de-excites the manifold; the rate depends strongly on which partner it is
cand_SF2_v_SO2_v_vt,SF2_v + SO2_v -> SF2 + SO2_v,neutral_neutral,vibrational_relaxation,4,rate_coefficient,0.0,,,,,,,unknown,,candidate,a heavy collision de-excites the manifold; the rate depends strongly on which partner it is
cand_SF3_v_SO2*_vt,SF3_v + SO2* -> SF3 + SO2*,neutral_neutral,vibrational_relaxation,4,rate_coefficient,0.0,,,,,,,unknown,,candidate,a heavy collision de-excites the manifold; the rate depends strongly on which partner it is
cand_SF3_v_SO2F2*_vt,SF3_v + SO2F2* -> SF3 + SO2F2*,neutral_neutral,vibrational_relaxation,4,rate_coefficient,0.0,,,,,,,unknown,,candidate,a heavy collision de-excites the manifold; the rate depends strongly on which partner it is
cand_SF3_v_SO2F2_v_vt,SF3_v + SO2F2_v -> SF3 + SO2F2_v,neutral_neutral,vibrational_relaxation,4,rate_coefficient,0.0,,,,,,,unknown,,candidate,a heavy collision de-excites the manifold; the rate depends strongly on which partner it is
cand_SF3_v_SO2_v_vt,SF3_v + SO2_v -> SF3 + SO2_v,neutral_neutral,vibrational_relaxation,4,rate_coefficient,0.0,,,,,,,unknown,,candidate,a heavy collision de-excites the manifold; the rate depends strongly on which partner it is
cand_SF4_v_SO2*_vt,SF4_v + SO2* -> SF4 + SO2*,neutral_neutral,vibrational_relaxation,4,rate_coefficient,0.0,,,,,,,unknown,,candidate,a heavy collision de-excites the manifold; the rate depends strongly on which partner it is
cand_SF4_v_SO2F2*_vt,SF4_v + SO2F2* -> SF4 + SO2F2*,neutral_neutral,vibrational_relaxation,4,rate_coefficient,0.0,,,,,,,unknown,,candidate,a heavy collision de-excites the manifold; the rate depends strongly on which partner it is
cand_SF4_v_SO2F2_v_vt,SF4_v + SO2F2_v -> SF4 + SO2F2_v,neutral_neutral,vibrational_relaxation,4,rate_coefficient,0.0,,,,,,,unknown,,candidate,a heavy collision de-excites the manifold; the rate depends strongly on which partner it is
cand_SF4_v_SO2_v_vt,SF4_v + SO2_v -> SF4 + SO2_v,neutral_neutral,vibrational_relaxation,4,rate_coefficient,0.0,,,,,,,unknown,,candidate,a heavy collision de-excites the manifold; the rate depends strongly on which partner it is
cand_SF5_v_SO2*_vt,SF5_v + SO2* -> SF5 + SO2*,neutral_neutral,vibrational_relaxation,4,rate_coefficient,0.0,,,,,,,unknown,,candidate,a heavy collision de-excites the manifold; the rate depends strongly on which partner it is
cand_SF5_v_SO2F2*_vt,SF5_v + SO2F2* -> SF5 + SO2F2*,neutral_neutral,vibrational_relaxation,4,rate_coefficient,0.0,,,,,,,unknown,,candidate,a heavy collision de-excites the manifold; the rate depends strongly on which partner it is
cand_SF5_v_SO2F2_v_vt,SF5_v + SO2F2_v -> SF5 + SO2F2_v,neutral_neutral,vibrational_relaxation,4,rate_coefficient,0.0,,,,,,,unknown,,candidate,a heavy collision de-excites the manifold; the rate depends strongly on which partner it is
cand_SF5_v_SO2_v_vt,SF5_v + SO2_v -> SF5 + SO2_v,neutral_neutral,vibrational_relaxation,4,rate_coefficient,0.0,,,,,,,unknown,,candidate,a heavy collision de-excites the manifold; the rate depends strongly on which partner it is
cand_SF6_v_SO2*_vt,SF6_v + SO2* -> SF6 + SO2*,neutral_neutral,vibrational_relaxation,4,rate_coefficient,0.0,,,,,,,unknown,,candidate,a heavy collision de-excites the manifold; the rate depends strongly on which partner it is
cand_SF6_v_SO2F2*_vt,SF6_v + SO2F2* -> SF6 + SO2F2*,neutral_neutral,vibrational_relaxation,4,rate_coefficient,0.0,,,,,,,unknown,,candidate,a heavy collision de-excites the manifold; the rate depends strongly on which partner it is
cand_SF6_v_SO2F2_v_vt,SF6_v + SO2F2_v -> SF6 + SO2F2_v,neutral_neutral,vibrational_relaxation,4,rate_coefficient,0.0,,,,,,,unknown,,candidate,a heavy collision de-excites the manifold; the rate depends strongly on which partner it is
cand_SF6_v_SO2_v_vt,SF6_v + SO2_v -> SF6 + SO2_v,neutral_neutral,vibrational_relaxation,4,rate_coefficient,0.0,,,,,,,unknown,,candidate,a heavy collision de-excites the manifold; the rate depends strongly on which partner it is
cand_SF_v_SO2*_vt,SF_v + SO2* -> SF + SO2*,neutral_neutral,vibrational_relaxation,4,rate_coefficient,0.0,,,,,,,unknown,,candidate,a heavy collision de-excites the manifold; the rate depends strongly on which partner it is
cand_SF_v_SO2F2*_vt,SF_v + SO2F2* -> SF + SO2F2*,neutral_neutral,vibrational_relaxation,4,rate_coefficient,0.0,,,,,,,unknown,,candidate,a heavy collision de-excites the manifold; the rate depends strongly on which partner it is
cand_SF_v_SO2F2_v_vt,SF_v + SO2F2_v -> SF + SO2F2_v,neutral_neutral,vibrational_relaxation,4,rate_coefficient,0.0,,,,,,,unknown,,candidate,a heavy collision de-excites the manifold; the rate depends strongly on which partner it is
cand_SF_v_SO2_v_vt,SF_v + SO2_v -> SF + SO2_v,neutral_neutral,vibrational_relaxation,4,rate_coefficient,0.0,,,,,,,unknown,,candidate,a heavy collision de-excites the manifold; the rate depends strongly on which partner it is
cand_SO2F2_v_Ar_vt,SO2F2_v + Ar -> SO2F2 + Ar,neutral_neutral,vibrational_relaxation,4,rate_coefficient,0.0,,,,,,,unknown,,candidate,a heavy collision de-excites the manifold; the rate depends strongly on which partner it is
cand_SO2F2_v_Ar_4s_vt,SO2F2_v + Ar_4s -> SO2F2 + Ar_4s,neutral_neutral,vibrational_relaxation,4,rate_coefficient,0.0,,,,,,,unknown,,candidate,a heavy collision de-excites the manifold; the rate depends strongly on which partner it is
cand_SO2F2_v_F_vt,SO2F2_v + F -> SO2F2 + F,neutral_neutral,vibrational_relaxation,4,rate_coefficient,0.0,,,,,,,unknown,,candidate,a heavy collision de-excites the manifold; the rate depends strongly on which partner it is
cand_SO2F2_v_F*_vt,SO2F2_v + F* -> SO2F2 + F*,neutral_neutral,vibrational_relaxation,4,rate_coefficient,0.0,,,,,,,unknown,,candidate,a heavy collision de-excites the manifold; the rate depends strongly on which partner it is
cand_SO2F2_v_F2_vt,SO2F2_v + F2 -> SO2F2 + F2,neutral_neutral,vibrational_relaxation,4,rate_coefficient,0.0,,,,,,,unknown,,candidate,a heavy collision de-excites the manifold; the rate depends strongly on which partner it is
cand_SO2F2_v_F2*_vt,SO2F2_v + F2* -> SO2F2 + F2*,neutral_neutral,vibrational_relaxation,4,rate_coefficient,0.0,,,,,,,unknown,,candidate,a heavy collision de-excites the manifold; the rate depends strongly on which partner it is
cand_SO2F2_v_F2_v_vt,SO2F2_v + F2_v -> SO2F2 + F2_v,neutral_neutral,vibrational_relaxation,4,rate_coefficient,0.0,,,,,,,unknown,,candidate,a heavy collision de-excites the manifold; the rate depends strongly on which partner it is
cand_SO2F2_v_FO_vt,SO2F2_v + FO -> SO2F2 + FO,neutral_neutral,vibrational_relaxation,4,rate_coefficient,0.0,,,,,,,unknown,,candidate,a heavy collision de-excites the manifold; the rate depends strongly on which partner it is
cand_SO2F2_v_FO*_vt,SO2F2_v + FO* -> SO2F2 + FO*,neutral_neutral,vibrational_relaxation,4,rate_coefficient,0.0,,,,,,,unknown,,candidate,a heavy collision de-excites the manifold; the rate depends strongly on which partner it is
cand_SO2F2_v_FO_v_vt,SO2F2_v + FO_v -> SO2F2 + FO_v,neutral_neutral,vibrational_relaxation,4,rate_coefficient,0.0,,,,,,,unknown,,candidate,a heavy collision de-excites the manifold; the rate depends strongly on which partner it is
cand_SO2F2_v_O_vt,SO2F2_v + O -> SO2F2 + O,neutral_neutral,vibrational_relaxation,4,rate_coefficient,0.0,,,,,,,unknown,,candidate,a heavy collision de-excites the manifold; the rate depends strongly on which partner it is
cand_SO2F2_v_O2_vt,SO2F2_v + O2 -> SO2F2 + O2,neutral_neutral,vibrational_relaxation,4,rate_coefficient,0.0,,,,,,,unknown,,candidate,a heavy collision de-excites the manifold; the rate depends strongly on which partner it is
cand_SO2F2_v_O2_a1Delta_vt,SO2F2_v + O2_a1Delta -> SO2F2 + O2_a1Delta,neutral_neutral,vibrational_relaxation,4,rate_coefficient,0.0,,,,,,,unknown,,candidate,a heavy collision de-excites the manifold; the rate depends strongly on which partner it is
cand_SO2F2_v_O2_b1Sigma_vt,SO2F2_v + O2_b1Sigma -> SO2F2 + O2_b1Sigma,neutral_neutral,vibrational_relaxation,4,rate_coefficient,0.0,,,,,,,unknown,,candidate,a heavy collision de-excites the manifold; the rate depends strongly on which partner it is
cand_SO2F2_v_O2_v_vt,SO2F2_v + O2_v -> SO2F2 + O2_v,neutral_neutral,vibrational_relaxation,4,rate_coefficient,0.0,,,,,,,unknown,,candidate,a heavy collision de-excites the manifold; the rate depends strongly on which partner it is
cand_SO2F2_v_O_1D_vt,SO2F2_v + O_1D -> SO2F2 + O_1D,neutral_neutral,vibrational_relaxation,4,rate_coefficient,0.0,,,,,,,unknown,,candidate,a heavy collision de-excites the manifold; the rate depends strongly on which partner it is
cand_SO2F2_v_O_1S_vt,SO2F2_v + O_1S -> SO2F2 + O_1S,neutral_neutral,vibrational_relaxation,4,rate_coefficient,0.0,,,,,,,unknown,,candidate,a heavy collision de-excites the manifold; the rate depends strongly on which partner it is
cand_SO2F2_v_S_vt,SO2F2_v + S -> SO2F2 + S,neutral_neutral,vibrational_relaxation,4,rate_coefficient,0.0,,,,,,,unknown,,candidate,a heavy collision de-excites the manifold; the rate depends strongly on which partner it is
cand_SO2F2_v_SF_vt,SO2F2_v + SF -> SO2F2 + SF,neutral_neutral,vibrational_relaxation,4,rate_coefficient,0.0,,,,,,,unknown,,candidate,a heavy collision de-excites the manifold; the rate depends strongly on which partner it is
cand_SO2F2_v_SF*_vt,SO2F2_v + SF* -> SO2F2 + SF*,neutral_neutral,vibrational_relaxation,4,rate_coefficient,0.0,,,,,,,unknown,,candidate,a heavy collision de-excites the manifold; the rate depends strongly on which partner it is
cand_SO2F2_v_SF2_vt,SO2F2_v + SF2 -> SO2F2 + SF2,neutral_neutral,vibrational_relaxation,4,rate_coefficient,0.0,,,,,,,unknown,,candidate,a heavy collision de-excites the manifold; the rate depends strongly on which partner it is
cand_SO2F2_v_SF2*_vt,SO2F2_v + SF2* -> SO2F2 + SF2*,neutral_neutral,vibrational_relaxation,4,rate_coefficient,0.0,,,,,,,unknown,,candidate,a heavy collision de-excites the manifold; the rate depends strongly on which partner it is
cand_SO2F2_v_SF2_v_vt,SO2F2_v + SF2_v -> SO2F2 + SF2_v,neutral_neutral,vibrational_relaxation,4,rate_coefficient,0.0,,,,,,,unknown,,candidate,a heavy collision de-excites the manifold; the rate depends strongly on which partner it is
cand_SO2F2_v_SF3_vt,SO2F2_v + SF3 -> SO2F2 + SF3,neutral_neutral,vibrational_relaxation,4,rate_coefficient,0.0,,,,,,,unknown,,candidate,a heavy collision de-excites the manifold; the rate depends strongly on which partner it is
cand_SO2F2_v_SF3*_vt,SO2F2_v + SF3* -> SO2F2 + SF3*,neutral_neutral,vibrational_relaxation,4,rate_coefficient,0.0,,,,,,,unknown,,candidate,a heavy collision de-excites the manifold; the rate depends strongly on which partner it is
cand_SO2F2_v_SF3_v_vt,SO2F2_v + SF3_v -> SO2F2 + SF3_v,neutral_neutral,vibrational_relaxation,4,rate_coefficient,0.0,,,,,,,unknown,,candidate,a heavy collision de-excites the manifold; the rate depends strongly on which partner it is
cand_SO2F2_v_SF4_vt,SO2F2_v + SF4 -> SO2F2 + SF4,neutral_neutral,vibrational_relaxation,4,rate_coefficient,0.0,,,,,,,unknown,,candidate,a heavy collision de-excites the manifold; the rate depends strongly on which partner it is
cand_SO2F2_v_SF4*_vt,SO2F2_v + SF4* -> SO2F2 + SF4*,neutral_neutral,vibrational_relaxation,4,rate_coefficient,0.0,,,,,,,unknown,,candidate,a heavy collision de-excites the manifold; the rate depends strongly on which partner it is
cand_SO2F2_v_SF4_v_vt,SO2F2_v + SF4_v -> SO2F2 + SF4_v,neutral_neutral,vibrational_relaxation,4,rate_coefficient,0.0,,,,,,,unknown,,candidate,a heavy collision de-excites the manifold; the rate depends strongly on which partner it is
cand_SO2F2_v_SF5_vt,SO2F2_v + SF5 -> SO2F2 + SF5,neutral_neutral,vibrational_relaxation,4,rate_coefficient,0.0,,,,,,,unknown,,candidate,a heavy collision de-excites the manifold; the rate depends strongly on which partner it is
cand_SO2F2_v_SF5*_vt,SO2F2_v + SF5* -> SO2F2 + SF5*,neutral_neutral,vibrational_relaxation,4,rate_coefficient,0.0,,,,,,,unknown,,candidate,a heavy collision de-excites the manifold; the rate depends strongly on which partner it is
cand_SO2F2_v_SF5_v_vt,SO2F2_v + SF5_v -> SO2F2 + SF5_v,neutral_neutral,vibrational_relaxation,4,rate_coefficient,0.0,,,,,,,unknown,,candidate,a heavy collision de-excites the manifold; the rate depends strongly on which partner it is
cand_SO2F2_v_SF6_vt,SO2F2_v + SF6 -> SO2F2 + SF6,neutral_neutral,vibrational_relaxation,4,rate_coefficient,0.0,,,,,,,unknown,,candidate,a heavy collision de-excites the manifold; the rate depends strongly on which partner it is
cand_SO2F2_v_SF6*_vt,SO2F2_v + SF6* -> SO2F2 + SF6*,neutral_neutral,vibrational_relaxation,4,rate_coefficient,0.0,,,,,,,unknown,,candidate,a heavy collision de-excites the manifold; the rate depends strongly on which partner it is
cand_SO2F2_v_SF6_v_vt,SO2F2_v + SF6_v -> SO2F2 + SF6_v,neutral_neutral,vibrational_relaxation,4,rate_coefficient,0.0,,,,,,,unknown,,candidate,a heavy collision de-excites the manifold; the rate depends strongly on which partner it is
cand_SO2F2_v_SF_v_vt,SO2F2_v + SF_v -> SO2F2 + SF_v,neutral_neutral,vibrational_relaxation,4,rate_coefficient,0.0,,,,,,,unknown,,candidate,a heavy collision de-excites the manifold; the rate depends strongly on which partner it is
cand_SO2F2_v_SO_vt,SO2F2_v + SO -> SO2F2 + SO,neutral_neutral,vibrational_relaxation,4,rate_coefficient,0.0,,,,,,,unknown,,candidate,a heavy collision de-excites the manifold; the rate depends strongly on which partner it is
cand_SO2F2_v_SO*_vt,SO2F2_v + SO* -> SO2F2 + SO*,neutral_neutral,vibrational_relaxation,4,rate_coefficient,0.0,,,,,,,unknown,,candidate,a heavy collision de-excites the manifold; the rate depends strongly on which partner it is
cand_SO2F2_v_SO2_vt,SO2F2_v + SO2 -> SO2F2 + SO2,neutral_neutral,vibrational_relaxation,4,rate_coefficient,0.0,,,,,,,unknown,,candidate,a heavy collision de-excites the manifold; the rate depends strongly on which partner it is
cand_SO2F2_v_SO2*_vt,SO2F2_v + SO2* -> SO2F2 + SO2*,neutral_neutral,vibrational_relaxation,4,rate_coefficient,0.0,,,,,,,unknown,,candidate,a heavy collision de-excites the manifold; the rate depends strongly on which partner it is
cand_SO2F2_v_SO2F2_vt,SO2F2_v + SO2F2 -> SO2F2 + SO2F2,neutral_neutral,vibrational_relaxation,4,rate_coefficient,0.0,,,,,,,unknown,,candidate,a heavy collision de-excites the manifold; the rate depends strongly on which partner it is
cand_SO2F2_v_SO2F2*_vt,SO2F2_v + SO2F2* -> SO2F2 + SO2F2*,neutral_neutral,vibrational_relaxation,4,rate_coefficient,0.0,,,,,,,unknown,,candidate,a heavy collision de-excites the manifold; the rate depends strongly on which partner it is
cand_SO2F2_v_SO2_v_vt,SO2F2_v + SO2_v -> SO2F2 + SO2_v,neutral_neutral,vibrational_relaxation,4,rate_coefficient,0.0,,,,,,,unknown,,candidate,a heavy collision de-excites the manifold; the rate depends strongly on which partner it is
cand_SO2F2_v_SOF_vt,SO2F2_v + SOF -> SO2F2 + SOF,neutral_neutral,vibrational_relaxation,4,rate_coefficient,0.0,,,,,,,unknown,,candidate,a heavy collision de-excites the manifold; the rate depends strongly on which partner it is
cand_SO2F2_v_SOF*_vt,SO2F2_v + SOF* -> SO2F2 + SOF*,neutral_neutral,vibrational_relaxation,4,rate_coefficient,0.0,,,,,,,unknown,,candidate,a heavy collision de-excites the manifold; the rate depends strongly on which partner it is
cand_SO2F2_v_SOF2_vt,SO2F2_v + SOF2 -> SO2F2 + SOF2,neutral_neutral,vibrational_relaxation,4,rate_coefficient,0.0,,,,,,,unknown,,candidate,a heavy collision de-excites the manifold; the rate depends strongly on which partner it is
cand_SO2F2_v_SOF2*_vt,SO2F2_v + SOF2* -> SO2F2 + SOF2*,neutral_neutral,vibrational_relaxation,4,rate_coefficient,0.0,,,,,,,unknown,,candidate,a heavy collision de-excites the manifold; the rate depends strongly on which partner it is
cand_SO2F2_v_SOF2_v_vt,SO2F2_v + SOF2_v -> SO2F2 + SOF2_v,neutral_neutral,vibrational_relaxation,4,rate_coefficient,0.0,,,,,,,unknown,,candidate,a heavy collision de-excites the manifold; the rate depends strongly on which partner it is
cand_SO2F2_v_SOF3_vt,SO2F2_v + SOF3 -> SO2F2 + SOF3,neutral_neutral,vibrational_relaxation,4,rate_coefficient,0.0,,,,,,,unknown,,candidate,a heavy collision de-excites the manifold; the rate depends strongly on which partner it is
cand_SO2F2_v_SOF3*_vt,SO2F2_v + SOF3* -> SO2F2 + SOF3*,neutral_neutral,vibrational_relaxation,4,rate_coefficient,0.0,,,,,,,unknown,,candidate,a heavy collision de-excites the manifold; the rate depends strongly on which partner it is
cand_SO2F2_v_SOF3_v_vt,SO2F2_v + SOF3_v -> SO2F2 + SOF3_v,neutral_neutral,vibrational_relaxation,4,rate_coefficient,0.0,,,,,,,unknown,,candidate,a heavy collision de-excites the manifold; the rate depends strongly on which partner it is
cand_SO2F2_v_SOF4_vt,SO2F2_v + SOF4 -> SO2F2 + SOF4,neutral_neutral,vibrational_relaxation,4,rate_coefficient,0.0,,,,,,,unknown,,candidate,a heavy collision de-excites the manifold; the rate depends strongly on which partner it is
cand_SO2F2_v_SOF4*_vt,SO2F2_v + SOF4* -> SO2F2 + SOF4*,neutral_neutral,vibrational_relaxation,4,rate_coefficient,0.0,,,,,,,unknown,,candidate,a heavy collision de-excites the manifold; the rate depends strongly on which partner it is
cand_SO2F2_v_SOF4_v_vt,SO2F2_v + SOF4_v -> SO2F2 + SOF4_v,neutral_neutral,vibrational_relaxation,4,rate_coefficient,0.0,,,,,,,unknown,,candidate,a heavy collision de-excites the manifold; the rate depends strongly on which partner it is
cand_SO2F2_v_SOF_v_vt,SO2F2_v + SOF_v -> SO2F2 + SOF_v,neutral_neutral,vibrational_relaxation,4,rate_coefficient,0.0,,,,,,,unknown,,candidate,a heavy collision de-excites the manifold; the rate depends strongly on which partner it is
cand_SO2F2_v_SO_v_vt,SO2F2_v + SO_v -> SO2F2 + SO_v,neutral_neutral,vibrational_relaxation,4,rate_coefficient,0.0,,,,,,,unknown,,candidate,a heavy collision de-excites the manifold; the rate depends strongly on which partner it is
cand_SO2F2_v_S_1D_vt,SO2F2_v + S_1D -> SO2F2 + S_1D,neutral_neutral,vibrational_relaxation,4,rate_coefficient,0.0,,,,,,,unknown,,candidate,a heavy collision de-excites the manifold; the rate depends strongly on which partner it is
cand_SO2F2_v_S_1S_vt,SO2F2_v + S_1S -> SO2F2 + S_1S,neutral_neutral,vibrational_relaxation,4,rate_coefficient,0.0,,,,,,,unknown,,candidate,a heavy collision de-excites the manifold; the rate depends strongly on which partner it is
cand_SO2_v_Ar_vt,SO2_v + Ar -> SO2 + Ar,neutral_neutral,vibrational_relaxation,4,rate_coefficient,0.0,,,,,,,unknown,,candidate,a heavy collision de-excites the manifold; the rate depends strongly on which partner it is
cand_SO2_v_Ar_4s_vt,SO2_v + Ar_4s -> SO2 + Ar_4s,neutral_neutral,vibrational_relaxation,4,rate_coefficient,0.0,,,,,,,unknown,,candidate,a heavy collision de-excites the manifold; the rate depends strongly on which partner it is
cand_SO2_v_F_vt,SO2_v + F -> SO2 + F,neutral_neutral,vibrational_relaxation,4,rate_coefficient,0.0,,,,,,,unknown,,candidate,a heavy collision de-excites the manifold; the rate depends strongly on which partner it is
cand_SO2_v_F*_vt,SO2_v + F* -> SO2 + F*,neutral_neutral,vibrational_relaxation,4,rate_coefficient,0.0,,,,,,,unknown,,candidate,a heavy collision de-excites the manifold; the rate depends strongly on which partner it is
cand_SO2_v_F2_vt,SO2_v + F2 -> SO2 + F2,neutral_neutral,vibrational_relaxation,4,rate_coefficient,0.0,,,,,,,unknown,,candidate,a heavy collision de-excites the manifold; the rate depends strongly on which partner it is
cand_SO2_v_F2*_vt,SO2_v + F2* -> SO2 + F2*,neutral_neutral,vibrational_relaxation,4,rate_coefficient,0.0,,,,,,,unknown,,candidate,a heavy collision de-excites the manifold; the rate depends strongly on which partner it is
cand_SO2_v_F2_v_vt,SO2_v + F2_v -> SO2 + F2_v,neutral_neutral,vibrational_relaxation,4,rate_coefficient,0.0,,,,,,,unknown,,candidate,a heavy collision de-excites the manifold; the rate depends strongly on which partner it is
cand_SO2_v_FO_vt,SO2_v + FO -> SO2 + FO,neutral_neutral,vibrational_relaxation,4,rate_coefficient,0.0,,,,,,,unknown,,candidate,a heavy collision de-excites the manifold; the rate depends strongly on which partner it is
cand_SO2_v_FO*_vt,SO2_v + FO* -> SO2 + FO*,neutral_neutral,vibrational_relaxation,4,rate_coefficient,0.0,,,,,,,unknown,,candidate,a heavy collision de-excites the manifold; the rate depends strongly on which partner it is
cand_SO2_v_FO_v_vt,SO2_v + FO_v -> SO2 + FO_v,neutral_neutral,vibrational_relaxation,4,rate_coefficient,0.0,,,,,,,unknown,,candidate,a heavy collision de-excites the manifold; the rate depends strongly on which partner it is
cand_SO2_v_O_vt,SO2_v + O -> SO2 + O,neutral_neutral,vibrational_relaxation,4,rate_coefficient,0.0,,,,,,,unknown,,candidate,a heavy collision de-excites the manifold; the rate depends strongly on which partner it is
cand_SO2_v_O2_vt,SO2_v + O2 -> SO2 + O2,neutral_neutral,vibrational_relaxation,4,rate_coefficient,0.0,,,,,,,unknown,,candidate,a heavy collision de-excites the manifold; the rate depends strongly on which partner it is
cand_SO2_v_O2_a1Delta_vt,SO2_v + O2_a1Delta -> SO2 + O2_a1Delta,neutral_neutral,vibrational_relaxation,4,rate_coefficient,0.0,,,,,,,unknown,,candidate,a heavy collision de-excites the manifold; the rate depends strongly on which partner it is
cand_SO2_v_O2_b1Sigma_vt,SO2_v + O2_b1Sigma -> SO2 + O2_b1Sigma,neutral_neutral,vibrational_relaxation,4,rate_coefficient,0.0,,,,,,,unknown,,candidate,a heavy collision de-excites the manifold; the rate depends strongly on which partner it is
cand_SO2_v_O2_v_vt,SO2_v + O2_v -> SO2 + O2_v,neutral_neutral,vibrational_relaxation,4,rate_coefficient,0.0,,,,,,,unknown,,candidate,a heavy collision de-excites the manifold; the rate depends strongly on which partner it is
cand_SO2_v_O_1D_vt,SO2_v + O_1D -> SO2 + O_1D,neutral_neutral,vibrational_relaxation,4,rate_coefficient,0.0,,,,,,,unknown,,candidate,a heavy collision de-excites the manifold; the rate depends strongly on which partner it is
cand_SO2_v_O_1S_vt,SO2_v + O_1S -> SO2 + O_1S,neutral_neutral,vibrational_relaxation,4,rate_coefficient,0.0,,,,,,,unknown,,candidate,a heavy collision de-excites the manifold; the rate depends strongly on which partner it is
cand_SO2_v_S_vt,SO2_v + S -> SO2 + S,neutral_neutral,vibrational_relaxation,4,rate_coefficient,0.0,,,,,,,unknown,,candidate,a heavy collision de-excites the manifold; the rate depends strongly on which partner it is
cand_SO2_v_SF_vt,SO2_v + SF -> SO2 + SF,neutral_neutral,vibrational_relaxation,4,rate_coefficient,0.0,,,,,,,unknown,,candidate,a heavy collision de-excites the manifold; the rate depends strongly on which partner it is
cand_SO2_v_SF*_vt,SO2_v + SF* -> SO2 + SF*,neutral_neutral,vibrational_relaxation,4,rate_coefficient,0.0,,,,,,,unknown,,candidate,a heavy collision de-excites the manifold; the rate depends strongly on which partner it is
cand_SO2_v_SF2_vt,SO2_v + SF2 -> SO2 + SF2,neutral_neutral,vibrational_relaxation,4,rate_coefficient,0.0,,,,,,,unknown,,candidate,a heavy collision de-excites the manifold; the rate depends strongly on which partner it is
cand_SO2_v_SF2*_vt,SO2_v + SF2* -> SO2 + SF2*,neutral_neutral,vibrational_relaxation,4,rate_coefficient,0.0,,,,,,,unknown,,candidate,a heavy collision de-excites the manifold; the rate depends strongly on which partner it is
cand_SO2_v_SF2_v_vt,SO2_v + SF2_v -> SO2 + SF2_v,neutral_neutral,vibrational_relaxation,4,rate_coefficient,0.0,,,,,,,unknown,,candidate,a heavy collision de-excites the manifold; the rate depends strongly on which partner it is
cand_SO2_v_SF3_vt,SO2_v + SF3 -> SO2 + SF3,neutral_neutral,vibrational_relaxation,4,rate_coefficient,0.0,,,,,,,unknown,,candidate,a heavy collision de-excites the manifold; the rate depends strongly on which partner it is
cand_SO2_v_SF3*_vt,SO2_v + SF3* -> SO2 + SF3*,neutral_neutral,vibrational_relaxation,4,rate_coefficient,0.0,,,,,,,unknown,,candidate,a heavy collision de-excites the manifold; the rate depends strongly on which partner it is
cand_SO2_v_SF3_v_vt,SO2_v + SF3_v -> SO2 + SF3_v,neutral_neutral,vibrational_relaxation,4,rate_coefficient,0.0,,,,,,,unknown,,candidate,a heavy collision de-excites the manifold; the rate depends strongly on which partner it is
cand_SO2_v_SF4_vt,SO2_v + SF4 -> SO2 + SF4,neutral_neutral,vibrational_relaxation,4,rate_coefficient,0.0,,,,,,,unknown,,candidate,a heavy collision de-excites the manifold; the rate depends strongly on which partner it is
cand_SO2_v_SF4*_vt,SO2_v + SF4* -> SO2 + SF4*,neutral_neutral,vibrational_relaxation,4,rate_coefficient,0.0,,,,,,,unknown,,candidate,a heavy collision de-excites the manifold; the rate depends strongly on which partner it is
cand_SO2_v_SF4_v_vt,SO2_v + SF4_v -> SO2 + SF4_v,neutral_neutral,vibrational_relaxation,4,rate_coefficient,0.0,,,,,,,unknown,,candidate,a heavy collision de-excites the manifold; the rate depends strongly on which partner it is
cand_SO2_v_SF5_vt,SO2_v + SF5 -> SO2 + SF5,neutral_neutral,vibrational_relaxation,4,rate_coefficient,0.0,,,,,,,unknown,,candidate,a heavy collision de-excites the manifold; the rate depends strongly on which partner it is
cand_SO2_v_SF5*_vt,SO2_v + SF5* -> SO2 + SF5*,neutral_neutral,vibrational_relaxation,4,rate_coefficient,0.0,,,,,,,unknown,,candidate,a heavy collision de-excites the manifold; the rate depends strongly on which partner it is
cand_SO2_v_SF5_v_vt,SO2_v + SF5_v -> SO2 + SF5_v,neutral_neutral,vibrational_relaxation,4,rate_coefficient,0.0,,,,,,,unknown,,candidate,a heavy collision de-excites the manifold; the rate depends strongly on which partner it is
cand_SO2_v_SF6_vt,SO2_v + SF6 -> SO2 + SF6,neutral_neutral,vibrational_relaxation,4,rate_coefficient,0.0,,,,,,,unknown,,candidate,a heavy collision de-excites the manifold; the rate depends strongly on which partner it is
cand_SO2_v_SF6*_vt,SO2_v + SF6* -> SO2 + SF6*,neutral_neutral,vibrational_relaxation,4,rate_coefficient,0.0,,,,,,,unknown,,candidate,a heavy collision de-excites the manifold; the rate depends strongly on which partner it is
cand_SO2_v_SF6_v_vt,SO2_v + SF6_v -> SO2 + SF6_v,neutral_neutral,vibrational_relaxation,4,rate_coefficient,0.0,,,,,,,unknown,,candidate,a heavy collision de-excites the manifold; the rate depends strongly on which partner it is
cand_SO2_v_SF_v_vt,SO2_v + SF_v -> SO2 + SF_v,neutral_neutral,vibrational_relaxation,4,rate_coefficient,0.0,,,,,,,unknown,,candidate,a heavy collision de-excites the manifold; the rate depends strongly on which partner it is
cand_SO2_v_SO_vt,SO2_v + SO -> SO2 + SO,neutral_neutral,vibrational_relaxation,4,rate_coefficient,0.0,,,,,,,unknown,,candidate,a heavy collision de-excites the manifold; the rate depends strongly on which partner it is
cand_SO2_v_SO*_vt,SO2_v + SO* -> SO2 + SO*,neutral_neutral,vibrational_relaxation,4,rate_coefficient,0.0,,,,,,,unknown,,candidate,a heavy collision de-excites the manifold; the rate depends strongly on which partner it is
cand_SO2_v_SO2_vt,SO2_v + SO2 -> SO2 + SO2,neutral_neutral,vibrational_relaxation,4,rate_coefficient,0.0,,,,,,,unknown,,candidate,a heavy collision de-excites the manifold; the rate depends strongly on which partner it is
cand_SO2_v_SO2*_vt,SO2_v + SO2* -> SO2 + SO2*,neutral_neutral,vibrational_relaxation,4,rate_coefficient,0.0,,,,,,,unknown,,candidate,a heavy collision de-excites the manifold; the rate depends strongly on which partner it is
cand_SO2_v_SO2F2_vt,SO2_v + SO2F2 -> SO2 + SO2F2,neutral_neutral,vibrational_relaxation,4,rate_coefficient,0.0,,,,,,,unknown,,candidate,a heavy collision de-excites the manifold; the rate depends strongly on which partner it is
cand_SO2_v_SO2F2*_vt,SO2_v + SO2F2* -> SO2 + SO2F2*,neutral_neutral,vibrational_relaxation,4,rate_coefficient,0.0,,,,,,,unknown,,candidate,a heavy collision de-excites the manifold; the rate depends strongly on which partner it is
cand_SO2_v_SO2F2_v_vt,SO2_v + SO2F2_v -> SO2 + SO2F2_v,neutral_neutral,vibrational_relaxation,4,rate_coefficient,0.0,,,,,,,unknown,,candidate,a heavy collision de-excites the manifold; the rate depends strongly on which partner it is
cand_SO2_v_SOF_vt,SO2_v + SOF -> SO2 + SOF,neutral_neutral,vibrational_relaxation,4,rate_coefficient,0.0,,,,,,,unknown,,candidate,a heavy collision de-excites the manifold; the rate depends strongly on which partner it is
cand_SO2_v_SOF*_vt,SO2_v + SOF* -> SO2 + SOF*,neutral_neutral,vibrational_relaxation,4,rate_coefficient,0.0,,,,,,,unknown,,candidate,a heavy collision de-excites the manifold; the rate depends strongly on which partner it is
cand_SO2_v_SOF2_vt,SO2_v + SOF2 -> SO2 + SOF2,neutral_neutral,vibrational_relaxation,4,rate_coefficient,0.0,,,,,,,unknown,,candidate,a heavy collision de-excites the manifold; the rate depends strongly on which partner it is
cand_SO2_v_SOF2*_vt,SO2_v + SOF2* -> SO2 + SOF2*,neutral_neutral,vibrational_relaxation,4,rate_coefficient,0.0,,,,,,,unknown,,candidate,a heavy collision de-excites the manifold; the rate depends strongly on which partner it is
cand_SO2_v_SOF2_v_vt,SO2_v + SOF2_v -> SO2 + SOF2_v,neutral_neutral,vibrational_relaxation,4,rate_coefficient,0.0,,,,,,,unknown,,candidate,a heavy collision de-excites the manifold; the rate depends strongly on which partner it is
cand_SO2_v_SOF3_vt,SO2_v + SOF3 -> SO2 + SOF3,neutral_neutral,vibrational_relaxation,4,rate_coefficient,0.0,,,,,,,unknown,,candidate,a heavy collision de-excites the manifold; the rate depends strongly on which partner it is
cand_SO2_v_SOF3*_vt,SO2_v + SOF3* -> SO2 + SOF3*,neutral_neutral,vibrational_relaxation,4,rate_coefficient,0.0,,,,,,,unknown,,candidate,a heavy collision de-excites the manifold; the rate depends strongly on which partner it is
cand_SO2_v_SOF3_v_vt,SO2_v + SOF3_v -> SO2 + SOF3_v,neutral_neutral,vibrational_relaxation,4,rate_coefficient,0.0,,,,,,,unknown,,candidate,a heavy collision de-excites the manifold; the rate depends strongly on which partner it is
cand_SO2_v_SOF4_vt,SO2_v + SOF4 -> SO2 + SOF4,neutral_neutral,vibrational_relaxation,4,rate_coefficient,0.0,,,,,,,unknown,,candidate,a heavy collision de-excites the manifold; the rate depends strongly on which partner it is
cand_SO2_v_SOF4*_vt,SO2_v + SOF4* -> SO2 + SOF4*,neutral_neutral,vibrational_relaxation,4,rate_coefficient,0.0,,,,,,,unknown,,candidate,a heavy collision de-excites the manifold; the rate depends strongly on which partner it is
cand_SO2_v_SOF4_v_vt,SO2_v + SOF4_v -> SO2 + SOF4_v,neutral_neutral,vibrational_relaxation,4,rate_coefficient,0.0,,,,,,,unknown,,candidate,a heavy collision de-excites the manifold; the rate depends strongly on which partner it is
cand_SO2_v_SOF_v_vt,SO2_v + SOF_v -> SO2 + SOF_v,neutral_neutral,vibrational_relaxation,4,rate_coefficient,0.0,,,,,,,unknown,,candidate,a heavy collision de-excites the manifold; the rate depends strongly on which partner it is
cand_SO2_v_SO_v_vt,SO2_v + SO_v -> SO2 + SO_v,neutral_neutral,vibrational_relaxation,4,rate_coefficient,0.0,,,,,,,unknown,,candidate,a heavy collision de-excites the manifold; the rate depends strongly on which partner it is
cand_SO2_v_S_1D_vt,SO2_v + S_1D -> SO2 + S_1D,neutral_neutral,vibrational_relaxation,4,rate_coefficient,0.0,,,,,,,unknown,,candidate,a heavy collision de-excites the manifold; the rate depends strongly on which partner it is
cand_SO2_v_S_1S_vt,SO2_v + S_1S -> SO2 + S_1S,neutral_neutral,vibrational_relaxation,4,rate_coefficient,0.0,,,,,,,unknown,,candidate,a heavy collision de-excites the manifold; the rate depends strongly on which partner it is
cand_SOF2_v_SO2*_vt,SOF2_v + SO2* -> SOF2 + SO2*,neutral_neutral,vibrational_relaxation,4,rate_coefficient,0.0,,,,,,,unknown,,candidate,a heavy collision de-excites the manifold; the rate depends strongly on which partner it is
cand_SOF2_v_SO2F2*_vt,SOF2_v + SO2F2* -> SOF2 + SO2F2*,neutral_neutral,vibrational_relaxation,4,rate_coefficient,0.0,,,,,,,unknown,,candidate,a heavy collision de-excites the manifold; the rate depends strongly on which partner it is
cand_SOF2_v_SO2F2_v_vt,SOF2_v + SO2F2_v -> SOF2 + SO2F2_v,neutral_neutral,vibrational_relaxation,4,rate_coefficient,0.0,,,,,,,unknown,,candidate,a heavy collision de-excites the manifold; the rate depends strongly on which partner it is
cand_SOF2_v_SO2_v_vt,SOF2_v + SO2_v -> SOF2 + SO2_v,neutral_neutral,vibrational_relaxation,4,rate_coefficient,0.0,,,,,,,unknown,,candidate,a heavy collision de-excites the manifold; the rate depends strongly on which partner it is
cand_SOF3_v_SO2*_vt,SOF3_v + SO2* -> SOF3 + SO2*,neutral_neutral,vibrational_relaxation,4,rate_coefficient,0.0,,,,,,,unknown,,candidate,a heavy collision de-excites the manifold; the rate depends strongly on which partner it is
cand_SOF3_v_SO2F2*_vt,SOF3_v + SO2F2* -> SOF3 + SO2F2*,neutral_neutral,vibrational_relaxation,4,rate_coefficient,0.0,,,,,,,unknown,,candidate,a heavy collision de-excites the manifold; the rate depends strongly on which partner it is
cand_SOF3_v_SO2F2_v_vt,SOF3_v + SO2F2_v -> SOF3 + SO2F2_v,neutral_neutral,vibrational_relaxation,4,rate_coefficient,0.0,,,,,,,unknown,,candidate,a heavy collision de-excites the manifold; the rate depends strongly on which partner it is
cand_SOF3_v_SO2_v_vt,SOF3_v + SO2_v -> SOF3 + SO2_v,neutral_neutral,vibrational_relaxation,4,rate_coefficient,0.0,,,,,,,unknown,,candidate,a heavy collision de-excites the manifold; the rate depends strongly on which partner it is
cand_SOF4_v_SO2*_vt,SOF4_v + SO2* -> SOF4 + SO2*,neutral_neutral,vibrational_relaxation,4,rate_coefficient,0.0,,,,,,,unknown,,candidate,a heavy collision de-excites the manifold; the rate depends strongly on which partner it is
cand_SOF4_v_SO2F2*_vt,SOF4_v + SO2F2* -> SOF4 + SO2F2*,neutral_neutral,vibrational_relaxation,4,rate_coefficient,0.0,,,,,,,unknown,,candidate,a heavy collision de-excites the manifold; the rate depends strongly on which partner it is
cand_SOF4_v_SO2F2_v_vt,SOF4_v + SO2F2_v -> SOF4 + SO2F2_v,neutral_neutral,vibrational_relaxation,4,rate_coefficient,0.0,,,,,,,unknown,,candidate,a heavy collision de-excites the manifold; the rate depends strongly on which partner it is
cand_SOF4_v_SO2_v_vt,SOF4_v + SO2_v -> SOF4 + SO2_v,neutral_neutral,vibrational_relaxation,4,rate_coefficient,0.0,,,,,,,unknown,,candidate,a heavy collision de-excites the manifold; the rate depends strongly on which partner it is
cand_SOF_v_SO2*_vt,SOF_v + SO2* -> SOF + SO2*,neutral_neutral,vibrational_relaxation,4,rate_coefficient,0.0,,,,,,,unknown,,candidate,a heavy collision de-excites the manifold; the rate depends strongly on which partner it is
cand_SOF_v_SO2F2*_vt,SOF_v + SO2F2* -> SOF + SO2F2*,neutral_neutral,vibrational_relaxation,4,rate_coefficient,0.0,,,,,,,unknown,,candidate,a heavy collision de-excites the manifold; the rate depends strongly on which partner it is
cand_SOF_v_SO2F2_v_vt,SOF_v + SO2F2_v -> SOF + SO2F2_v,neutral_neutral,vibrational_relaxation,4,rate_coefficient,0.0,,,,,,,unknown,,candidate,a heavy collision de-excites the manifold; the rate depends strongly on which partner it is
cand_SOF_v_SO2_v_vt,SOF_v + SO2_v -> SOF + SO2_v,neutral_neutral,vibrational_relaxation,4,rate_coefficient,0.0,,,,,,,unknown,,candidate,a heavy collision de-excites the manifold; the rate depends strongly on which partner it is
cand_SO_v_SO2*_vt,SO_v + SO2* -> SO + SO2*,neutral_neutral,vibrational_relaxation,4,rate_coefficient,0.0,,,,,,,unknown,,candidate,a heavy collision de-excites the manifold; the rate depends strongly on which partner it is
cand_SO_v_SO2F2*_vt,SO_v + SO2F2* -> SO + SO2F2*,neutral_neutral,vibrational_relaxation,4,rate_coefficient,0.0,,,,,,,unknown,,candidate,a heavy collision de-excites the manifold; the rate depends strongly on which partner it is
cand_SO_v_SO2F2_v_vt,SO_v + SO2F2_v -> SO + SO2F2_v,neutral_neutral,vibrational_relaxation,4,rate_coefficient,0.0,,,,,,,unknown,,candidate,a heavy collision de-excites the manifold; the rate depends strongly on which partner it is
cand_SO_v_SO2_v_vt,SO_v + SO2_v -> SO + SO2_v,neutral_neutral,vibrational_relaxation,4,rate_coefficient,0.0,,,,,,,unknown,,candidate,a heavy collision de-excites the manifold; the rate depends strongly on which partner it is
cand_Arp_SO2*_diss_Ar_Sp_O2,Ar+ + SO2* -> Ar + S+ + O2,ion_neutral,dissociative_charge_transfer,4,rate_coefficient,0.5494910000000002,,,,,,,unknown,,candidate,"delta H = +0.55 eV from formation enthalpies, with ion enthalpies built from the ionization energy"
cand_Arp_SO2F2*_diss_Ar_SF2p_O2,Ar+ + SO2F2* -> Ar + SF2+ + O2,ion_neutral,dissociative_charge_transfer,4,rate_coefficient,0.0,,,,,,,unknown,,candidate,"delta H = -0.17 eV from formation enthalpies, with ion enthalpies built from the ionization energy"
cand_Arp_SO2F2*_diss_Ar_SF2_O2p,Ar+ + SO2F2* -> Ar + SF2 + O2+,ion_neutral,dissociative_charge_transfer,4,rate_coefficient,1.0974489999999975,,,,,,,unknown,,candidate,"delta H = +1.10 eV from formation enthalpies, with ion enthalpies built from the ionization energy"
cand_Arp_SO2F2_v_diss_Ar_SF2p_O2,Ar+ + SO2F2_v -> Ar + SF2+ + O2,ion_neutral,dissociative_charge_transfer,4,rate_coefficient,0.0,,,,,,,unknown,,candidate,"delta H = -0.17 eV from formation enthalpies, with ion enthalpies built from the ionization energy"
cand_Arp_SO2F2_v_diss_Ar_SF2_O2p,Ar+ + SO2F2_v -> Ar + SF2 + O2+,ion_neutral,dissociative_charge_transfer,4,rate_coefficient,1.0974489999999975,,,,,,,unknown,,candidate,"delta H = +1.10 eV from formation enthalpies, with ion enthalpies built from the ionization energy"
cand_Arp_SO2_v_diss_Ar_Sp_O2,Ar+ + SO2_v -> Ar + S+ + O2,ion_neutral,dissociative_charge_transfer,4,rate_coefficient,0.5494910000000002,,,,,,,unknown,,candidate,"delta H = +0.55 eV from formation enthalpies, with ion enthalpies built from the ionization energy"
cand_Fp_SO2*_diss_F_SO_Op,F+ + SO2* -> F + SO + O+,ion_neutral,dissociative_charge_transfer,4,rate_coefficient,1.9196602746858233,,,,,,,unknown,,candidate,"delta H = +1.92 eV from formation enthalpies, with ion enthalpies built from the ionization energy"
cand_Fp_SO2*_diss_F_Sp_O2,F+ + SO2* -> F + S+ + O2,ion_neutral,dissociative_charge_transfer,4,rate_coefficient,0.0,,,,,,,unknown,,candidate,"delta H = -1.11 eV from formation enthalpies, with ion enthalpies built from the ionization energy"
cand_Fp_SO2*_diss_F_S_O2p,F+ + SO2* -> F + S + O2+,ion_neutral,dissociative_charge_transfer,4,rate_coefficient,0.5959092746858219,,,,,,,unknown,,candidate,"delta H = +0.60 eV from formation enthalpies, with ion enthalpies built from the ionization energy"
cand_Fp_SO2F2*_diss_F_SOF2_Op,F+ + SO2F2* -> F + SOF2 + O+,ion_neutral,dissociative_charge_transfer,4,rate_coefficient,1.002836274685821,,,,,,,unknown,,candidate,"delta H = +1.00 eV from formation enthalpies, with ion enthalpies built from the ionization energy"
cand_Fp_SO2F2*_diss_F_SF2p_O2,F+ + SO2F2* -> F + SF2+ + O2,ion_neutral,dissociative_charge_transfer,4,rate_coefficient,0.0,,,,,,,unknown,,candidate,"delta H = -1.84 eV from formation enthalpies, with ion enthalpies built from the ionization energy"
cand_Fp_SO2F2*_diss_F_SF2_O2p,F+ + SO2F2* -> F + SF2 + O2+,ion_neutral,dissociative_charge_transfer,4,rate_coefficient,0.0,,,,,,,unknown,,candidate,"delta H = -0.57 eV from formation enthalpies, with ion enthalpies built from the ionization energy"
cand_Fp_SO2F2_v_diss_F_SOF2_Op,F+ + SO2F2_v -> F + SOF2 + O+,ion_neutral,dissociative_charge_transfer,4,rate_coefficient,1.002836274685821,,,,,,,unknown,,candidate,"delta H = +1.00 eV from formation enthalpies, with ion enthalpies built from the ionization energy"
cand_Fp_SO2F2_v_diss_F_SF2p_O2,F+ + SO2F2_v -> F + SF2+ + O2,ion_neutral,dissociative_charge_transfer,4,rate_coefficient,0.0,,,,,,,unknown,,candidate,"delta H = -1.84 eV from formation enthalpies, with ion enthalpies built from the ionization energy"
cand_Fp_SO2F2_v_diss_F_SF2_O2p,F+ + SO2F2_v -> F + SF2 + O2+,ion_neutral,dissociative_charge_transfer,4,rate_coefficient,0.0,,,,,,,unknown,,candidate,"delta H = -0.57 eV from formation enthalpies, with ion enthalpies built from the ionization energy"
cand_Fp_SO2_v_diss_F_SO_Op,F+ + SO2_v -> F + SO + O+,ion_neutral,dissociative_charge_transfer,4,rate_coefficient,1.9196602746858233,,,,,,,unknown,,candidate,"delta H = +1.92 eV from formation enthalpies, with ion enthalpies built from the ionization energy"
cand_Fp_SO2_v_diss_F_Sp_O2,F+ + SO2_v -> F + S+ + O2,ion_neutral,dissociative_charge_transfer,4,rate_coefficient,0.0,,,,,,,unknown,,candidate,"delta H = -1.11 eV from formation enthalpies, with ion enthalpies built from the ionization energy"
cand_Fp_SO2_v_diss_F_S_O2p,F+ + SO2_v -> F + S + O2+,ion_neutral,dissociative_charge_transfer,4,rate_coefficient,0.5959092746858219,,,,,,,unknown,,candidate,"delta H = +0.60 eV from formation enthalpies, with ion enthalpies built from the ionization energy"
cand_F2p_SO2*_diss_F2_Sp_O2,F2+ + SO2* -> F2 + S+ + O2,ion_neutral,dissociative_charge_transfer,4,rate_coefficient,0.6191010000000015,,,,,,,unknown,,candidate,"delta H = +0.62 eV from formation enthalpies, with ion enthalpies built from the ionization energy"
cand_F2p_SO2F2*_diss_F2_SF2p_O2,F2+ + SO2F2* -> F2 + SF2+ + O2,ion_neutral,dissociative_charge_transfer,4,rate_coefficient,0.0,,,,,,,unknown,,candidate,"delta H = -0.10 eV from formation enthalpies, with ion enthalpies built from the ionization energy"
cand_F2p_SO2F2*_diss_F2_SF2_O2p,F2+ + SO2F2* -> F2 + SF2 + O2+,ion_neutral,dissociative_charge_transfer,4,rate_coefficient,1.1670589999999992,,,,,,,unknown,,candidate,"delta H = +1.17 eV from formation enthalpies, with ion enthalpies built from the ionization energy"
cand_F2p_SO2F2_v_diss_F2_SF2p_O2,F2+ + SO2F2_v -> F2 + SF2+ + O2,ion_neutral,dissociative_charge_transfer,4,rate_coefficient,0.0,,,,,,,unknown,,candidate,"delta H = -0.10 eV from formation enthalpies, with ion enthalpies built from the ionization energy"
cand_F2p_SO2F2_v_diss_F2_SF2_O2p,F2+ + SO2F2_v -> F2 + SF2 + O2+,ion_neutral,dissociative_charge_transfer,4,rate_coefficient,1.1670589999999992,,,,,,,unknown,,candidate,"delta H = +1.17 eV from formation enthalpies, with ion enthalpies built from the ionization energy"
cand_F2p_SO2_v_diss_F2_Sp_O2,F2+ + SO2_v -> F2 + S+ + O2,ion_neutral,dissociative_charge_transfer,4,rate_coefficient,0.6191010000000015,,,,,,,unknown,,candidate,"delta H = +0.62 eV from formation enthalpies, with ion enthalpies built from the ionization energy"
cand_Op_SO2F2*_diss_O_SF2p_O2,O+ + SO2F2* -> O + SF2+ + O2,ion_neutral,dissociative_charge_transfer,4,rate_coefficient,1.9697809999999993,,,,,,,unknown,,candidate,"delta H = +1.97 eV from formation enthalpies, with ion enthalpies built from the ionization energy"
cand_Op_SO2F2_v_diss_O_SF2p_O2,O+ + SO2F2_v -> O + SF2+ + O2,ion_neutral,dissociative_charge_transfer,4,rate_coefficient,1.9697809999999993,,,,,,,unknown,,candidate,"delta H = +1.97 eV from formation enthalpies, with ion enthalpies built from the ionization energy"
cand_SF2p_SO2F2*_diss_SO2_SF4p,SF2+ + SO2F2* -> SO2 + SF4+,ion_neutral,dissociative_charge_transfer,4,rate_coefficient,1.1503549999999985,,,,,,,unknown,,candidate,"delta H = +1.15 eV from formation enthalpies, with ion enthalpies built from the ionization energy"
cand_SF2p_SO2F2_v_diss_SO2_SF4p,SF2+ + SO2F2_v -> SO2 + SF4+,ion_neutral,dissociative_charge_transfer,4,rate_coefficient,1.1503549999999985,,,,,,,unknown,,candidate,"delta H = +1.15 eV from formation enthalpies, with ion enthalpies built from the ionization energy"
cand_SF4p_SO2*_diss_SO2F2_SF2p,SF4+ + SO2* -> SO2F2 + SF2+,ion_neutral,dissociative_charge_transfer,4,rate_coefficient,0.0,,,,,,,unknown,,candidate,"delta H = -1.15 eV from formation enthalpies, with ion enthalpies built from the ionization energy"
cand_SF4p_SO2_v_diss_SO2F2_SF2p,SF4+ + SO2_v -> SO2F2 + SF2+,ion_neutral,dissociative_charge_transfer,4,rate_coefficient,0.0,,,,,,,unknown,,candidate,"delta H = -1.15 eV from formation enthalpies, with ion enthalpies built from the ionization energy"
cand_SF6p_SO2*_diss_SF5p_F_SO2,SF6+ + SO2* -> SF5+ + F + SO2,ion_neutral,dissociative_charge_transfer,4,rate_coefficient,0.0,,,,,,,unknown,,candidate,"delta H = -1.66 eV from formation enthalpies, with ion enthalpies built from the ionization energy"
cand_SF6p_SO2*_diss_SF4p_F2_SO2,SF6+ + SO2* -> SF4+ + F2 + SO2,ion_neutral,dissociative_charge_transfer,4,rate_coefficient,1.419579999999998,,,,,,,unknown,,candidate,"delta H = +1.42 eV from formation enthalpies, with ion enthalpies built from the ionization energy"
cand_SF6p_SO2*_diss_SF6_Sp_O2,SF6+ + SO2* -> SF6 + S+ + O2,ion_neutral,dissociative_charge_transfer,4,rate_coefficient,0.9891010000000007,,,,,,,unknown,,candidate,"delta H = +0.99 eV from formation enthalpies, with ion enthalpies built from the ionization energy"
cand_SF6p_SO2F2*_diss_SF5p_F_SO2F2,SF6+ + SO2F2* -> SF5+ + F + SO2F2,ion_neutral,dissociative_charge_transfer,4,rate_coefficient,0.0,,,,,,,unknown,,candidate,"delta H = -1.66 eV from formation enthalpies, with ion enthalpies built from the ionization energy"
cand_SF6p_SO2F2*_diss_SF4p_F2_SO2F2,SF6+ + SO2F2* -> SF4+ + F2 + SO2F2,ion_neutral,dissociative_charge_transfer,4,rate_coefficient,1.419579999999998,,,,,,,unknown,,candidate,"delta H = +1.42 eV from formation enthalpies, with ion enthalpies built from the ionization energy"
cand_SF6p_SO2F2*_diss_SF6_SF2p_O2,SF6+ + SO2F2* -> SF6 + SF2+ + O2,ion_neutral,dissociative_charge_transfer,4,rate_coefficient,0.2673589999999999,,,,,,,unknown,,candidate,"delta H = +0.27 eV from formation enthalpies, with ion enthalpies built from the ionization energy"
cand_SF6p_SO2F2*_diss_SF6_SF2_O2p,SF6+ + SO2F2* -> SF6 + SF2 + O2+,ion_neutral,dissociative_charge_transfer,4,rate_coefficient,1.5370589999999984,,,,,,,unknown,,candidate,"delta H = +1.54 eV from formation enthalpies, with ion enthalpies built from the ionization energy"
cand_SF6p_SO2F2_v_diss_SF5p_F_SO2F2,SF6+ + SO2F2_v -> SF5+ + F + SO2F2,ion_neutral,dissociative_charge_transfer,4,rate_coefficient,0.0,,,,,,,unknown,,candidate,"delta H = -1.66 eV from formation enthalpies, with ion enthalpies built from the ionization energy"
cand_SF6p_SO2F2_v_diss_SF4p_F2_SO2F2,SF6+ + SO2F2_v -> SF4+ + F2 + SO2F2,ion_neutral,dissociative_charge_transfer,4,rate_coefficient,1.419579999999998,,,,,,,unknown,,candidate,"delta H = +1.42 eV from formation enthalpies, with ion enthalpies built from the ionization energy"
cand_SF6p_SO2F2_v_diss_SF6_SF2p_O2,SF6+ + SO2F2_v -> SF6 + SF2+ + O2,ion_neutral,dissociative_charge_transfer,4,rate_coefficient,0.2673589999999999,,,,,,,unknown,,candidate,"delta H = +0.27 eV from formation enthalpies, with ion enthalpies built from the ionization energy"
cand_SF6p_SO2F2_v_diss_SF6_SF2_O2p,SF6+ + SO2F2_v -> SF6 + SF2 + O2+,ion_neutral,dissociative_charge_transfer,4,rate_coefficient,1.5370589999999984,,,,,,,unknown,,candidate,"delta H = +1.54 eV from formation enthalpies, with ion enthalpies built from the ionization energy"
cand_SF6p_SO2_v_diss_SF5p_F_SO2,SF6+ + SO2_v -> SF5+ + F + SO2,ion_neutral,dissociative_charge_transfer,4,rate_coefficient,0.0,,,,,,,unknown,,candidate,"delta H = -1.66 eV from formation enthalpies, with ion enthalpies built from the ionization energy"
cand_SF6p_SO2_v_diss_SF4p_F2_SO2,SF6+ + SO2_v -> SF4+ + F2 + SO2,ion_neutral,dissociative_charge_transfer,4,rate_coefficient,1.419579999999998,,,,,,,unknown,,candidate,"delta H = +1.42 eV from formation enthalpies, with ion enthalpies built from the ionization energy"
cand_SF6p_SO2_v_diss_SF6_Sp_O2,SF6+ + SO2_v -> SF6 + S+ + O2,ion_neutral,dissociative_charge_transfer,4,rate_coefficient,0.9891010000000007,,,,,,,unknown,,candidate,"delta H = +0.99 eV from formation enthalpies, with ion enthalpies built from the ionization energy"
