equation,reaction_type,family,process,origin,depth,consistency_verdict,state_verdict,thermochemistry_verdict,reaction_evidence_verdict,kinetics_verdict,delta_h_eV,delta_g_eV,threshold_eV,kinetic_data,selected,exclusion_reason,id
F- + F2 -> F + F2 + e,Collisional electron detachment,ion,collisional_detachment,attested_only,0,pass,pass,pass,pass,pass,3.401129274685823,,,rate_coefficient,true,,rxn_dfc63c7a8750
SF2- + F2 -> SF2 + F2 + e,Collisional electron detachment,ion,collisional_detachment,attested_only,0,pass,pass,unknown,pass,pass,,,,rate_coefficient,true,,rxn_a802ae203deb
SF3- + F2 -> SF3 + F2 + e,Collisional electron detachment,ion,collisional_detachment,attested_only,0,pass,pass,unknown,pass,pass,,,,rate_coefficient,true,,rxn_9c837ac4a14e
SF4- + F2 -> SF4 + F2 + e,Collisional electron detachment,ion,collisional_detachment,attested_only,0,pass,pass,unknown,pass,pass,,,,rate_coefficient,true,,rxn_6cf693b6c8bb
SF5- + F2 -> SF5 + F2 + e,Collisional electron detachment,ion,collisional_detachment,attested_only,0,pass,pass,unknown,pass,pass,,,,rate_coefficient,true,,rxn_a99e2d715e69
SF6- + F2 -> F2 + SF6 + e,Collisional electron detachment,ion,collisional_detachment,attested_only,0,pass,pass,unknown,pass,pass,,,,rate_coefficient,true,,rxn_0e336d3d3763
Ar+ + SF6 -> SF5+ + Ar + F,Dissociative charge transfer,ion,dissociative_charge_transfer,attested_only,0,pass,pass,pass,pass,fail,,-1.206045855050711,,,true,,rxn_20a52b517b95
SF5+ + SF6 -> SF3+ + F2 + SF6,Ion-neutral reactive scattering,ion,reactive_scattering,attested_only,0,pass,pass,pass,pass,pass,,1.5709706474711074,,rate_coefficient,true,,rxn_3bd12e1a5c60
Ar+ + F -> F+ + Ar,Charge exchange,ion,charge_exchange,mechanical,2,pass,pass,pass,unknown,unknown,1.6632717253141767,1.705616646359994,,,true,,rxn_06cb71dde6af
Ar+ + O -> O+ + Ar,Charge exchange,ion,charge_exchange,mechanical,2,pass,pass,pass,unknown,unknown,-2.142031999999999,,,,true,,rxn_baee40490ad8
Ar+ + O2 -> O2+ + Ar,Charge exchange,ion,charge_exchange,mechanical,2,pass,pass,pass,pass,pass,-3.689910000000001,,,rate_coefficient,true,,rxn_2d29145e0f98
Ar+ + SF4 -> SF4+ + Ar,Charge exchange,ion,charge_exchange,mechanical,2,pass,pass,pass,unknown,unknown,,-3.603837977659351,,,true,,rxn_41c0b022ad4b
Ar+ + SF5 -> SF5+ + Ar,Charge exchange,ion,charge_exchange,mechanical,2,pass,pass,pass,unknown,unknown,,-4.543136050397395,,,true,,rxn_af771f38d29a
Ar+ + SF6 -> SF6+ + Ar,Charge exchange,ion,charge_exchange,mechanical,2,pass,unknown,pass,unknown,unknown,,,,,true,,rxn_df472b90f49e
Ar- + F -> F- + Ar,Charge exchange,ion,charge_exchange,mechanical,2,pass,fail,pass,unknown,unknown,,,,,true,,rxn_a8a44e0ec0d6
Ar- + O -> O- + Ar,Charge exchange,ion,charge_exchange,mechanical,2,pass,fail,pass,unknown,unknown,,,,,true,,rxn_1025dffb221c
Ar- + O2 -> O2- + Ar,Charge exchange,ion,charge_exchange,mechanical,2,pass,fail,pass,unknown,unknown,,,,,true,,rxn_19e271a11252
Ar- + SF4 -> SF4- + Ar,Charge exchange,ion,charge_exchange,mechanical,2,pass,fail,pass,unknown,unknown,,,,,true,,rxn_ca4a73f53383
Ar- + SF5 -> SF5- + Ar,Charge exchange,ion,charge_exchange,mechanical,2,pass,fail,pass,unknown,unknown,,,,,true,,rxn_96974b20a6b3
Ar- + SF6 -> SF6- + Ar,Charge exchange,ion,charge_exchange,mechanical,2,pass,fail,pass,unknown,unknown,,,,,true,,rxn_74eb4ddde3b2
F- + Ar -> Ar- + F,Charge exchange,ion,charge_exchange,mechanical,2,pass,fail,pass,unknown,unknown,,,,,true,,rxn_ec473c752d6b
F- + O -> O- + F,Charge exchange,ion,charge_exchange,mechanical,2,pass,pass,pass,unknown,unknown,1.9405522746858233,1.8917737765877098,,,true,,rxn_0f82a3e8a48a
F- + O2 -> O2- + F,Charge exchange,ion,charge_exchange,mechanical,2,pass,pass,pass,unknown,unknown,,,,,true,,rxn_cc5f6f314cc5
F- + SF4 -> SF4- + F,Charge exchange,ion,charge_exchange,mechanical,2,pass,pass,pass,unknown,unknown,,2.061757384344597,,,true,,rxn_06980d626abe
F- + SF5 -> SF5- + F,Charge exchange,ion,charge_exchange,mechanical,2,pass,pass,pass,unknown,unknown,,-0.3734592740222178,,,true,,rxn_6d245133af1c
F- + SF6 -> SF6- + F,Charge exchange,ion,charge_exchange,mechanical,2,pass,pass,pass,unknown,unknown,,2.1013714425417027,,,true,,rxn_b3413db0dea7
F2- + Ar -> Ar- + F2,Charge exchange,ion,charge_exchange,mechanical,2,pass,fail,unknown,unknown,unknown,,,,,true,,rxn_64adb3832196
F2- + F -> F- + F2,Charge exchange,ion,charge_exchange,mechanical,2,pass,pass,unknown,unknown,unknown,,,,,true,,rxn_54c338942507
F2- + O -> O- + F2,Charge exchange,ion,charge_exchange,mechanical,2,pass,pass,unknown,unknown,unknown,,,,,true,,rxn_2e279f8e9223
F2- + O2 -> O2- + F2,Charge exchange,ion,charge_exchange,mechanical,2,pass,pass,unknown,unknown,unknown,,,,,true,,rxn_dd3ed4f4fec0
F2- + SF4 -> SF4- + F2,Charge exchange,ion,charge_exchange,mechanical,2,pass,pass,unknown,unknown,unknown,,,,,true,,rxn_1fb1b3fe2fa9
F2- + SF5 -> SF5- + F2,Charge exchange,ion,charge_exchange,mechanical,2,pass,pass,unknown,unknown,unknown,,,,,true,,rxn_daae65293252
F2- + SF6 -> SF6- + F2,Charge exchange,ion,charge_exchange,mechanical,2,pass,pass,unknown,unknown,unknown,,,,,true,,rxn_a9bbf3c67e64
O+ + Ar -> Ar+ + O,Charge exchange,ion,charge_exchange,mechanical,2,pass,pass,pass,unknown,unknown,2.1420320000000004,,,,true,,rxn_81849ac06cf9
O+ + F -> F+ + O,Charge exchange,ion,charge_exchange,mechanical,2,pass,pass,pass,unknown,unknown,3.8053037253141753,,,,true,,rxn_b446a2989b42
O+ + O2 -> O2+ + O,Charge exchange,ion,charge_exchange,mechanical,2,pass,pass,pass,pass,fail,-1.5478780000000025,,,,true,,rxn_2bf32666fe5b
O+ + SF4 -> SF4+ + O,Charge exchange,ion,charge_exchange,mechanical,2,pass,pass,pass,unknown,unknown,,,,,true,,rxn_6ea01ff6a64f
O+ + SF5 -> SF5+ + O,Charge exchange,ion,charge_exchange,mechanical,2,pass,pass,pass,unknown,unknown,,,,,true,,rxn_d2b08f84b796
O+ + SF6 -> SF6+ + O,Charge exchange,ion,charge_exchange,mechanical,2,pass,unknown,pass,unknown,unknown,,,,,true,,rxn_b71cf0dfaaa3
O- + Ar -> Ar- + O,Charge exchange,ion,charge_exchange,mechanical,2,pass,fail,pass,unknown,unknown,,,,,true,,rxn_5d5111d16a78
O- + F -> F- + O,Charge exchange,ion,charge_exchange,mechanical,2,pass,pass,pass,unknown,unknown,-1.9405522746858233,-1.89177377658771,,,true,,rxn_fb682ccd83fc
O- + O2 -> O2- + O,Charge exchange,ion,charge_exchange,mechanical,2,pass,pass,pass,unknown,unknown,,,,,true,,rxn_b4bebcad19c6
O- + SF4 -> SF4- + O,Charge exchange,ion,charge_exchange,mechanical,2,pass,pass,pass,unknown,unknown,,0.1699836077568876,,,true,,rxn_f4709490bb53
O- + SF5 -> SF5- + O,Charge exchange,ion,charge_exchange,mechanical,2,pass,pass,pass,unknown,unknown,,-2.265233050609927,,,true,,rxn_8961be2cc82c
O- + SF6 -> SF6- + O,Charge exchange,ion,charge_exchange,mechanical,2,pass,pass,pass,unknown,unknown,,0.20959766595399318,,,true,,rxn_747dc721c2e1
O2+ + Ar -> Ar+ + O2,Charge exchange,ion,charge_exchange,mechanical,2,pass,pass,pass,unknown,unknown,3.689910000000001,,,,true,,rxn_88b106712082
O2+ + F -> F+ + O2,Charge exchange,ion,charge_exchange,mechanical,2,pass,pass,pass,unknown,unknown,5.353181725314178,,,,true,,rxn_f9dc24fdc6c8
O2+ + O -> O+ + O2,Charge exchange,ion,charge_exchange,mechanical,2,pass,pass,pass,unknown,unknown,1.547878000000002,,,,true,,rxn_37bbce670254
O2+ + SF4 -> SF4+ + O2,Charge exchange,ion,charge_exchange,mechanical,2,pass,pass,pass,unknown,unknown,,,,,true,,rxn_bae014eddf1b
O2+ + SF5 -> SF5+ + O2,Charge exchange,ion,charge_exchange,mechanical,2,pass,pass,pass,unknown,unknown,,,,,true,,rxn_66d68985132d
O2+ + SF6 -> SF6+ + O2,Charge exchange,ion,charge_exchange,mechanical,2,pass,unknown,pass,unknown,unknown,,,,,true,,rxn_2ce7e8a60c9a
O2- + Ar -> Ar- + O2,Charge exchange,ion,charge_exchange,mechanical,2,pass,fail,pass,unknown,unknown,,,,,true,,rxn_3f735a110e81
O2- + F -> F- + O2,Charge exchange,ion,charge_exchange,mechanical,2,pass,pass,pass,unknown,unknown,,,,,true,,rxn_7e6088f55d3e
O2- + O -> O- + O2,Charge exchange,ion,charge_exchange,mechanical,2,pass,pass,pass,unknown,unknown,,,,,true,,rxn_9806fd0ca7ab
O2- + SF4 -> SF4- + O2,Charge exchange,ion,charge_exchange,mechanical,2,pass,pass,pass,unknown,unknown,,,,,true,,rxn_1813900d0ed0
O2- + SF5 -> SF5- + O2,Charge exchange,ion,charge_exchange,mechanical,2,pass,pass,pass,unknown,unknown,,,,,true,,rxn_a902753ee2ea
O2- + SF6 -> SF6- + O2,Charge exchange,ion,charge_exchange,mechanical,2,pass,pass,pass,unknown,unknown,,,,,true,,rxn_f02db515c6e2
SF4+ + Ar -> Ar+ + SF4,Charge exchange,ion,charge_exchange,mechanical,2,pass,pass,pass,unknown,unknown,,3.6038379776593517,,,true,,rxn_deeafd2a53dd
SF4+ + F -> F+ + SF4,Charge exchange,ion,charge_exchange,mechanical,2,pass,pass,pass,unknown,unknown,,5.309454624019348,,,true,,rxn_fd0553521d54
SF4+ + O -> O+ + SF4,Charge exchange,ion,charge_exchange,mechanical,2,pass,pass,pass,unknown,unknown,,,,,true,,rxn_ea1c418e1115
SF4+ + O2 -> O2+ + SF4,Charge exchange,ion,charge_exchange,mechanical,2,pass,pass,pass,unknown,unknown,,,,,true,,rxn_e05c29ae0587
SF4+ + SF5 -> SF5+ + SF4,Charge exchange,ion,charge_exchange,mechanical,2,pass,pass,pass,unknown,unknown,,-0.9392980727380422,,,true,,rxn_38852a1947f3
SF4+ + SF6 -> SF6+ + SF4,Charge exchange,ion,charge_exchange,mechanical,2,pass,unknown,pass,unknown,unknown,,,,,true,,rxn_f1cd056ba9ab
SF4- + Ar -> Ar- + SF4,Charge exchange,ion,charge_exchange,mechanical,2,pass,fail,pass,unknown,unknown,,,,,true,,rxn_e847715d6cf0
SF4- + F -> F- + SF4,Charge exchange,ion,charge_exchange,mechanical,2,pass,pass,pass,unknown,unknown,,-2.061757384344597,,,true,,rxn_c6c399e525d9
SF4- + O -> O- + SF4,Charge exchange,ion,charge_exchange,mechanical,2,pass,pass,pass,unknown,unknown,,-0.16998360775688787,,,true,,rxn_f82354f9b0f5
SF4- + O2 -> O2- + SF4,Charge exchange,ion,charge_exchange,mechanical,2,pass,pass,pass,unknown,unknown,,,,,true,,rxn_23173a1cade3
SF4- + SF5 -> SF5- + SF4,Charge exchange,ion,charge_exchange,mechanical,2,pass,pass,pass,unknown,unknown,,-2.435216658366813,,,true,,rxn_0f0f62a105a5
SF4- + SF6 -> SF6- + SF4,Charge exchange,ion,charge_exchange,mechanical,2,pass,pass,pass,unknown,unknown,,0.03961405819710585,,,true,,rxn_4fb9abf8b28e
SF5+ + Ar -> Ar+ + SF5,Charge exchange,ion,charge_exchange,mechanical,2,pass,pass,pass,unknown,unknown,,4.543136050397394,,,true,,rxn_6c2e786b29a4
SF5+ + F -> F+ + SF5,Charge exchange,ion,charge_exchange,mechanical,2,pass,pass,pass,unknown,unknown,,6.248752696757389,,,true,,rxn_f2d31af23738
SF5+ + O -> O+ + SF5,Charge exchange,ion,charge_exchange,mechanical,2,pass,pass,pass,unknown,unknown,,,,,true,,rxn_80e34f124e1b
SF5+ + O2 -> O2+ + SF5,Charge exchange,ion,charge_exchange,mechanical,2,pass,pass,pass,unknown,unknown,,,,,true,,rxn_39d00aee1669
SF5+ + SF4 -> SF4+ + SF5,Charge exchange,ion,charge_exchange,mechanical,2,pass,pass,pass,unknown,unknown,,0.9392980727380422,,,true,,rxn_5ad6046c11fd
SF5+ + SF6 -> SF6+ + SF5,Charge exchange,ion,charge_exchange,mechanical,2,pass,unknown,pass,unknown,unknown,,,,,true,,rxn_23da1f393216
SF5- + Ar -> Ar- + SF5,Charge exchange,ion,charge_exchange,mechanical,2,pass,fail,pass,unknown,unknown,,,,,true,,rxn_774da4fc11d0
SF5- + F -> F- + SF5,Charge exchange,ion,charge_exchange,mechanical,2,pass,pass,pass,unknown,unknown,,0.3734592740222178,,,true,,rxn_0bbfed8c2c8b
SF5- + O -> O- + SF5,Charge exchange,ion,charge_exchange,mechanical,2,pass,pass,pass,unknown,unknown,,2.265233050609927,,,true,,rxn_b500ced36db5
SF5- + O2 -> O2- + SF5,Charge exchange,ion,charge_exchange,mechanical,2,pass,pass,pass,unknown,unknown,,,,,true,,rxn_3f81c39f8bd4
SF5- + SF4 -> SF4- + SF5,Charge exchange,ion,charge_exchange,mechanical,2,pass,pass,pass,unknown,unknown,,2.435216658366813,,,true,,rxn_e696eeabba7b
SF5- + SF6 -> SF6- + SF5,Charge exchange,ion,charge_exchange,mechanical,2,pass,pass,pass,unknown,unknown,,2.4748307165639205,,,true,,rxn_546362ac5215
SF6+ + Ar -> Ar+ + SF6,Charge exchange,ion,charge_exchange,mechanical,2,pass,unknown,pass,unknown,unknown,,,,,true,,rxn_f2e893248aad
SF6+ + F -> F+ + SF6,Charge exchange,ion,charge_exchange,mechanical,2,pass,unknown,pass,unknown,unknown,,,,,true,,rxn_3f14922247a2
SF6+ + O -> O+ + SF6,Charge exchange,ion,charge_exchange,mechanical,2,pass,unknown,pass,unknown,unknown,,,,,true,,rxn_cab995ac835b
SF6+ + O2 -> O2+ + SF6,Charge exchange,ion,charge_exchange,mechanical,2,pass,unknown,pass,unknown,unknown,,,,,true,,rxn_cfd65b7df2a8
SF6+ + SF4 -> SF4+ + SF6,Charge exchange,ion,charge_exchange,mechanical,2,pass,unknown,pass,unknown,unknown,,,,,true,,rxn_50d705e13e4e
SF6+ + SF5 -> SF5+ + SF6,Charge exchange,ion,charge_exchange,mechanical,2,pass,unknown,pass,unknown,unknown,,,,,true,,rxn_456e2914fff4
SF6- + Ar -> Ar- + SF6,Charge exchange,ion,charge_exchange,mechanical,2,pass,fail,pass,unknown,unknown,,,,,true,,rxn_ed045d3c34ed
SF6- + F -> F- + SF6,Charge exchange,ion,charge_exchange,mechanical,2,pass,pass,pass,unknown,unknown,,-2.1013714425417027,,,true,,rxn_22bb005790b0
SF6- + O -> O- + SF6,Charge exchange,ion,charge_exchange,mechanical,2,pass,pass,pass,unknown,unknown,,-0.20959766595399318,,,true,,rxn_8664a7eb7d22
SF6- + O2 -> O2- + SF6,Charge exchange,ion,charge_exchange,mechanical,2,pass,pass,pass,unknown,unknown,,,,,true,,rxn_947447c217ae
SF6- + SF4 -> SF4- + SF6,Charge exchange,ion,charge_exchange,mechanical,2,pass,pass,pass,unknown,unknown,,-0.039614058197103647,,,true,,rxn_a9eeaa47b7a5
SF6- + SF5 -> SF5- + SF6,Charge exchange,ion,charge_exchange,mechanical,2,pass,pass,pass,unknown,unknown,,-2.4748307165639227,,,true,,rxn_9f30a2d6df83
Ar+ + SF4 -> Ar+ + F + SF3,Collision-induced target dissociation,ion,collision_induced_dissociation,mechanical,2,pass,pass,pass,unknown,unknown,,2.9109927366079167,,,true,,rxn_93ec3a92df9e
Ar+ + SF4 -> Ar+ + SF2 + F2,Collision-induced target dissociation,ion,collision_induced_dissociation,mechanical,2,pass,pass,pass,unknown,unknown,4.835449999999999,4.168857583138431,,,true,,rxn_a2f7a5266824
Ar+ + SF5 -> Ar+ + F + SF4,Collision-induced target dissociation,ion,collision_induced_dissociation,mechanical,2,pass,pass,pass,unknown,unknown,2.3280640000000012,1.6857063127381302,,,true,,rxn_dda662e497b9
Ar+ + SF5 -> Ar+ + SF3 + F2,Collision-induced target dissociation,ion,collision_induced_dissociation,mechanical,2,pass,pass,pass,unknown,unknown,,3.4378860022563082,,,true,,rxn_4d502393cce1
Ar- + SF4 -> Ar- + F + SF3,Collision-induced target dissociation,ion,collision_induced_dissociation,mechanical,2,pass,fail,unknown,unknown,unknown,,,,,true,,rxn_a73c7136c09a
Ar- + SF4 -> Ar- + SF2 + F2,Collision-induced target dissociation,ion,collision_induced_dissociation,mechanical,2,pass,fail,unknown,unknown,unknown,,,,,true,,rxn_e7c668653f3d
Ar- + SF5 -> Ar- + F + SF4,Collision-induced target dissociation,ion,collision_induced_dissociation,mechanical,2,pass,fail,unknown,unknown,unknown,,,,,true,,rxn_c5e9c6d7a3b2
Ar- + SF5 -> Ar- + SF3 + F2,Collision-induced target dissociation,ion,collision_induced_dissociation,mechanical,2,pass,fail,unknown,unknown,unknown,,,,,true,,rxn_03b7e5a604c0
F- + SF4 -> F- + F + SF3,Collision-induced target dissociation,ion,collision_induced_dissociation,mechanical,2,pass,pass,pass,unknown,unknown,,2.9109927366079167,,,true,,rxn_65745d7ab44d
F- + SF4 -> F- + SF2 + F2,Collision-induced target dissociation,ion,collision_induced_dissociation,mechanical,2,pass,pass,pass,unknown,unknown,4.83545,4.168857583138431,,,true,,rxn_c84b482d28ce
F- + SF5 -> F- + F + SF4,Collision-induced target dissociation,ion,collision_induced_dissociation,mechanical,2,pass,pass,pass,unknown,unknown,2.3280640000000012,1.68570631273813,,,true,,rxn_b11ff8809c74
F- + SF5 -> F- + SF3 + F2,Collision-induced target dissociation,ion,collision_induced_dissociation,mechanical,2,pass,pass,pass,unknown,unknown,,3.437886002256308,,,true,,rxn_499c3cfdb21b
F2- + F2 -> F2- + 2 F,Collision-induced target dissociation,ion,collision_induced_dissociation,mechanical,2,pass,pass,unknown,unknown,unknown,,,,,true,,rxn_a361745e15c2
F2- + SF4 -> F2- + F + SF3,Collision-induced target dissociation,ion,collision_induced_dissociation,mechanical,2,pass,pass,unknown,unknown,unknown,,,,,true,,rxn_bed122002d5c
F2- + SF4 -> F2- + SF2 + F2,Collision-induced target dissociation,ion,collision_induced_dissociation,mechanical,2,pass,pass,unknown,unknown,unknown,,,,,true,,rxn_5614ebfe97dd
F2- + SF5 -> F2- + F + SF4,Collision-induced target dissociation,ion,collision_induced_dissociation,mechanical,2,pass,pass,unknown,unknown,unknown,,,,,true,,rxn_36e12fd9db2e
F2- + SF5 -> F2- + SF3 + F2,Collision-induced target dissociation,ion,collision_induced_dissociation,mechanical,2,pass,pass,unknown,unknown,unknown,,,,,true,,rxn_01fac1d0c498
O+ + SF4 -> O+ + F + SF3,Collision-induced target dissociation,ion,collision_induced_dissociation,mechanical,2,pass,pass,unknown,unknown,unknown,,,,,true,,rxn_0d75d8e813a8
O+ + SF4 -> O+ + SF2 + F2,Collision-induced target dissociation,ion,collision_induced_dissociation,mechanical,2,pass,pass,pass,unknown,unknown,4.835450000000001,,,,true,,rxn_d13fd0c0811a
O+ + SF5 -> O+ + F + SF4,Collision-induced target dissociation,ion,collision_induced_dissociation,mechanical,2,pass,pass,pass,unknown,unknown,2.3280639999999995,,,,true,,rxn_75a93b96cf20
O+ + SF5 -> O+ + SF3 + F2,Collision-induced target dissociation,ion,collision_induced_dissociation,mechanical,2,pass,pass,unknown,unknown,unknown,,,,,true,,rxn_acf4f3877584
O- + SF4 -> O- + F + SF3,Collision-induced target dissociation,ion,collision_induced_dissociation,mechanical,2,pass,pass,pass,unknown,unknown,,2.9109927366079167,,,true,,rxn_ada02828bd32
O- + SF4 -> O- + SF2 + F2,Collision-induced target dissociation,ion,collision_induced_dissociation,mechanical,2,pass,pass,pass,unknown,unknown,4.83545,4.168857583138431,,,true,,rxn_03351c3c43df
O- + SF5 -> O- + F + SF4,Collision-induced target dissociation,ion,collision_induced_dissociation,mechanical,2,pass,pass,pass,unknown,unknown,2.3280639999999995,1.68570631273813,,,true,,rxn_5ea62168c9ef
O- + SF5 -> O- + SF3 + F2,Collision-induced target dissociation,ion,collision_induced_dissociation,mechanical,2,pass,pass,pass,unknown,unknown,,3.437886002256308,,,true,,rxn_285ab3d7ee4c
O2+ + SF4 -> O2+ + F + SF3,Collision-induced target dissociation,ion,collision_induced_dissociation,mechanical,2,pass,pass,unknown,unknown,unknown,,,,,true,,rxn_81ac096f7641
O2+ + SF4 -> O2+ + SF2 + F2,Collision-induced target dissociation,ion,collision_induced_dissociation,mechanical,2,pass,pass,pass,unknown,unknown,4.835449999999999,,,,true,,rxn_0812c79fc3d5
O2+ + SF5 -> O2+ + F + SF4,Collision-induced target dissociation,ion,collision_induced_dissociation,mechanical,2,pass,pass,pass,unknown,unknown,2.3280640000000004,,,,true,,rxn_8457d1fe605f
O2+ + SF5 -> O2+ + SF3 + F2,Collision-induced target dissociation,ion,collision_induced_dissociation,mechanical,2,pass,pass,unknown,unknown,unknown,,,,,true,,rxn_82abff6cc2d9
O2- + SF4 -> O2- + F + SF3,Collision-induced target dissociation,ion,collision_induced_dissociation,mechanical,2,pass,pass,unknown,unknown,unknown,,,,,true,,rxn_4bdbeaa8a247
O2- + SF4 -> O2- + SF2 + F2,Collision-induced target dissociation,ion,collision_induced_dissociation,mechanical,2,pass,pass,unknown,unknown,unknown,,,,,true,,rxn_f29d92bb0523
O2- + SF5 -> O2- + F + SF4,Collision-induced target dissociation,ion,collision_induced_dissociation,mechanical,2,pass,pass,unknown,unknown,unknown,,,,,true,,rxn_dfc4de904357
O2- + SF5 -> O2- + SF3 + F2,Collision-induced target dissociation,ion,collision_induced_dissociation,mechanical,2,pass,pass,unknown,unknown,unknown,,,,,true,,rxn_b7cdaabf461f
SF4+ + SF4 -> SF4+ + F + SF3,Collision-induced target dissociation,ion,collision_induced_dissociation,mechanical,2,pass,pass,pass,unknown,unknown,,2.9109927366079167,,,true,,rxn_3a002ff8aa87
SF4+ + SF4 -> SF4+ + SF2 + F2,Collision-induced target dissociation,ion,collision_induced_dissociation,mechanical,2,pass,pass,pass,unknown,unknown,,4.168857583138431,,,true,,rxn_da62086cf2e0
SF4+ + SF5 -> SF4+ + F + SF4,Collision-induced target dissociation,ion,collision_induced_dissociation,mechanical,2,pass,pass,pass,unknown,unknown,,1.68570631273813,,,true,,rxn_d6e1e26b3e1b
SF4+ + SF5 -> SF4+ + SF3 + F2,Collision-induced target dissociation,ion,collision_induced_dissociation,mechanical,2,pass,pass,pass,unknown,unknown,,3.437886002256308,,,true,,rxn_91b651180ff6
SF4- + SF4 -> SF4- + F + SF3,Collision-induced target dissociation,ion,collision_induced_dissociation,mechanical,2,pass,pass,pass,unknown,unknown,,2.9109927366079167,,,true,,rxn_5e74d4a9be8b
SF4- + SF4 -> SF4- + SF2 + F2,Collision-induced target dissociation,ion,collision_induced_dissociation,mechanical,2,pass,pass,pass,unknown,unknown,,4.168857583138431,,,true,,rxn_326cde99931d
SF4- + SF5 -> SF4- + F + SF4,Collision-induced target dissociation,ion,collision_induced_dissociation,mechanical,2,pass,pass,pass,unknown,unknown,,1.6857063127381302,,,true,,rxn_ae9d3f21b31a
SF4- + SF5 -> SF4- + SF3 + F2,Collision-induced target dissociation,ion,collision_induced_dissociation,mechanical,2,pass,pass,pass,unknown,unknown,,3.437886002256308,,,true,,rxn_7f85a2436bd6
SF5+ + SF4 -> SF5+ + F + SF3,Collision-induced target dissociation,ion,collision_induced_dissociation,mechanical,2,pass,pass,pass,unknown,unknown,,2.9109927366079167,,,true,,rxn_d376b8c46a38
SF5+ + SF4 -> SF5+ + SF2 + F2,Collision-induced target dissociation,ion,collision_induced_dissociation,mechanical,2,pass,pass,pass,unknown,unknown,,4.168857583138431,,,true,,rxn_8ea96993f1c0
SF5+ + SF5 -> SF5+ + F + SF4,Collision-induced target dissociation,ion,collision_induced_dissociation,mechanical,2,pass,pass,pass,unknown,unknown,,1.68570631273813,,,true,,rxn_2778d85d0706
SF5+ + SF5 -> SF5+ + SF3 + F2,Collision-induced target dissociation,ion,collision_induced_dissociation,mechanical,2,pass,pass,pass,unknown,unknown,,3.437886002256308,,,true,,rxn_7ded467089da
SF5- + SF4 -> SF5- + F + SF3,Collision-induced target dissociation,ion,collision_induced_dissociation,mechanical,2,pass,pass,pass,unknown,unknown,,2.9109927366079167,,,true,,rxn_b228cb9a01af
SF5- + SF4 -> SF5- + SF2 + F2,Collision-induced target dissociation,ion,collision_induced_dissociation,mechanical,2,pass,pass,pass,unknown,unknown,,4.168857583138431,,,true,,rxn_90412d9e3542
SF5- + SF5 -> SF5- + F + SF4,Collision-induced target dissociation,ion,collision_induced_dissociation,mechanical,2,pass,pass,pass,unknown,unknown,,1.6857063127381302,,,true,,rxn_a8e1f08cb645
SF5- + SF5 -> SF5- + SF3 + F2,Collision-induced target dissociation,ion,collision_induced_dissociation,mechanical,2,pass,pass,pass,unknown,unknown,,3.4378860022563082,,,true,,rxn_77130360c549
SF6+ + SF4 -> SF6+ + F + SF3,Collision-induced target dissociation,ion,collision_induced_dissociation,mechanical,2,pass,unknown,unknown,unknown,unknown,,,,,true,,rxn_1b7e6ec61422
SF6+ + SF4 -> SF6+ + SF2 + F2,Collision-induced target dissociation,ion,collision_induced_dissociation,mechanical,2,pass,unknown,unknown,unknown,unknown,,,,,true,,rxn_41a1a7c77184
SF6+ + SF5 -> SF6+ + F + SF4,Collision-induced target dissociation,ion,collision_induced_dissociation,mechanical,2,pass,unknown,unknown,unknown,unknown,,,,,true,,rxn_4445e3184983
SF6+ + SF5 -> SF6+ + SF3 + F2,Collision-induced target dissociation,ion,collision_induced_dissociation,mechanical,2,pass,unknown,unknown,unknown,unknown,,,,,true,,rxn_e5eac67b60d6
SF6- + SF4 -> SF6- + F + SF3,Collision-induced target dissociation,ion,collision_induced_dissociation,mechanical,2,pass,pass,pass,unknown,unknown,,2.9109927366079185,,,true,,rxn_07a1f558416f
SF6- + SF4 -> SF6- + SF2 + F2,Collision-induced target dissociation,ion,collision_induced_dissociation,mechanical,2,pass,pass,pass,unknown,unknown,,4.168857583138431,,,true,,rxn_e102a44bac6c
SF6- + SF5 -> SF6- + F + SF4,Collision-induced target dissociation,ion,collision_induced_dissociation,mechanical,2,pass,pass,pass,unknown,unknown,,1.6857063127381318,,,true,,rxn_e725bc7dba72
SF6- + SF5 -> SF6- + SF3 + F2,Collision-induced target dissociation,ion,collision_induced_dissociation,mechanical,2,pass,pass,pass,unknown,unknown,,3.4378860022563056,,,true,,rxn_cac93b799b4f
Ar- + Ar -> 2 Ar + e,Collisional electron detachment,ion,collisional_detachment,mechanical,2,pass,fail,unknown,unknown,unknown,,,,,true,,rxn_754c5eca1437
Ar- + F -> Ar + F + e,Collisional electron detachment,ion,collisional_detachment,mechanical,2,pass,fail,unknown,unknown,unknown,,,,,true,,rxn_863f85054c84
Ar- + O -> Ar + O + e,Collisional electron detachment,ion,collisional_detachment,mechanical,2,pass,fail,unknown,unknown,unknown,,,,,true,,rxn_75a6567cee43
Ar- + O2 -> Ar + O2 + e,Collisional electron detachment,ion,collisional_detachment,mechanical,2,pass,fail,unknown,unknown,unknown,,,,,true,,rxn_9934f424f8c0
Ar- + SF4 -> Ar + SF4 + e,Collisional electron detachment,ion,collisional_detachment,mechanical,2,pass,fail,unknown,unknown,unknown,,,,,true,,rxn_fc73ab41b240
Ar- + SF5 -> Ar + SF5 + e,Collisional electron detachment,ion,collisional_detachment,mechanical,2,pass,fail,unknown,unknown,unknown,,,,,true,,rxn_9c08bb0d8775
Ar- + SF6 -> Ar + SF6 + e,Collisional electron detachment,ion,collisional_detachment,mechanical,2,pass,fail,unknown,unknown,unknown,,,,,true,,rxn_6887c9b3a555
F- + Ar -> Ar + F + e,Collisional electron detachment,ion,collisional_detachment,mechanical,2,pass,pass,pass,unknown,unknown,3.401129274685823,,,,true,,rxn_6f368a55f7a0
F- + F -> 2 F + e,Collisional electron detachment,ion,collisional_detachment,mechanical,2,pass,pass,pass,pass,pass,3.4011292746858235,,,rate_coefficient,true,,rxn_5d6b61e07430
F- + O -> F + O + e,Collisional electron detachment,ion,collisional_detachment,mechanical,2,pass,pass,pass,unknown,unknown,3.401129274685823,,,,true,,rxn_afe3d6c152b5
F- + O2 -> F + O2 + e,Collisional electron detachment,ion,collisional_detachment,mechanical,2,pass,pass,pass,unknown,unknown,3.401129274685823,,,,true,,rxn_05e902b13edf
F- + SF4 -> F + SF4 + e,Collisional electron detachment,ion,collisional_detachment,mechanical,2,pass,pass,pass,pass,pass,3.4011292746858226,,,rate_coefficient,true,,rxn_32172d6fc732
F- + SF5 -> F + SF5 + e,Collisional electron detachment,ion,collisional_detachment,mechanical,2,pass,pass,pass,pass,pass,3.4011292746858235,,,rate_coefficient,true,,rxn_3776f320f195
F- + SF6 -> F + SF6 + e,Collisional electron detachment,ion,collisional_detachment,mechanical,2,pass,pass,pass,pass,pass,3.4011292746858235,,,rate_coefficient,true,,rxn_2b92d53e3c18
F2- + Ar -> Ar + F2 + e,Collisional electron detachment,ion,collisional_detachment,mechanical,2,pass,pass,unknown,unknown,unknown,,,,,true,,rxn_657338f9d068
F2- + F -> F + F2 + e,Collisional electron detachment,ion,collisional_detachment,mechanical,2,pass,pass,unknown,pass,pass,,,,rate_coefficient,true,,rxn_7785d33526a4
F2- + F2 -> 2 F2 + e,Collisional electron detachment,ion,collisional_detachment,mechanical,2,pass,pass,unknown,pass,pass,,,,rate_coefficient,true,,rxn_555409b7f5e3
F2- + O -> O + F2 + e,Collisional electron detachment,ion,collisional_detachment,mechanical,2,pass,pass,unknown,unknown,unknown,,,,,true,,rxn_0ca1160689a3
F2- + O2 -> F2 + O2 + e,Collisional electron detachment,ion,collisional_detachment,mechanical,2,pass,pass,unknown,unknown,unknown,,,,,true,,rxn_b7879a086981
F2- + SF4 -> SF4 + F2 + e,Collisional electron detachment,ion,collisional_detachment,mechanical,2,pass,pass,unknown,pass,pass,,,,rate_coefficient,true,,rxn_ee4b6cfd2880
F2- + SF5 -> SF5 + F2 + e,Collisional electron detachment,ion,collisional_detachment,mechanical,2,pass,pass,unknown,pass,pass,,,,rate_coefficient,true,,rxn_0d4ca1470718
F2- + SF6 -> F2 + SF6 + e,Collisional electron detachment,ion,collisional_detachment,mechanical,2,pass,pass,unknown,pass,pass,,,,rate_coefficient,true,,rxn_045116df701f
O- + Ar -> Ar + O + e,Collisional electron detachment,ion,collisional_detachment,mechanical,2,pass,pass,pass,unknown,unknown,1.4605769999999998,,,,true,,rxn_4db0a6c546c7
O- + F -> F + O + e,Collisional electron detachment,ion,collisional_detachment,mechanical,2,pass,pass,pass,unknown,unknown,1.4605769999999998,,,,true,,rxn_cde575e62502
O- + O -> 2 O + e,Collisional electron detachment,ion,collisional_detachment,mechanical,2,pass,pass,pass,unknown,unknown,1.4605770000000002,,,,true,,rxn_a8c8162d07bf
O- + O2 -> O + O2 + e,Collisional electron detachment,ion,collisional_detachment,mechanical,2,pass,pass,pass,unknown,unknown,1.4605769999999998,,,,true,,rxn_2c4a5b821b8e
O- + SF4 -> O + SF4 + e,Collisional electron detachment,ion,collisional_detachment,mechanical,2,pass,pass,pass,unknown,unknown,1.4605769999999998,,,,true,,rxn_d279db083586
O- + SF5 -> O + SF5 + e,Collisional electron detachment,ion,collisional_detachment,mechanical,2,pass,pass,pass,unknown,unknown,1.460576999999999,,,,true,,rxn_835c970bf6c6
O- + SF6 -> O + SF6 + e,Collisional electron detachment,ion,collisional_detachment,mechanical,2,pass,pass,pass,unknown,unknown,1.460576999999999,,,,true,,rxn_51de0215bc5d
O2- + Ar -> Ar + O2 + e,Collisional electron detachment,ion,collisional_detachment,mechanical,2,pass,pass,unknown,unknown,unknown,,,,,true,,rxn_cbe14dbb7875
O2- + F -> F + O2 + e,Collisional electron detachment,ion,collisional_detachment,mechanical,2,pass,pass,unknown,unknown,unknown,,,,,true,,rxn_7f3ff0f9604d
O2- + O -> O + O2 + e,Collisional electron detachment,ion,collisional_detachment,mechanical,2,pass,pass,unknown,unknown,unknown,,,,,true,,rxn_2927232caf86
O2- + O2 -> 2 O2 + e,Collisional electron detachment,ion,collisional_detachment,mechanical,2,pass,pass,unknown,unknown,unknown,,,,,true,,rxn_69470fb52c9e
O2- + SF4 -> SF4 + O2 + e,Collisional electron detachment,ion,collisional_detachment,mechanical,2,pass,pass,unknown,unknown,unknown,,,,,true,,rxn_dea8b7b12bc4
O2- + SF5 -> SF5 + O2 + e,Collisional electron detachment,ion,collisional_detachment,mechanical,2,pass,pass,unknown,unknown,unknown,,,,,true,,rxn_b9750be7c703
O2- + SF6 -> O2 + SF6 + e,Collisional electron detachment,ion,collisional_detachment,mechanical,2,pass,pass,unknown,unknown,unknown,,,,,true,,rxn_eb27cbc30b5a
SF4- + Ar -> Ar + SF4 + e,Collisional electron detachment,ion,collisional_detachment,mechanical,2,pass,pass,unknown,unknown,unknown,,,,,true,,rxn_21cbb1273a8c
SF4- + F -> F + SF4 + e,Collisional electron detachment,ion,collisional_detachment,mechanical,2,pass,pass,unknown,pass,pass,,,,rate_coefficient,true,,rxn_8820dfc4c5ce
SF4- + O -> O + SF4 + e,Collisional electron detachment,ion,collisional_detachment,mechanical,2,pass,pass,unknown,unknown,unknown,,,,,true,,rxn_cdabd6b45573
SF4- + O2 -> SF4 + O2 + e,Collisional electron detachment,ion,collisional_detachment,mechanical,2,pass,pass,unknown,unknown,unknown,,,,,true,,rxn_2ee3759d971d
SF4- + SF4 -> 2 SF4 + e,Collisional electron detachment,ion,collisional_detachment,mechanical,2,pass,pass,unknown,pass,pass,,,,rate_coefficient,true,,rxn_bdab085e92c1
SF4- + SF5 -> SF4 + SF5 + e,Collisional electron detachment,ion,collisional_detachment,mechanical,2,pass,pass,unknown,pass,pass,,,,rate_coefficient,true,,rxn_5e88ea0641a9
SF4- + SF6 -> SF4 + SF6 + e,Collisional electron detachment,ion,collisional_detachment,mechanical,2,pass,pass,unknown,pass,pass,,,,rate_coefficient,true,,rxn_248ba7f1081f
SF5- + Ar -> Ar + SF5 + e,Collisional electron detachment,ion,collisional_detachment,mechanical,2,pass,pass,unknown,unknown,unknown,,,,,true,,rxn_af6406b9bd3e
SF5- + F -> F + SF5 + e,Collisional electron detachment,ion,collisional_detachment,mechanical,2,pass,pass,unknown,pass,pass,,,,rate_coefficient,true,,rxn_bc806687379c
SF5- + O -> O + SF5 + e,Collisional electron detachment,ion,collisional_detachment,mechanical,2,pass,pass,unknown,unknown,unknown,,,,,true,,rxn_3a18701e6812
SF5- + O2 -> SF5 + O2 + e,Collisional electron detachment,ion,collisional_detachment,mechanical,2,pass,pass,unknown,unknown,unknown,,,,,true,,rxn_da08fe9cb8fa
SF5- + SF4 -> SF4 + SF5 + e,Collisional electron detachment,ion,collisional_detachment,mechanical,2,pass,pass,unknown,pass,pass,,,,rate_coefficient,true,,rxn_620ca278b212
SF5- + SF5 -> 2 SF5 + e,Collisional electron detachment,ion,collisional_detachment,mechanical,2,pass,pass,unknown,pass,pass,,,,rate_coefficient,true,,rxn_ae58659ca8c9
SF5- + SF6 -> SF5 + SF6 + e,Collisional electron detachment,ion,collisional_detachment,mechanical,2,pass,pass,unknown,pass,pass,,,,rate_coefficient,true,,rxn_27772f29f010
SF6- + Ar -> Ar + SF6 + e,Collisional electron detachment,ion,collisional_detachment,mechanical,2,pass,pass,unknown,unknown,unknown,,,,,true,,rxn_4b3daad3789f
SF6- + F -> F + SF6 + e,Collisional electron detachment,ion,collisional_detachment,mechanical,2,pass,pass,unknown,pass,pass,,,,rate_coefficient,true,,rxn_2e75587ca3b4
SF6- + O -> O + SF6 + e,Collisional electron detachment,ion,collisional_detachment,mechanical,2,pass,pass,unknown,unknown,unknown,,,,,true,,rxn_73459385ad02
SF6- + O2 -> O2 + SF6 + e,Collisional electron detachment,ion,collisional_detachment,mechanical,2,pass,pass,unknown,unknown,unknown,,,,,true,,rxn_3732a83c9e73
SF6- + SF4 -> SF4 + SF6 + e,Collisional electron detachment,ion,collisional_detachment,mechanical,2,pass,pass,unknown,pass,pass,,,,rate_coefficient,true,,rxn_f5c3e911c40a
SF6- + SF5 -> SF5 + SF6 + e,Collisional electron detachment,ion,collisional_detachment,mechanical,2,pass,pass,unknown,pass,pass,,,,rate_coefficient,true,,rxn_f95ce8d3cc91
SF6- + SF6 -> 2 SF6 + e,Collisional electron detachment,ion,collisional_detachment,mechanical,2,pass,pass,unknown,pass,pass,,,,rate_coefficient,true,,rxn_733d649caa6d
Ar+ + SF4 -> SF2+ + Ar + F2,Dissociative charge transfer,ion,dissociative_charge_transfer,mechanical,2,pass,pass,pass,unknown,unknown,,-1.2762173074474337,,,true,,rxn_dcd9c2b6f5ef
Ar+ + SF4 -> SF3+ + Ar + F,Dissociative charge transfer,ion,dissociative_charge_transfer,mechanical,2,pass,pass,pass,unknown,unknown,,-3.499058668574677,,,true,,rxn_eeebef84ef7a
Ar+ + SF5 -> SF3+ + Ar + F2,Dissociative charge transfer,ion,dissociative_charge_transfer,mechanical,2,pass,pass,pass,unknown,unknown,,-2.972165402926287,,,true,,rxn_14373e58861e
Ar+ + SF5 -> SF4+ + Ar + F,Dissociative charge transfer,ion,dissociative_charge_transfer,mechanical,2,pass,pass,pass,unknown,unknown,,-1.9181316649212212,,,true,,rxn_e9b7810dd9a6
Ar- + SF4 -> SF2- + Ar + F2,Dissociative charge transfer,ion,dissociative_charge_transfer,mechanical,2,pass,fail,unknown,unknown,unknown,,,,,true,,rxn_fa7714dfc2fa
Ar- + SF4 -> SF3- + Ar + F,Dissociative charge transfer,ion,dissociative_charge_transfer,mechanical,2,pass,fail,unknown,unknown,unknown,,,,,true,,rxn_c22e76a6594f
Ar- + SF5 -> SF3- + Ar + F2,Dissociative charge transfer,ion,dissociative_charge_transfer,mechanical,2,pass,fail,unknown,unknown,unknown,,,,,true,,rxn_08c3031e5ebc
Ar- + SF5 -> SF4- + Ar + F,Dissociative charge transfer,ion,dissociative_charge_transfer,mechanical,2,pass,fail,unknown,unknown,unknown,,,,,true,,rxn_b441c161bf45
F- + SF4 -> SF2- + F + F2,Dissociative charge transfer,ion,dissociative_charge_transfer,mechanical,2,pass,pass,pass,unknown,unknown,,6.479808919392279,,,true,,rxn_ce9e406f0e3d
F- + SF4 -> SF3- + 2 F,Dissociative charge transfer,ion,dissociative_charge_transfer,mechanical,2,pass,pass,pass,unknown,unknown,,3.509530371063105,,,true,,rxn_24a11ff4f0a8
F- + SF5 -> SF3- + F + F2,Dissociative charge transfer,ion,dissociative_charge_transfer,mechanical,2,pass,pass,pass,unknown,unknown,,4.036423636711497,,,true,,rxn_2118e84f6cc0
F- + SF5 -> SF4- + 2 F,Dissociative charge transfer,ion,dissociative_charge_transfer,mechanical,2,pass,pass,pass,unknown,unknown,,3.747463697082727,,,true,,rxn_a673c1db1371
F2- + F2 -> F- + F + F2,Dissociative charge transfer,ion,dissociative_charge_transfer,mechanical,2,pass,pass,unknown,unknown,unknown,,,,,true,,rxn_2b8da5a134bc
F2- + SF4 -> SF2- + 2 F2,Dissociative charge transfer,ion,dissociative_charge_transfer,mechanical,2,pass,pass,unknown,unknown,unknown,,,,,true,,rxn_c24b7d37be5e
F2- + SF4 -> SF3- + F + F2,Dissociative charge transfer,ion,dissociative_charge_transfer,mechanical,2,pass,pass,unknown,unknown,unknown,,,,,true,,rxn_36966b8dad9a
F2- + SF5 -> SF3- + 2 F2,Dissociative charge transfer,ion,dissociative_charge_transfer,mechanical,2,pass,pass,unknown,unknown,unknown,,,,,true,,rxn_5cdf4c549cf3
F2- + SF5 -> SF4- + F + F2,Dissociative charge transfer,ion,dissociative_charge_transfer,mechanical,2,pass,pass,unknown,unknown,unknown,,,,,true,,rxn_bc119fc9cbb0
O+ + SF4 -> SF2+ + O + F2,Dissociative charge transfer,ion,dissociative_charge_transfer,mechanical,2,pass,pass,unknown,unknown,unknown,,,,,true,,rxn_388a4f0d8db1
O+ + SF4 -> SF3+ + F + O,Dissociative charge transfer,ion,dissociative_charge_transfer,mechanical,2,pass,pass,unknown,unknown,unknown,,,,,true,,rxn_ab78538b3dc6
O+ + SF5 -> SF3+ + O + F2,Dissociative charge transfer,ion,dissociative_charge_transfer,mechanical,2,pass,pass,unknown,unknown,unknown,,,,,true,,rxn_301995c6df34
O+ + SF5 -> SF4+ + F + O,Dissociative charge transfer,ion,dissociative_charge_transfer,mechanical,2,pass,pass,unknown,unknown,unknown,,,,,true,,rxn_13fca40f047c
O- + SF4 -> SF2- + O + F2,Dissociative charge transfer,ion,dissociative_charge_transfer,mechanical,2,pass,pass,pass,unknown,unknown,,4.58803514280457,,,true,,rxn_9a0c8f0a9c8f
O- + SF4 -> SF3- + F + O,Dissociative charge transfer,ion,dissociative_charge_transfer,mechanical,2,pass,pass,pass,unknown,unknown,,1.6177565944753953,,,true,,rxn_6b9862decd70
O- + SF5 -> SF3- + O + F2,Dissociative charge transfer,ion,dissociative_charge_transfer,mechanical,2,pass,pass,pass,unknown,unknown,,2.1446498601237867,,,true,,rxn_d41bed0a7865
O- + SF5 -> SF4- + F + O,Dissociative charge transfer,ion,dissociative_charge_transfer,mechanical,2,pass,pass,pass,unknown,unknown,,1.8556899204950175,,,true,,rxn_a72b42c1d909
O2+ + SF4 -> SF2+ + F2 + O2,Dissociative charge transfer,ion,dissociative_charge_transfer,mechanical,2,pass,pass,unknown,unknown,unknown,,,,,true,,rxn_4d4a1467be39
O2+ + SF4 -> SF3+ + F + O2,Dissociative charge transfer,ion,dissociative_charge_transfer,mechanical,2,pass,pass,unknown,unknown,unknown,,,,,true,,rxn_bf5e2bde880e
O2+ + SF5 -> SF3+ + F2 + O2,Dissociative charge transfer,ion,dissociative_charge_transfer,mechanical,2,pass,pass,unknown,unknown,unknown,,,,,true,,rxn_5512217f69e5
O2+ + SF5 -> SF4+ + F + O2,Dissociative charge transfer,ion,dissociative_charge_transfer,mechanical,2,pass,pass,unknown,unknown,unknown,,,,,true,,rxn_d3ff23b4b8b7
O2- + SF4 -> SF2- + F2 + O2,Dissociative charge transfer,ion,dissociative_charge_transfer,mechanical,2,pass,pass,unknown,unknown,unknown,,,,,true,,rxn_9e254acb75a3
O2- + SF4 -> SF3- + F + O2,Dissociative charge transfer,ion,dissociative_charge_transfer,mechanical,2,pass,pass,unknown,unknown,unknown,,,,,true,,rxn_814ac90bf222
O2- + SF5 -> SF3- + F2 + O2,Dissociative charge transfer,ion,dissociative_charge_transfer,mechanical,2,pass,pass,unknown,unknown,unknown,,,,,true,,rxn_a8bfc322ce35
O2- + SF5 -> SF4- + F + O2,Dissociative charge transfer,ion,dissociative_charge_transfer,mechanical,2,pass,pass,unknown,unknown,unknown,,,,,true,,rxn_016703666dbd
SF4+ + SF4 -> SF2+ + SF4 + F2,Dissociative charge transfer,ion,dissociative_charge_transfer,mechanical,2,pass,pass,pass,unknown,unknown,,2.327620670211918,,,true,,rxn_8d3d96e82b37
SF4+ + SF4 -> SF3+ + F + SF4,Dissociative charge transfer,ion,dissociative_charge_transfer,mechanical,2,pass,pass,pass,unknown,unknown,,0.10477930908467357,,,true,,rxn_69a62a55abb4
SF4+ + SF5 -> SF3+ + SF4 + F2,Dissociative charge transfer,ion,dissociative_charge_transfer,mechanical,2,pass,pass,pass,unknown,unknown,,0.6316725747330649,,,true,,rxn_8a9aef24cfe1
SF4+ + SF5 -> SF4+ + F + SF4,Dissociative charge transfer,ion,dissociative_charge_transfer,mechanical,2,pass,pass,pass,unknown,unknown,,1.68570631273813,,,true,,rxn_ed1ed283c409
SF4- + SF4 -> SF2- + SF4 + F2,Dissociative charge transfer,ion,dissociative_charge_transfer,mechanical,2,pass,pass,pass,unknown,unknown,,4.418051535047683,,,true,,rxn_596de9c8440b
SF4- + SF4 -> SF3- + F + SF4,Dissociative charge transfer,ion,dissociative_charge_transfer,mechanical,2,pass,pass,pass,unknown,unknown,,1.4477729867185094,,,true,,rxn_658dee8b6250
SF4- + SF5 -> SF3- + SF4 + F2,Dissociative charge transfer,ion,dissociative_charge_transfer,mechanical,2,pass,pass,pass,unknown,unknown,,1.974666252366901,,,true,,rxn_092781c4e465
SF4- + SF5 -> SF4- + F + SF4,Dissociative charge transfer,ion,dissociative_charge_transfer,mechanical,2,pass,pass,pass,unknown,unknown,,1.6857063127381302,,,true,,rxn_4275e5fca7d8
SF5+ + SF4 -> SF2+ + SF5 + F2,Dissociative charge transfer,ion,dissociative_charge_transfer,mechanical,2,pass,pass,pass,unknown,unknown,,3.2669187429499607,,,true,,rxn_6088eaf1abad
SF5+ + SF4 -> SF3+ + F + SF5,Dissociative charge transfer,ion,dissociative_charge_transfer,mechanical,2,pass,pass,pass,unknown,unknown,,1.0440773818227163,,,true,,rxn_89947171edc5
SF5+ + SF5 -> SF3+ + SF5 + F2,Dissociative charge transfer,ion,dissociative_charge_transfer,mechanical,2,pass,pass,pass,unknown,unknown,,1.570970647471107,,,true,,rxn_bb6cdcb79aaa
SF5+ + SF5 -> SF4+ + F + SF5,Dissociative charge transfer,ion,dissociative_charge_transfer,mechanical,2,pass,pass,pass,unknown,unknown,,2.625004385476173,,,true,,rxn_33a99e67af9d
SF5- + SF4 -> SF2- + SF5 + F2,Dissociative charge transfer,ion,dissociative_charge_transfer,mechanical,2,pass,pass,pass,unknown,unknown,,6.8532681934144986,,,true,,rxn_c3cbd4620a03
SF5- + SF4 -> SF3- + F + SF5,Dissociative charge transfer,ion,dissociative_charge_transfer,mechanical,2,pass,pass,pass,unknown,unknown,,3.882989645085325,,,true,,rxn_3fc8bcac5260
SF5- + SF5 -> SF3- + SF5 + F2,Dissociative charge transfer,ion,dissociative_charge_transfer,mechanical,2,pass,pass,pass,unknown,unknown,,4.409882910733716,,,true,,rxn_4b95430a69cc
SF5- + SF5 -> SF4- + F + SF5,Dissociative charge transfer,ion,dissociative_charge_transfer,mechanical,2,pass,pass,pass,unknown,unknown,,4.120922971104945,,,true,,rxn_eb1356b580c1
SF6+ + SF4 -> SF2+ + F2 + SF6,Dissociative charge transfer,ion,dissociative_charge_transfer,mechanical,2,pass,unknown,unknown,unknown,unknown,,,,,true,,rxn_88c618fa2933
SF6+ + SF4 -> SF3+ + F + SF6,Dissociative charge transfer,ion,dissociative_charge_transfer,mechanical,2,pass,unknown,unknown,unknown,unknown,,,,,true,,rxn_3f93f9a78ac7
SF6+ + SF5 -> SF3+ + F2 + SF6,Dissociative charge transfer,ion,dissociative_charge_transfer,mechanical,2,pass,unknown,unknown,unknown,unknown,,,,,true,,rxn_6e23802b0fae
SF6+ + SF5 -> SF4+ + F + SF6,Dissociative charge transfer,ion,dissociative_charge_transfer,mechanical,2,pass,unknown,unknown,unknown,unknown,,,,,true,,rxn_a7f1618e0f91
SF6- + SF4 -> SF2- + F2 + SF6,Dissociative charge transfer,ion,dissociative_charge_transfer,mechanical,2,pass,pass,pass,unknown,unknown,,4.378437476850578,,,true,,rxn_5e549f874b11
SF6- + SF4 -> SF3- + F + SF6,Dissociative charge transfer,ion,dissociative_charge_transfer,mechanical,2,pass,pass,pass,unknown,unknown,,1.4081589285214036,,,true,,rxn_09647b41d818
SF6- + SF5 -> SF3- + F2 + SF6,Dissociative charge transfer,ion,dissociative_charge_transfer,mechanical,2,pass,pass,pass,unknown,unknown,,1.9350521941697956,,,true,,rxn_606c5b9328b9
SF6- + SF5 -> SF4- + F + SF6,Dissociative charge transfer,ion,dissociative_charge_transfer,mechanical,2,pass,pass,pass,unknown,unknown,,1.6460922545410244,,,true,,rxn_6eb7aa720d8d
Ar+ + F -> Ar+ + F,Ion-neutral elastic scattering,ion,elastic,mechanical,2,pass,pass,pass,unknown,unknown,1.7763568394002505e-15,1.2245967101856587e-16,,,true,,rxn_00c77ffb3278
Ar+ + O -> Ar+ + O,Ion-neutral elastic scattering,ion,elastic,mechanical,2,pass,pass,pass,unknown,unknown,1.3322676295501878e-15,-1.5919757232413564e-15,,,true,,rxn_b23dfcecb0fc
Ar+ + O2 -> Ar+ + O2,Ion-neutral elastic scattering,ion,elastic,mechanical,2,pass,pass,pass,unknown,unknown,0.0,-7.806804027433574e-16,,,true,,rxn_116c2a39f075
Ar+ + SF4 -> Ar+ + SF4,Ion-neutral elastic scattering,ion,elastic,mechanical,2,pass,pass,pass,unknown,unknown,0.0,0.0,,,true,,rxn_eb5a7b7a26be
Ar+ + SF5 -> Ar+ + SF5,Ion-neutral elastic scattering,ion,elastic,mechanical,2,pass,pass,pass,unknown,unknown,0.0,0.0,,,true,,rxn_63d048f81579
Ar+ + SF6 -> Ar+ + SF6,Ion-neutral elastic scattering,ion,elastic,mechanical,2,pass,pass,pass,unknown,unknown,0.0,0.0,,,true,,rxn_25ad93c9063f
Ar- + F -> Ar- + F,Ion-neutral elastic scattering,ion,elastic,mechanical,2,pass,fail,unknown,unknown,unknown,,,,,true,,rxn_706ec3b0dab4
Ar- + O -> Ar- + O,Ion-neutral elastic scattering,ion,elastic,mechanical,2,pass,fail,unknown,unknown,unknown,,,,,true,,rxn_981ebdf563ba
Ar- + O2 -> Ar- + O2,Ion-neutral elastic scattering,ion,elastic,mechanical,2,pass,fail,unknown,unknown,unknown,,,,,true,,rxn_37b2f906b55b
Ar- + SF4 -> Ar- + SF4,Ion-neutral elastic scattering,ion,elastic,mechanical,2,pass,fail,unknown,unknown,unknown,,,,,true,,rxn_aeb5a58e1677
Ar- + SF5 -> Ar- + SF5,Ion-neutral elastic scattering,ion,elastic,mechanical,2,pass,fail,unknown,unknown,unknown,,,,,true,,rxn_a955bba08317
Ar- + SF6 -> Ar- + SF6,Ion-neutral elastic scattering,ion,elastic,mechanical,2,pass,fail,unknown,unknown,unknown,,,,,true,,rxn_b05ef34b4d22
F- + Ar -> F- + Ar,Ion-neutral elastic scattering,ion,elastic,mechanical,2,pass,pass,pass,unknown,unknown,0.0,-1.2245967101856587e-16,,,true,,rxn_4785dfab7c07
F- + O -> F- + O,Ion-neutral elastic scattering,ion,elastic,mechanical,2,pass,pass,pass,unknown,unknown,0.0,0.0,,,true,,rxn_a97b78cd1b92
F- + O2 -> F- + O2,Ion-neutral elastic scattering,ion,elastic,mechanical,2,pass,pass,pass,unknown,unknown,0.0,7.653729438660366e-17,,,true,,rxn_8cb9fc868009
F- + SF4 -> F- + SF4,Ion-neutral elastic scattering,ion,elastic,mechanical,2,pass,pass,pass,unknown,unknown,8.881784197001252e-16,0.0,,,true,,rxn_afeab13c6313
F- + SF5 -> F- + SF5,Ion-neutral elastic scattering,ion,elastic,mechanical,2,pass,pass,pass,unknown,unknown,0.0,-2.4491934203713174e-16,,,true,,rxn_d1d178f3cc25
F- + SF6 -> F- + SF6,Ion-neutral elastic scattering,ion,elastic,mechanical,2,pass,pass,pass,unknown,unknown,0.0,-2.4491934203713174e-16,,,true,,rxn_a99f492f54b8
F2- + Ar -> F2- + Ar,Ion-neutral elastic scattering,ion,elastic,mechanical,2,pass,pass,unknown,unknown,unknown,,,,,true,,rxn_00fae586aadf
F2- + F -> F2- + F,Ion-neutral elastic scattering,ion,elastic,mechanical,2,pass,pass,unknown,unknown,unknown,,,,,true,,rxn_aaa232452058
F2- + O -> F2- + O,Ion-neutral elastic scattering,ion,elastic,mechanical,2,pass,pass,unknown,unknown,unknown,,,,,true,,rxn_c692f70d22c3
F2- + O2 -> F2- + O2,Ion-neutral elastic scattering,ion,elastic,mechanical,2,pass,pass,unknown,unknown,unknown,,,,,true,,rxn_5502b3a25d30
F2- + SF4 -> F2- + SF4,Ion-neutral elastic scattering,ion,elastic,mechanical,2,pass,pass,unknown,unknown,unknown,,,,,true,,rxn_4c1230e8731b
F2- + SF5 -> F2- + SF5,Ion-neutral elastic scattering,ion,elastic,mechanical,2,pass,pass,unknown,unknown,unknown,,,,,true,,rxn_904da99eb626
F2- + SF6 -> F2- + SF6,Ion-neutral elastic scattering,ion,elastic,mechanical,2,pass,pass,unknown,unknown,unknown,,,,,true,,rxn_8b42ae2d7098
O+ + Ar -> O+ + Ar,Ion-neutral elastic scattering,ion,elastic,mechanical,2,pass,pass,pass,unknown,unknown,0.0,,,,true,,rxn_c8bbb52f16db
O+ + F -> O+ + F,Ion-neutral elastic scattering,ion,elastic,mechanical,2,pass,pass,pass,unknown,unknown,0.0,,,,true,,rxn_424f37e1b08c
O+ + O2 -> O+ + O2,Ion-neutral elastic scattering,ion,elastic,mechanical,2,pass,pass,pass,unknown,unknown,0.0,,,,true,,rxn_217ec02f8a25
O+ + SF4 -> O+ + SF4,Ion-neutral elastic scattering,ion,elastic,mechanical,2,pass,pass,pass,unknown,unknown,-8.881784197001252e-16,,,,true,,rxn_f6f0e4fa32e9
O+ + SF5 -> O+ + SF5,Ion-neutral elastic scattering,ion,elastic,mechanical,2,pass,pass,pass,unknown,unknown,0.0,,,,true,,rxn_e897860903a9
O+ + SF6 -> O+ + SF6,Ion-neutral elastic scattering,ion,elastic,mechanical,2,pass,pass,pass,unknown,unknown,0.0,,,,true,,rxn_7ea7aba33af5
O- + Ar -> O- + Ar,Ion-neutral elastic scattering,ion,elastic,mechanical,2,pass,pass,pass,unknown,unknown,0.0,0.0,,,true,,rxn_1cb8cdec1cfe
O- + F -> O- + F,Ion-neutral elastic scattering,ion,elastic,mechanical,2,pass,pass,pass,unknown,unknown,0.0,-1.2245967101856587e-16,,,true,,rxn_3741bbb5b0e1
O- + O2 -> O- + O2,Ion-neutral elastic scattering,ion,elastic,mechanical,2,pass,pass,pass,unknown,unknown,0.0,-4.5922376631962204e-17,,,true,,rxn_4e056b8323ea
O- + SF4 -> O- + SF4,Ion-neutral elastic scattering,ion,elastic,mechanical,2,pass,pass,pass,unknown,unknown,-8.881784197001252e-16,0.0,,,true,,rxn_fc985d95eac2
O- + SF5 -> O- + SF5,Ion-neutral elastic scattering,ion,elastic,mechanical,2,pass,pass,pass,unknown,unknown,0.0,0.0,,,true,,rxn_c20fb982e397
O- + SF6 -> O- + SF6,Ion-neutral elastic scattering,ion,elastic,mechanical,2,pass,pass,pass,unknown,unknown,0.0,0.0,,,true,,rxn_fe19915eca41
O2+ + Ar -> O2+ + Ar,Ion-neutral elastic scattering,ion,elastic,mechanical,2,pass,pass,pass,unknown,unknown,0.0,,,,true,,rxn_644e62d637ce
O2+ + F -> O2+ + F,Ion-neutral elastic scattering,ion,elastic,mechanical,2,pass,pass,pass,unknown,unknown,0.0,,,,true,,rxn_bc9e55959922
O2+ + O -> O2+ + O,Ion-neutral elastic scattering,ion,elastic,mechanical,2,pass,pass,pass,unknown,unknown,-4.440892098500626e-16,,,,true,,rxn_33a5160d5967
O2+ + SF4 -> O2+ + SF4,Ion-neutral elastic scattering,ion,elastic,mechanical,2,pass,pass,pass,unknown,unknown,0.0,,,,true,,rxn_039d19bc68d5
O2+ + SF5 -> O2+ + SF5,Ion-neutral elastic scattering,ion,elastic,mechanical,2,pass,pass,pass,unknown,unknown,0.0,,,,true,,rxn_a8dd8788967d
O2+ + SF6 -> O2+ + SF6,Ion-neutral elastic scattering,ion,elastic,mechanical,2,pass,pass,pass,unknown,unknown,0.0,,,,true,,rxn_7b113bd6fdaf
O2- + Ar -> O2- + Ar,Ion-neutral elastic scattering,ion,elastic,mechanical,2,pass,pass,unknown,unknown,unknown,,,,,true,,rxn_b9dcc46f86f8
O2- + F -> O2- + F,Ion-neutral elastic scattering,ion,elastic,mechanical,2,pass,pass,unknown,unknown,unknown,,,,,true,,rxn_f4cf2787588c
O2- + O -> O2- + O,Ion-neutral elastic scattering,ion,elastic,mechanical,2,pass,pass,unknown,unknown,unknown,,,,,true,,rxn_470cf8775707
O2- + SF4 -> O2- + SF4,Ion-neutral elastic scattering,ion,elastic,mechanical,2,pass,pass,unknown,unknown,unknown,,,,,true,,rxn_930c9775ee90
O2- + SF5 -> O2- + SF5,Ion-neutral elastic scattering,ion,elastic,mechanical,2,pass,pass,unknown,unknown,unknown,,,,,true,,rxn_0a4b14fbdbac
O2- + SF6 -> O2- + SF6,Ion-neutral elastic scattering,ion,elastic,mechanical,2,pass,pass,unknown,unknown,unknown,,,,,true,,rxn_83e366fcd935
SF4+ + Ar -> SF4+ + Ar,Ion-neutral elastic scattering,ion,elastic,mechanical,2,pass,pass,pass,unknown,unknown,,4.898386840742635e-16,,,true,,rxn_3c432c8f894c
SF4+ + F -> SF4+ + F,Ion-neutral elastic scattering,ion,elastic,mechanical,2,pass,pass,pass,unknown,unknown,,-4.898386840742635e-16,,,true,,rxn_fee3a587ed33
SF4+ + O -> SF4+ + O,Ion-neutral elastic scattering,ion,elastic,mechanical,2,pass,pass,pass,unknown,unknown,,0.0,,,true,,rxn_b307affab8a4
SF4+ + O2 -> SF4+ + O2,Ion-neutral elastic scattering,ion,elastic,mechanical,2,pass,pass,pass,unknown,unknown,,-7.347580261113953e-16,,,true,,rxn_76afcbede0e1
SF4+ + SF5 -> SF4+ + SF5,Ion-neutral elastic scattering,ion,elastic,mechanical,2,pass,pass,pass,unknown,unknown,,-2.4491934203713174e-16,,,true,,rxn_5f4cbb793fd5
SF4+ + SF6 -> SF4+ + SF6,Ion-neutral elastic scattering,ion,elastic,mechanical,2,pass,pass,pass,unknown,unknown,,2.4491934203713174e-16,,,true,,rxn_0cdde1e9e05f
SF4- + Ar -> SF4- + Ar,Ion-neutral elastic scattering,ion,elastic,mechanical,2,pass,pass,pass,unknown,unknown,,0.0,,,true,,rxn_529879fd7276
SF4- + F -> SF4- + F,Ion-neutral elastic scattering,ion,elastic,mechanical,2,pass,pass,pass,unknown,unknown,,2.4491934203713174e-16,,,true,,rxn_da295874edf7
SF4- + O -> SF4- + O,Ion-neutral elastic scattering,ion,elastic,mechanical,2,pass,pass,pass,unknown,unknown,,-2.4491934203713174e-16,,,true,,rxn_c0679b8500e4
SF4- + O2 -> SF4- + O2,Ion-neutral elastic scattering,ion,elastic,mechanical,2,pass,pass,pass,unknown,unknown,,0.0,,,true,,rxn_03797191318c
SF4- + SF5 -> SF4- + SF5,Ion-neutral elastic scattering,ion,elastic,mechanical,2,pass,pass,pass,unknown,unknown,,-1.959354736297054e-15,,,true,,rxn_13ed861389fd
SF4- + SF6 -> SF4- + SF6,Ion-neutral elastic scattering,ion,elastic,mechanical,2,pass,pass,pass,unknown,unknown,,1.959354736297054e-15,,,true,,rxn_8c415d1c6f93
SF5+ + Ar -> SF5+ + Ar,Ion-neutral elastic scattering,ion,elastic,mechanical,2,pass,pass,pass,unknown,unknown,,0.0,,,true,,rxn_dd02210bf9bc
SF5+ + F -> SF5+ + F,Ion-neutral elastic scattering,ion,elastic,mechanical,2,pass,pass,pass,unknown,unknown,,2.4491934203713174e-16,,,true,,rxn_a01fbf80d952
SF5+ + O -> SF5+ + O,Ion-neutral elastic scattering,ion,elastic,mechanical,2,pass,pass,pass,unknown,unknown,,-2.4491934203713174e-16,,,true,,rxn_94bba5e68aea
SF5+ + O2 -> SF5+ + O2,Ion-neutral elastic scattering,ion,elastic,mechanical,2,pass,pass,pass,unknown,unknown,,-2.4491934203713174e-16,,,true,,rxn_d9aa889fa527
SF5+ + SF4 -> SF5+ + SF4,Ion-neutral elastic scattering,ion,elastic,mechanical,2,pass,pass,pass,unknown,unknown,,2.4491934203713174e-16,,,true,,rxn_541ab6e73ac8
SF5+ + SF6 -> SF5+ + SF6,Ion-neutral elastic scattering,ion,elastic,mechanical,2,pass,pass,pass,unknown,unknown,,2.4491934203713174e-16,,,true,,rxn_23ee51e4d5a1
SF5- + Ar -> SF5- + Ar,Ion-neutral elastic scattering,ion,elastic,mechanical,2,pass,pass,pass,unknown,unknown,,0.0,,,true,,rxn_116845dff684
SF5- + F -> SF5- + F,Ion-neutral elastic scattering,ion,elastic,mechanical,2,pass,pass,pass,unknown,unknown,,2.4491934203713174e-16,,,true,,rxn_22f0f7de340e
SF5- + O -> SF5- + O,Ion-neutral elastic scattering,ion,elastic,mechanical,2,pass,pass,pass,unknown,unknown,,-2.4491934203713174e-16,,,true,,rxn_a38fa00eb539
SF5- + O2 -> SF5- + O2,Ion-neutral elastic scattering,ion,elastic,mechanical,2,pass,pass,pass,unknown,unknown,,0.0,,,true,,rxn_dfc578488cda
SF5- + SF4 -> SF5- + SF4,Ion-neutral elastic scattering,ion,elastic,mechanical,2,pass,pass,pass,unknown,unknown,,1.7144353942599222e-15,,,true,,rxn_4947f4c9d4f4
SF5- + SF6 -> SF5- + SF6,Ion-neutral elastic scattering,ion,elastic,mechanical,2,pass,pass,pass,unknown,unknown,,-1.959354736297054e-15,,,true,,rxn_cd707a95f091
SF6+ + Ar -> SF6+ + Ar,Ion-neutral elastic scattering,ion,elastic,mechanical,2,pass,unknown,unknown,unknown,unknown,,,,,true,,rxn_8bd7d47c383c
SF6+ + F -> SF6+ + F,Ion-neutral elastic scattering,ion,elastic,mechanical,2,pass,unknown,unknown,unknown,unknown,,,,,true,,rxn_b591bf38d042
SF6+ + O -> SF6+ + O,Ion-neutral elastic scattering,ion,elastic,mechanical,2,pass,unknown,unknown,unknown,unknown,,,,,true,,rxn_bbf9d36bf7b0
SF6+ + O2 -> SF6+ + O2,Ion-neutral elastic scattering,ion,elastic,mechanical,2,pass,unknown,unknown,unknown,unknown,,,,,true,,rxn_4036876f9979
SF6+ + SF4 -> SF6+ + SF4,Ion-neutral elastic scattering,ion,elastic,mechanical,2,pass,unknown,unknown,unknown,unknown,,,,,true,,rxn_12f6faaa06c4
SF6+ + SF5 -> SF6+ + SF5,Ion-neutral elastic scattering,ion,elastic,mechanical,2,pass,unknown,unknown,unknown,unknown,,,,,true,,rxn_cb27e5ed5512
SF6- + Ar -> SF6- + Ar,Ion-neutral elastic scattering,ion,elastic,mechanical,2,pass,pass,pass,unknown,unknown,,0.0,,,true,,rxn_254b60858ab8
SF6- + F -> SF6- + F,Ion-neutral elastic scattering,ion,elastic,mechanical,2,pass,pass,pass,unknown,unknown,,2.4491934203713174e-16,,,true,,rxn_60e36e9c98cf
SF6- + O -> SF6- + O,Ion-neutral elastic scattering,ion,elastic,mechanical,2,pass,pass,pass,unknown,unknown,,-2.4491934203713174e-16,,,true,,rxn_bff70e6c3598
SF6- + O2 -> SF6- + O2,Ion-neutral elastic scattering,ion,elastic,mechanical,2,pass,pass,pass,unknown,unknown,,0.0,,,true,,rxn_dee20a821ae8
SF6- + SF4 -> SF6- + SF4,Ion-neutral elastic scattering,ion,elastic,mechanical,2,pass,pass,pass,unknown,unknown,,2.4491934203713174e-16,,,true,,rxn_ffbecb5a26c5
SF6- + SF5 -> SF6- + SF5,Ion-neutral elastic scattering,ion,elastic,mechanical,2,pass,pass,pass,unknown,unknown,,0.0,,,true,,rxn_d8a8458e0167
Ar+ + Ar(m) -> Ar+ + Ar,Ion-induced deexcitation,ion,ion_induced_deexcitation,mechanical,2,pass,unknown,unknown,unknown,unknown,,,,,true,,rxn_32e0ff81482e
Ar+ + Ar(r) -> Ar+ + Ar,Ion-induced deexcitation,ion,ion_induced_deexcitation,mechanical,2,pass,unknown,unknown,unknown,unknown,,,,,true,,rxn_8bb2a60a7fbc
Ar- + Ar(m) -> Ar- + Ar,Ion-induced deexcitation,ion,ion_induced_deexcitation,mechanical,2,pass,fail,unknown,unknown,unknown,,,,,true,,rxn_ffe8fc60e569
Ar- + Ar(r) -> Ar- + Ar,Ion-induced deexcitation,ion,ion_induced_deexcitation,mechanical,2,pass,fail,unknown,unknown,unknown,,,,,true,,rxn_634f6e55908a
O2+ + O2(v) -> O2+ + O2,Ion-induced deexcitation,ion,ion_induced_deexcitation,mechanical,2,pass,unknown,unknown,unknown,unknown,,,,,true,,rxn_a339d2371429
O2+ + O2* -> O2+ + O2,Ion-induced deexcitation,ion,ion_induced_deexcitation,mechanical,2,pass,unknown,unknown,unknown,unknown,,,,,true,,rxn_dbb28e568d13
O2- + O2(v) -> O2- + O2,Ion-induced deexcitation,ion,ion_induced_deexcitation,mechanical,2,pass,unknown,unknown,unknown,unknown,,,,,true,,rxn_43949eda804d
O2- + O2* -> O2- + O2,Ion-induced deexcitation,ion,ion_induced_deexcitation,mechanical,2,pass,unknown,unknown,unknown,unknown,,,,,true,,rxn_ac67529bdd89
SF6+ + SF6(v) -> SF6+ + SF6,Ion-induced deexcitation,ion,ion_induced_deexcitation,mechanical,2,pass,unknown,unknown,unknown,unknown,,,,,true,,rxn_d77688a1dd0f
SF6+ + SF6* -> SF6+ + SF6,Ion-induced deexcitation,ion,ion_induced_deexcitation,mechanical,2,pass,unknown,unknown,unknown,unknown,,,,,true,,rxn_0fa6fe52db76
SF6- + SF6(v) -> SF6- + SF6,Ion-induced deexcitation,ion,ion_induced_deexcitation,mechanical,2,pass,unknown,unknown,unknown,unknown,,,,,true,,rxn_fe184b3e26d7
SF6- + SF6* -> SF6- + SF6,Ion-induced deexcitation,ion,ion_induced_deexcitation,mechanical,2,pass,unknown,unknown,unknown,unknown,,,,,true,,rxn_32730ad67776
Ar+ + Ar -> Ar+ + Ar(m),Ion-induced excitation,ion,ion_induced_excitation,mechanical,2,pass,unknown,unknown,unknown,unknown,,,,,true,,rxn_c93e3d600f78
Ar+ + Ar -> Ar+ + Ar(r),Ion-induced excitation,ion,ion_induced_excitation,mechanical,2,pass,unknown,unknown,unknown,unknown,,,,,true,,rxn_f07d0ba16e30
Ar+ + O2 -> Ar+ + O2(v),Ion-induced excitation,ion,ion_induced_excitation,mechanical,2,pass,unknown,unknown,unknown,unknown,,,,,true,,rxn_192278ce671f
Ar+ + O2 -> Ar+ + O2*,Ion-induced excitation,ion,ion_induced_excitation,mechanical,2,pass,unknown,unknown,unknown,unknown,,,,,true,,rxn_0c51497b3a6c
Ar+ + SF6 -> Ar+ + SF6(v),Ion-induced excitation,ion,ion_induced_excitation,mechanical,2,pass,unknown,unknown,unknown,unknown,,,,,true,,rxn_3f33d99f9ccf
Ar+ + SF6 -> Ar+ + SF6*,Ion-induced excitation,ion,ion_induced_excitation,mechanical,2,pass,unknown,unknown,unknown,unknown,,,,,true,,rxn_d6b4d0f8cb8a
Ar- + Ar -> Ar- + Ar(m),Ion-induced excitation,ion,ion_induced_excitation,mechanical,2,pass,fail,unknown,unknown,unknown,,,,,true,,rxn_fab0902a6843
Ar- + Ar -> Ar- + Ar(r),Ion-induced excitation,ion,ion_induced_excitation,mechanical,2,pass,fail,unknown,unknown,unknown,,,,,true,,rxn_26b94c20754e
Ar- + O2 -> Ar- + O2(v),Ion-induced excitation,ion,ion_induced_excitation,mechanical,2,pass,fail,unknown,unknown,unknown,,,,,true,,rxn_763194797e8c
Ar- + O2 -> Ar- + O2*,Ion-induced excitation,ion,ion_induced_excitation,mechanical,2,pass,fail,unknown,unknown,unknown,,,,,true,,rxn_de2e4db00652
Ar- + SF6 -> Ar- + SF6(v),Ion-induced excitation,ion,ion_induced_excitation,mechanical,2,pass,fail,unknown,unknown,unknown,,,,,true,,rxn_34ead5e73382
Ar- + SF6 -> Ar- + SF6*,Ion-induced excitation,ion,ion_induced_excitation,mechanical,2,pass,fail,unknown,unknown,unknown,,,,,true,,rxn_5b9f46c8ac60
F- + Ar -> F- + Ar(m),Ion-induced excitation,ion,ion_induced_excitation,mechanical,2,pass,unknown,unknown,unknown,unknown,,,,,true,,rxn_222778c68495
F- + Ar -> F- + Ar(r),Ion-induced excitation,ion,ion_induced_excitation,mechanical,2,pass,unknown,unknown,unknown,unknown,,,,,true,,rxn_5942bf61f3be
F- + O2 -> F- + O2(v),Ion-induced excitation,ion,ion_induced_excitation,mechanical,2,pass,unknown,unknown,unknown,unknown,,,,,true,,rxn_bfa59c320fbd
F- + O2 -> F- + O2*,Ion-induced excitation,ion,ion_induced_excitation,mechanical,2,pass,unknown,unknown,unknown,unknown,,,,,true,,rxn_86ebe75679e7
F- + SF6 -> F- + SF6(v),Ion-induced excitation,ion,ion_induced_excitation,mechanical,2,pass,unknown,unknown,unknown,unknown,,,,,true,,rxn_64bf92fe77c3
F- + SF6 -> F- + SF6*,Ion-induced excitation,ion,ion_induced_excitation,mechanical,2,pass,unknown,unknown,unknown,unknown,,,,,true,,rxn_94d90e71a691
F2- + Ar -> F2- + Ar(m),Ion-induced excitation,ion,ion_induced_excitation,mechanical,2,pass,unknown,unknown,unknown,unknown,,,,,true,,rxn_da59ca819762
F2- + Ar -> F2- + Ar(r),Ion-induced excitation,ion,ion_induced_excitation,mechanical,2,pass,unknown,unknown,unknown,unknown,,,,,true,,rxn_1855ac1f9f46
F2- + O2 -> F2- + O2(v),Ion-induced excitation,ion,ion_induced_excitation,mechanical,2,pass,unknown,unknown,unknown,unknown,,,,,true,,rxn_1b6487134dfc
F2- + O2 -> F2- + O2*,Ion-induced excitation,ion,ion_induced_excitation,mechanical,2,pass,unknown,unknown,unknown,unknown,,,,,true,,rxn_168994101f30
F2- + SF6 -> F2- + SF6(v),Ion-induced excitation,ion,ion_induced_excitation,mechanical,2,pass,unknown,unknown,unknown,unknown,,,,,true,,rxn_e82084d7da05
F2- + SF6 -> F2- + SF6*,Ion-induced excitation,ion,ion_induced_excitation,mechanical,2,pass,unknown,unknown,unknown,unknown,,,,,true,,rxn_0bb0494f8f7d
O+ + Ar -> O+ + Ar(m),Ion-induced excitation,ion,ion_induced_excitation,mechanical,2,pass,unknown,unknown,unknown,unknown,,,,,true,,rxn_3afea6ddf67b
O+ + Ar -> O+ + Ar(r),Ion-induced excitation,ion,ion_induced_excitation,mechanical,2,pass,unknown,unknown,unknown,unknown,,,,,true,,rxn_dae5325eb31b
O+ + O2 -> O+ + O2(v),Ion-induced excitation,ion,ion_induced_excitation,mechanical,2,pass,unknown,unknown,unknown,unknown,,,,,true,,rxn_32887c53cfc0
O+ + O2 -> O+ + O2*,Ion-induced excitation,ion,ion_induced_excitation,mechanical,2,pass,unknown,unknown,unknown,unknown,,,,,true,,rxn_325d242a60fa
O+ + SF6 -> O+ + SF6(v),Ion-induced excitation,ion,ion_induced_excitation,mechanical,2,pass,unknown,unknown,unknown,unknown,,,,,true,,rxn_947093be3534
O+ + SF6 -> O+ + SF6*,Ion-induced excitation,ion,ion_induced_excitation,mechanical,2,pass,unknown,unknown,unknown,unknown,,,,,true,,rxn_dcd2337a6fa7
O- + Ar -> O- + Ar(m),Ion-induced excitation,ion,ion_induced_excitation,mechanical,2,pass,unknown,unknown,unknown,unknown,,,,,true,,rxn_5c1d1862d883
O- + Ar -> O- + Ar(r),Ion-induced excitation,ion,ion_induced_excitation,mechanical,2,pass,unknown,unknown,unknown,unknown,,,,,true,,rxn_dc4f1eaed1a8
O- + O2 -> O- + O2(v),Ion-induced excitation,ion,ion_induced_excitation,mechanical,2,pass,unknown,unknown,unknown,unknown,,,,,true,,rxn_9938203e8724
O- + O2 -> O- + O2*,Ion-induced excitation,ion,ion_induced_excitation,mechanical,2,pass,unknown,unknown,unknown,unknown,,,,,true,,rxn_1aaa5217616d
O- + SF6 -> O- + SF6(v),Ion-induced excitation,ion,ion_induced_excitation,mechanical,2,pass,unknown,unknown,unknown,unknown,,,,,true,,rxn_15e15bb3496f
O- + SF6 -> O- + SF6*,Ion-induced excitation,ion,ion_induced_excitation,mechanical,2,pass,unknown,unknown,unknown,unknown,,,,,true,,rxn_62c5edfce195
O2+ + Ar -> O2+ + Ar(m),Ion-induced excitation,ion,ion_induced_excitation,mechanical,2,pass,unknown,unknown,unknown,unknown,,,,,true,,rxn_6ece5fa184d7
O2+ + Ar -> O2+ + Ar(r),Ion-induced excitation,ion,ion_induced_excitation,mechanical,2,pass,unknown,unknown,unknown,unknown,,,,,true,,rxn_18e7a7fd5b5b
O2+ + O2 -> O2+ + O2(v),Ion-induced excitation,ion,ion_induced_excitation,mechanical,2,pass,unknown,unknown,unknown,unknown,,,,,true,,rxn_a94bfb506276
O2+ + O2 -> O2+ + O2*,Ion-induced excitation,ion,ion_induced_excitation,mechanical,2,pass,unknown,unknown,unknown,unknown,,,,,true,,rxn_f75feb2eb0bc
O2+ + SF6 -> O2+ + SF6(v),Ion-induced excitation,ion,ion_induced_excitation,mechanical,2,pass,unknown,unknown,unknown,unknown,,,,,true,,rxn_9839b3290215
O2+ + SF6 -> O2+ + SF6*,Ion-induced excitation,ion,ion_induced_excitation,mechanical,2,pass,unknown,unknown,unknown,unknown,,,,,true,,rxn_79ac2346d057
O2- + Ar -> O2- + Ar(m),Ion-induced excitation,ion,ion_induced_excitation,mechanical,2,pass,unknown,unknown,unknown,unknown,,,,,true,,rxn_8e59537d4986
O2- + Ar -> O2- + Ar(r),Ion-induced excitation,ion,ion_induced_excitation,mechanical,2,pass,unknown,unknown,unknown,unknown,,,,,true,,rxn_7cb2c47d47e0
O2- + O2 -> O2- + O2(v),Ion-induced excitation,ion,ion_induced_excitation,mechanical,2,pass,unknown,unknown,unknown,unknown,,,,,true,,rxn_44de2b53da2e
O2- + O2 -> O2- + O2*,Ion-induced excitation,ion,ion_induced_excitation,mechanical,2,pass,unknown,unknown,unknown,unknown,,,,,true,,rxn_07117cb5ce40
O2- + SF6 -> O2- + SF6(v),Ion-induced excitation,ion,ion_induced_excitation,mechanical,2,pass,unknown,unknown,unknown,unknown,,,,,true,,rxn_95c7fcdcc3c5
O2- + SF6 -> O2- + SF6*,Ion-induced excitation,ion,ion_induced_excitation,mechanical,2,pass,unknown,unknown,unknown,unknown,,,,,true,,rxn_a70d8c3cec61
SF4+ + Ar -> SF4+ + Ar(m),Ion-induced excitation,ion,ion_induced_excitation,mechanical,2,pass,unknown,unknown,unknown,unknown,,,,,true,,rxn_10f38ea4940a
SF4+ + Ar -> SF4+ + Ar(r),Ion-induced excitation,ion,ion_induced_excitation,mechanical,2,pass,unknown,unknown,unknown,unknown,,,,,true,,rxn_331700d6e428
SF4+ + O2 -> SF4+ + O2(v),Ion-induced excitation,ion,ion_induced_excitation,mechanical,2,pass,unknown,unknown,unknown,unknown,,,,,true,,rxn_8a0e1be8a9bb
SF4+ + O2 -> SF4+ + O2*,Ion-induced excitation,ion,ion_induced_excitation,mechanical,2,pass,unknown,unknown,unknown,unknown,,,,,true,,rxn_b0437b6dca6f
SF4+ + SF6 -> SF4+ + SF6(v),Ion-induced excitation,ion,ion_induced_excitation,mechanical,2,pass,unknown,unknown,unknown,unknown,,,,,true,,rxn_1490c3792b35
SF4+ + SF6 -> SF4+ + SF6*,Ion-induced excitation,ion,ion_induced_excitation,mechanical,2,pass,unknown,unknown,unknown,unknown,,,,,true,,rxn_ce7e787cddbb
SF4- + Ar -> SF4- + Ar(m),Ion-induced excitation,ion,ion_induced_excitation,mechanical,2,pass,unknown,unknown,unknown,unknown,,,,,true,,rxn_940d254dd67a
SF4- + Ar -> SF4- + Ar(r),Ion-induced excitation,ion,ion_induced_excitation,mechanical,2,pass,unknown,unknown,unknown,unknown,,,,,true,,rxn_340a3ee3e248
SF4- + O2 -> SF4- + O2(v),Ion-induced excitation,ion,ion_induced_excitation,mechanical,2,pass,unknown,unknown,unknown,unknown,,,,,true,,rxn_63e37e53b7a9
SF4- + O2 -> SF4- + O2*,Ion-induced excitation,ion,ion_induced_excitation,mechanical,2,pass,unknown,unknown,unknown,unknown,,,,,true,,rxn_05b5913a2ae9
SF4- + SF6 -> SF4- + SF6(v),Ion-induced excitation,ion,ion_induced_excitation,mechanical,2,pass,unknown,unknown,unknown,unknown,,,,,true,,rxn_ebbe09e0a63e
SF4- + SF6 -> SF4- + SF6*,Ion-induced excitation,ion,ion_induced_excitation,mechanical,2,pass,unknown,unknown,unknown,unknown,,,,,true,,rxn_57062f98e71e
SF5+ + Ar -> SF5+ + Ar(m),Ion-induced excitation,ion,ion_induced_excitation,mechanical,2,pass,unknown,unknown,unknown,unknown,,,,,true,,rxn_0f893bd6fca2
SF5+ + Ar -> SF5+ + Ar(r),Ion-induced excitation,ion,ion_induced_excitation,mechanical,2,pass,unknown,unknown,unknown,unknown,,,,,true,,rxn_6bba70401a30
SF5+ + O2 -> SF5+ + O2(v),Ion-induced excitation,ion,ion_induced_excitation,mechanical,2,pass,unknown,unknown,unknown,unknown,,,,,true,,rxn_7fa7ac6bba63
SF5+ + O2 -> SF5+ + O2*,Ion-induced excitation,ion,ion_induced_excitation,mechanical,2,pass,unknown,unknown,unknown,unknown,,,,,true,,rxn_33a9ab8ad991
SF5+ + SF6 -> SF5+ + SF6(v),Ion-induced excitation,ion,ion_induced_excitation,mechanical,2,pass,unknown,unknown,unknown,unknown,,,,,true,,rxn_5e382d73510a
SF5+ + SF6 -> SF5+ + SF6*,Ion-induced excitation,ion,ion_induced_excitation,mechanical,2,pass,unknown,unknown,unknown,unknown,,,,,true,,rxn_8ce24f59be6b
SF5- + Ar -> SF5- + Ar(m),Ion-induced excitation,ion,ion_induced_excitation,mechanical,2,pass,unknown,unknown,unknown,unknown,,,,,true,,rxn_786c54115172
SF5- + Ar -> SF5- + Ar(r),Ion-induced excitation,ion,ion_induced_excitation,mechanical,2,pass,unknown,unknown,unknown,unknown,,,,,true,,rxn_67ac4771b482
SF5- + O2 -> SF5- + O2(v),Ion-induced excitation,ion,ion_induced_excitation,mechanical,2,pass,unknown,unknown,unknown,unknown,,,,,true,,rxn_d551dc8b4f85
SF5- + O2 -> SF5- + O2*,Ion-induced excitation,ion,ion_induced_excitation,mechanical,2,pass,unknown,unknown,unknown,unknown,,,,,true,,rxn_983fc8fdec31
SF5- + SF6 -> SF5- + SF6(v),Ion-induced excitation,ion,ion_induced_excitation,mechanical,2,pass,unknown,unknown,unknown,unknown,,,,,true,,rxn_989ba5458ba5
SF5- + SF6 -> SF5- + SF6*,Ion-induced excitation,ion,ion_induced_excitation,mechanical,2,pass,unknown,unknown,unknown,unknown,,,,,true,,rxn_768dba58b91d
SF6+ + Ar -> SF6+ + Ar(m),Ion-induced excitation,ion,ion_induced_excitation,mechanical,2,pass,unknown,unknown,unknown,unknown,,,,,true,,rxn_fbec1a310891
SF6+ + Ar -> SF6+ + Ar(r),Ion-induced excitation,ion,ion_induced_excitation,mechanical,2,pass,unknown,unknown,unknown,unknown,,,,,true,,rxn_44a799cc4391
SF6+ + O2 -> SF6+ + O2(v),Ion-induced excitation,ion,ion_induced_excitation,mechanical,2,pass,unknown,unknown,unknown,unknown,,,,,true,,rxn_ec30e82a9f43
SF6+ + O2 -> SF6+ + O2*,Ion-induced excitation,ion,ion_induced_excitation,mechanical,2,pass,unknown,unknown,unknown,unknown,,,,,true,,rxn_ee8ef6bc6f76
SF6+ + SF6 -> SF6+ + SF6(v),Ion-induced excitation,ion,ion_induced_excitation,mechanical,2,pass,unknown,unknown,unknown,unknown,,,,,true,,rxn_29bbcb9fd1ce
SF6+ + SF6 -> SF6+ + SF6*,Ion-induced excitation,ion,ion_induced_excitation,mechanical,2,pass,unknown,unknown,unknown,unknown,,,,,true,,rxn_3b5d77b29506
SF6- + Ar -> SF6- + Ar(m),Ion-induced excitation,ion,ion_induced_excitation,mechanical,2,pass,unknown,unknown,unknown,unknown,,,,,true,,rxn_44c87bdf87ff
SF6- + Ar -> SF6- + Ar(r),Ion-induced excitation,ion,ion_induced_excitation,mechanical,2,pass,unknown,unknown,unknown,unknown,,,,,true,,rxn_2b487adcdd30
SF6- + O2 -> SF6- + O2(v),Ion-induced excitation,ion,ion_induced_excitation,mechanical,2,pass,unknown,unknown,unknown,unknown,,,,,true,,rxn_f80d1bf8f773
SF6- + O2 -> SF6- + O2*,Ion-induced excitation,ion,ion_induced_excitation,mechanical,2,pass,unknown,unknown,unknown,unknown,,,,,true,,rxn_e271959ade4b
SF6- + SF6 -> SF6- + SF6(v),Ion-induced excitation,ion,ion_induced_excitation,mechanical,2,pass,unknown,unknown,unknown,unknown,,,,,true,,rxn_96d4dbf2de4a
SF6- + SF6 -> SF6- + SF6*,Ion-induced excitation,ion,ion_induced_excitation,mechanical,2,pass,unknown,unknown,unknown,unknown,,,,,true,,rxn_0a4b3348707f
Ar+ + SF6 -> ArF+ + SF5,Ligand transfer,ion,ligand_transfer,mechanical,2,pass,unknown,unknown,unknown,unknown,,,,,true,,rxn_a546f5097016
Ar- + SF6 -> ArF- + SF5,Ligand transfer,ion,ligand_transfer,mechanical,2,pass,fail,unknown,unknown,unknown,,,,,true,,rxn_35d5ea7585cc
F- + O2 -> OF- + O,Ligand transfer,ion,ligand_transfer,mechanical,2,pass,unknown,unknown,unknown,unknown,,,,,true,,rxn_8938659e7221
F- + SF6 -> F2- + SF5,Ligand transfer,ion,ligand_transfer,mechanical,2,pass,pass,unknown,unknown,unknown,,,,,true,,rxn_b9b63efc7b51
O+ + SF6 -> OF+ + SF5,Ligand transfer,ion,ligand_transfer,mechanical,2,pass,unknown,unknown,unknown,unknown,,,,,true,,rxn_5cc5d702745b
O- + SF6 -> OF- + SF5,Ligand transfer,ion,ligand_transfer,mechanical,2,pass,unknown,unknown,unknown,unknown,,,,,true,,rxn_5796dfb96be5
O2+ + SF6 -> O2F+ + SF5,Ligand transfer,ion,ligand_transfer,mechanical,2,pass,unknown,unknown,unknown,unknown,,,,,true,,rxn_e59d9712e919
O2- + SF6 -> O2F- + SF5,Ligand transfer,ion,ligand_transfer,mechanical,2,pass,unknown,unknown,unknown,unknown,,,,,true,,rxn_cbafaa98e3d0
SF4+ + O2 -> SF3+ + O2F,Ligand transfer,ion,ligand_transfer,mechanical,2,pass,unknown,unknown,unknown,unknown,,,,,true,,rxn_5d2bd7235361
SF4+ + SF6 -> SF5+ + SF5,Ligand transfer,ion,ligand_transfer,mechanical,2,pass,pass,pass,unknown,unknown,,0.7120858098705101,,,true,,rxn_3a976de179ee
SF4- + O2 -> SF3- + O2F,Ligand transfer,ion,ligand_transfer,mechanical,2,pass,unknown,unknown,unknown,unknown,,,,,true,,rxn_2d770cc5d068
SF4- + SF6 -> SF5- + SF5,Ligand transfer,ion,ligand_transfer,mechanical,2,pass,pass,pass,unknown,unknown,,-0.7838327757582604,,,true,,rxn_c1c4b7a6eac4
SF5+ + O2 -> SF4+ + O2F,Ligand transfer,ion,ligand_transfer,mechanical,2,pass,unknown,unknown,unknown,unknown,,,,,true,,rxn_3f8b77e79f71
SF5- + O2 -> SF4- + O2F,Ligand transfer,ion,ligand_transfer,mechanical,2,pass,unknown,unknown,unknown,unknown,,,,,true,,rxn_3435d2795bdd
SF6+ + O2 -> SF5+ + O2F,Ligand transfer,ion,ligand_transfer,mechanical,2,pass,unknown,unknown,unknown,unknown,,,,,true,,rxn_7b775b220d73
SF6- + O2 -> SF5- + O2F,Ligand transfer,ion,ligand_transfer,mechanical,2,pass,unknown,unknown,unknown,unknown,,,,,true,,rxn_614d97b94f19
Ar+ + Ar- -> 2 Ar,Ion-ion mutual neutralization,ion,mutual_neutralization,mechanical,2,pass,fail,unknown,unknown,unknown,,,,,true,,rxn_7f218ecf9f30
Ar+ + F- -> Ar + F,Ion-ion mutual neutralization,ion,mutual_neutralization,mechanical,2,pass,pass,pass,unknown,unknown,-12.358480725314177,-12.368353859108916,,,true,,rxn_5a8abcb23ae7
Ar+ + F2- -> Ar + F2,Ion-ion mutual neutralization,ion,mutual_neutralization,mechanical,2,pass,pass,unknown,unknown,unknown,,,,,true,,rxn_332f20e828db
Ar+ + O- -> Ar + O,Ion-ion mutual neutralization,ion,mutual_neutralization,mechanical,2,pass,pass,pass,unknown,unknown,-14.299033000000001,-14.26012763569663,,,true,,rxn_7f1253ebcfb9
Ar+ + O2- -> Ar + O2,Ion-ion mutual neutralization,ion,mutual_neutralization,mechanical,2,pass,pass,unknown,unknown,unknown,,,,,true,,rxn_5a307f1b77b9
Ar+ + SF4- -> Ar + SF4,Ion-ion mutual neutralization,ion,mutual_neutralization,mechanical,2,pass,pass,pass,unknown,unknown,,-14.430111243453515,,,true,,rxn_dd2411ca5147
Ar+ + SF5- -> Ar + SF5,Ion-ion mutual neutralization,ion,mutual_neutralization,mechanical,2,pass,pass,pass,unknown,unknown,,-11.994894585086703,,,true,,rxn_76deee901153
Ar+ + SF6- -> Ar + SF6,Ion-ion mutual neutralization,ion,mutual_neutralization,mechanical,2,pass,pass,pass,unknown,unknown,,-14.469725301650618,,,true,,rxn_aeff13c92396
O+ + Ar- -> Ar + O,Ion-ion mutual neutralization,ion,mutual_neutralization,mechanical,2,pass,fail,unknown,unknown,unknown,,,,,true,,rxn_70a5390f4242
O+ + F- -> F + O,Ion-ion mutual neutralization,ion,mutual_neutralization,mechanical,2,pass,pass,pass,unknown,unknown,-10.216448725314178,,,,true,,rxn_ab9968592dae
O+ + F2- -> O + F2,Ion-ion mutual neutralization,ion,mutual_neutralization,mechanical,2,pass,pass,unknown,unknown,unknown,,,,,true,,rxn_e0b2ebc9554d
O+ + O- -> 2 O,Ion-ion mutual neutralization,ion,mutual_neutralization,mechanical,2,pass,pass,pass,unknown,unknown,-12.157001000000003,,,,true,,rxn_10beb5bc00af
O+ + O2- -> O + O2,Ion-ion mutual neutralization,ion,mutual_neutralization,mechanical,2,pass,pass,unknown,unknown,unknown,,,,,true,,rxn_f362c4374a2b
O+ + SF4- -> O + SF4,Ion-ion mutual neutralization,ion,mutual_neutralization,mechanical,2,pass,pass,unknown,unknown,unknown,,,,,true,,rxn_f7ee71dc5c4b
O+ + SF5- -> O + SF5,Ion-ion mutual neutralization,ion,mutual_neutralization,mechanical,2,pass,pass,unknown,unknown,unknown,,,,,true,,rxn_878797fc8aae
O+ + SF6- -> O + SF6,Ion-ion mutual neutralization,ion,mutual_neutralization,mechanical,2,pass,pass,unknown,unknown,unknown,,,,,true,,rxn_be817a6c1bc6
O2+ + Ar- -> Ar + O2,Ion-ion mutual neutralization,ion,mutual_neutralization,mechanical,2,pass,fail,unknown,unknown,unknown,,,,,true,,rxn_1cc12a118d26
O2+ + F- -> F + O2,Ion-ion mutual neutralization,ion,mutual_neutralization,mechanical,2,pass,pass,pass,unknown,unknown,-8.668570725314176,,,,true,,rxn_8d4f0a1d7027
O2+ + F2- -> F2 + O2,Ion-ion mutual neutralization,ion,mutual_neutralization,mechanical,2,pass,pass,unknown,unknown,unknown,,,,,true,,rxn_b483dbb9eeee
O2+ + O- -> O + O2,Ion-ion mutual neutralization,ion,mutual_neutralization,mechanical,2,pass,pass,pass,unknown,unknown,-10.609123,,,,true,,rxn_08e2f48ee28d
O2+ + O2- -> 2 O2,Ion-ion mutual neutralization,ion,mutual_neutralization,mechanical,2,pass,pass,unknown,unknown,unknown,,,,,true,,rxn_15fac312b7fa
O2+ + SF4- -> SF4 + O2,Ion-ion mutual neutralization,ion,mutual_neutralization,mechanical,2,pass,pass,unknown,unknown,unknown,,,,,true,,rxn_1a00ebfcdf98
O2+ + SF5- -> SF5 + O2,Ion-ion mutual neutralization,ion,mutual_neutralization,mechanical,2,pass,pass,unknown,unknown,unknown,,,,,true,,rxn_41c1f3734547
O2+ + SF6- -> O2 + SF6,Ion-ion mutual neutralization,ion,mutual_neutralization,mechanical,2,pass,pass,unknown,unknown,unknown,,,,,true,,rxn_e48b9525719a
SF4+ + Ar- -> Ar + SF4,Ion-ion mutual neutralization,ion,mutual_neutralization,mechanical,2,pass,fail,unknown,unknown,unknown,,,,,true,,rxn_c67acde32496
SF4+ + F- -> F + SF4,Ion-ion mutual neutralization,ion,mutual_neutralization,mechanical,2,pass,pass,pass,pass,pass,,-8.764515881449567,,rate_coefficient,true,,rxn_faa9a163f5e1
SF4+ + F2- -> SF4 + F2,Ion-ion mutual neutralization,ion,mutual_neutralization,mechanical,2,pass,pass,unknown,pass,pass,,,,rate_coefficient,true,,rxn_778809ccbd60
SF4+ + O- -> O + SF4,Ion-ion mutual neutralization,ion,mutual_neutralization,mechanical,2,pass,pass,pass,unknown,unknown,,-10.656289658037275,,,true,,rxn_d1ddb845bbec
SF4+ + O2- -> SF4 + O2,Ion-ion mutual neutralization,ion,mutual_neutralization,mechanical,2,pass,pass,unknown,unknown,unknown,,,,,true,,rxn_37cc56bfbcc3
SF4+ + SF4- -> 2 SF4,Ion-ion mutual neutralization,ion,mutual_neutralization,mechanical,2,pass,pass,pass,pass,pass,,-10.826273265794164,,rate_coefficient,true,,rxn_ba6cd6f7374d
SF4+ + SF5- -> SF4 + SF5,Ion-ion mutual neutralization,ion,mutual_neutralization,mechanical,2,pass,pass,pass,pass,pass,,-8.39105660742735,,rate_coefficient,true,,rxn_68319c6d97f2
SF4+ + SF6- -> SF4 + SF6,Ion-ion mutual neutralization,ion,mutual_neutralization,mechanical,2,pass,pass,pass,pass,pass,,-10.86588732399127,,rate_coefficient,true,,rxn_4a376aae9032
SF5+ + Ar- -> Ar + SF5,Ion-ion mutual neutralization,ion,mutual_neutralization,mechanical,2,pass,fail,unknown,unknown,unknown,,,,,true,,rxn_0ab3ef89e183
SF5+ + F- -> F + SF5,Ion-ion mutual neutralization,ion,mutual_neutralization,mechanical,2,pass,pass,pass,pass,pass,,-7.825217808711523,,rate_coefficient,true,,rxn_c455213a3679
SF5+ + F2- -> SF5 + F2,Ion-ion mutual neutralization,ion,mutual_neutralization,mechanical,2,pass,pass,unknown,pass,pass,,,,rate_coefficient,true,,rxn_c30ff79b692e
SF5+ + O- -> O + SF5,Ion-ion mutual neutralization,ion,mutual_neutralization,mechanical,2,pass,pass,pass,unknown,unknown,,-9.716991585299231,,,true,,rxn_bfbac06ce9a9
SF5+ + O2- -> SF5 + O2,Ion-ion mutual neutralization,ion,mutual_neutralization,mechanical,2,pass,pass,unknown,unknown,unknown,,,,,true,,rxn_e14548a135f3
SF5+ + SF4- -> SF4 + SF5,Ion-ion mutual neutralization,ion,mutual_neutralization,mechanical,2,pass,pass,pass,pass,pass,,-9.886975193056122,,rate_coefficient,true,,rxn_e9c07ab2160e
SF5+ + SF5- -> 2 SF5,Ion-ion mutual neutralization,ion,mutual_neutralization,mechanical,2,pass,pass,pass,pass,pass,,-7.451758534689306,,rate_coefficient,true,,rxn_1aa142ee14b1
SF5+ + SF6- -> SF5 + SF6,Ion-ion mutual neutralization,ion,mutual_neutralization,mechanical,2,pass,pass,pass,pass,pass,,-9.926589251253226,,rate_coefficient,true,,rxn_439740b280d8
SF6+ + Ar- -> Ar + SF6,Ion-ion mutual neutralization,ion,mutual_neutralization,mechanical,2,pass,fail,unknown,unknown,unknown,,,,,true,,rxn_523141ca7777
SF6+ + F- -> F + SF6,Ion-ion mutual neutralization,ion,mutual_neutralization,mechanical,2,pass,unknown,unknown,unknown,unknown,,,,,true,,rxn_f9aa2731acea
SF6+ + F2- -> F2 + SF6,Ion-ion mutual neutralization,ion,mutual_neutralization,mechanical,2,pass,unknown,unknown,unknown,unknown,,,,,true,,rxn_ab0a938957c1
SF6+ + O- -> O + SF6,Ion-ion mutual neutralization,ion,mutual_neutralization,mechanical,2,pass,unknown,unknown,unknown,unknown,,,,,true,,rxn_13621cea71bc
SF6+ + O2- -> O2 + SF6,Ion-ion mutual neutralization,ion,mutual_neutralization,mechanical,2,pass,unknown,unknown,unknown,unknown,,,,,true,,rxn_be4520038559
SF6+ + SF4- -> SF4 + SF6,Ion-ion mutual neutralization,ion,mutual_neutralization,mechanical,2,pass,unknown,unknown,unknown,unknown,,,,,true,,rxn_f3c6bfa8b23d
SF6+ + SF5- -> SF5 + SF6,Ion-ion mutual neutralization,ion,mutual_neutralization,mechanical,2,pass,unknown,unknown,unknown,unknown,,,,,true,,rxn_90c5c1be74c1
SF6+ + SF6- -> 2 SF6,Ion-ion mutual neutralization,ion,mutual_neutralization,mechanical,2,pass,unknown,unknown,unknown,unknown,,,,,true,,rxn_a4c701847387
F2- + Ar -> F- + Ar + F,Projectile-ion dissociation,ion,projectile_dissociation,mechanical,2,pass,pass,unknown,unknown,unknown,,,,,true,,rxn_51b172ff0eff
F2- + F -> F- + 2 F,Projectile-ion dissociation,ion,projectile_dissociation,mechanical,2,pass,pass,unknown,unknown,unknown,,,,,true,,rxn_ab62f2634ad8
F2- + F2 -> F- + F + F2,Projectile-ion dissociation,ion,projectile_dissociation,mechanical,2,pass,pass,unknown,unknown,unknown,,,,,true,,rxn_98c8f5296d58
F2- + O -> F- + F + O,Projectile-ion dissociation,ion,projectile_dissociation,mechanical,2,pass,pass,unknown,unknown,unknown,,,,,true,,rxn_ff8d86c2cecd
F2- + O2 -> F- + F + O2,Projectile-ion dissociation,ion,projectile_dissociation,mechanical,2,pass,pass,unknown,unknown,unknown,,,,,true,,rxn_8b88ce2cb8e7
F2- + SF4 -> F- + F + SF4,Projectile-ion dissociation,ion,projectile_dissociation,mechanical,2,pass,pass,unknown,unknown,unknown,,,,,true,,rxn_fb1f8ae2046a
F2- + SF5 -> F- + F + SF5,Projectile-ion dissociation,ion,projectile_dissociation,mechanical,2,pass,pass,unknown,unknown,unknown,,,,,true,,rxn_063e1bcd142f
F2- + SF6 -> F- + F + SF6,Projectile-ion dissociation,ion,projectile_dissociation,mechanical,2,pass,pass,unknown,unknown,unknown,,,,,true,,rxn_cb9ffad86790
O2+ + Ar -> O+ + Ar + O,Projectile-ion dissociation,ion,projectile_dissociation,mechanical,2,pass,pass,pass,unknown,unknown,6.714032000000001,,,,true,,rxn_4487814bfc3e
O2+ + F -> O+ + F + O,Projectile-ion dissociation,ion,projectile_dissociation,mechanical,2,pass,pass,pass,unknown,unknown,6.714032000000001,,,,true,,rxn_7fe9af5cd55b
O2+ + O -> O+ + 2 O,Projectile-ion dissociation,ion,projectile_dissociation,mechanical,2,pass,pass,pass,unknown,unknown,6.714032000000001,,,,true,,rxn_ad2d57546439
O2+ + O2 -> O+ + O + O2,Projectile-ion dissociation,ion,projectile_dissociation,mechanical,2,pass,pass,pass,unknown,unknown,6.714032000000001,,,,true,,rxn_f01e2fa9b40b
O2+ + SF4 -> O+ + O + SF4,Projectile-ion dissociation,ion,projectile_dissociation,mechanical,2,pass,pass,pass,unknown,unknown,6.7140320000000004,,,,true,,rxn_131409ef2735
O2+ + SF5 -> O+ + O + SF5,Projectile-ion dissociation,ion,projectile_dissociation,mechanical,2,pass,pass,pass,unknown,unknown,6.714032000000001,,,,true,,rxn_07db0154557f
O2+ + SF6 -> O+ + O + SF6,Projectile-ion dissociation,ion,projectile_dissociation,mechanical,2,pass,pass,pass,unknown,unknown,6.714032000000001,,,,true,,rxn_2f5bda40eca3
O2- + Ar -> O- + Ar + O,Projectile-ion dissociation,ion,projectile_dissociation,mechanical,2,pass,pass,unknown,unknown,unknown,,,,,true,,rxn_f7f35bdddeea
O2- + F -> O- + F + O,Projectile-ion dissociation,ion,projectile_dissociation,mechanical,2,pass,pass,unknown,unknown,unknown,,,,,true,,rxn_ce78c2b7b516
O2- + O -> O- + 2 O,Projectile-ion dissociation,ion,projectile_dissociation,mechanical,2,pass,pass,unknown,unknown,unknown,,,,,true,,rxn_688c1b736a68
O2- + O2 -> O- + O + O2,Projectile-ion dissociation,ion,projectile_dissociation,mechanical,2,pass,pass,unknown,unknown,unknown,,,,,true,,rxn_fe0ea6173b83
O2- + SF4 -> O- + O + SF4,Projectile-ion dissociation,ion,projectile_dissociation,mechanical,2,pass,pass,unknown,unknown,unknown,,,,,true,,rxn_c0679ebd2f79
O2- + SF5 -> O- + O + SF5,Projectile-ion dissociation,ion,projectile_dissociation,mechanical,2,pass,pass,unknown,unknown,unknown,,,,,true,,rxn_23e8b6560508
O2- + SF6 -> O- + O + SF6,Projectile-ion dissociation,ion,projectile_dissociation,mechanical,2,pass,pass,unknown,unknown,unknown,,,,,true,,rxn_8bc0a2e778a4
SF4+ + Ar -> SF2+ + Ar + F2,Projectile-ion dissociation,ion,projectile_dissociation,mechanical,2,pass,pass,pass,unknown,unknown,,2.327620670211918,,,true,,rxn_d64bb05183d2
SF4+ + Ar -> SF3+ + Ar + F,Projectile-ion dissociation,ion,projectile_dissociation,mechanical,2,pass,pass,pass,unknown,unknown,,0.10477930908467332,,,true,,rxn_0102bee01d76
SF4+ + F -> SF2+ + F + F2,Projectile-ion dissociation,ion,projectile_dissociation,mechanical,2,pass,pass,pass,unknown,unknown,,2.3276206702119184,,,true,,rxn_932180b4b63a
SF4+ + F -> SF3+ + 2 F,Projectile-ion dissociation,ion,projectile_dissociation,mechanical,2,pass,pass,pass,unknown,unknown,,0.10477930908467309,,,true,,rxn_3f3a585b0d0f
SF4+ + O -> SF2+ + O + F2,Projectile-ion dissociation,ion,projectile_dissociation,mechanical,2,pass,pass,pass,unknown,unknown,,2.3276206702119175,,,true,,rxn_921ee5b909c4
SF4+ + O -> SF3+ + F + O,Projectile-ion dissociation,ion,projectile_dissociation,mechanical,2,pass,pass,pass,unknown,unknown,,0.10477930908467309,,,true,,rxn_9d726c848866
SF4+ + O2 -> SF2+ + F2 + O2,Projectile-ion dissociation,ion,projectile_dissociation,mechanical,2,pass,pass,pass,unknown,unknown,,2.327620670211918,,,true,,rxn_a3488bcbb15f
SF4+ + O2 -> SF3+ + F + O2,Projectile-ion dissociation,ion,projectile_dissociation,mechanical,2,pass,pass,pass,unknown,unknown,,0.10477930908467332,,,true,,rxn_3e08a047a237
SF4+ + SF4 -> SF2+ + SF4 + F2,Projectile-ion dissociation,ion,projectile_dissociation,mechanical,2,pass,pass,pass,unknown,unknown,,2.327620670211918,,,true,,rxn_6c9798fd5d35
SF4+ + SF4 -> SF3+ + F + SF4,Projectile-ion dissociation,ion,projectile_dissociation,mechanical,2,pass,pass,pass,unknown,unknown,,0.10477930908467357,,,true,,rxn_c4f15ae9b037
SF4+ + SF5 -> SF2+ + SF5 + F2,Projectile-ion dissociation,ion,projectile_dissociation,mechanical,2,pass,pass,pass,unknown,unknown,,2.327620670211918,,,true,,rxn_552d1c573539
SF4+ + SF5 -> SF3+ + F + SF5,Projectile-ion dissociation,ion,projectile_dissociation,mechanical,2,pass,pass,pass,unknown,unknown,,0.10477930908467382,,,true,,rxn_2878d465e249
SF4+ + SF6 -> SF2+ + F2 + SF6,Projectile-ion dissociation,ion,projectile_dissociation,mechanical,2,pass,pass,pass,unknown,unknown,,2.327620670211918,,,true,,rxn_90bc3958ca6d
SF4+ + SF6 -> SF3+ + F + SF6,Projectile-ion dissociation,ion,projectile_dissociation,mechanical,2,pass,pass,pass,unknown,unknown,,0.10477930908467332,,,true,,rxn_d8c484d2c200
SF4- + Ar -> SF2- + Ar + F2,Projectile-ion dissociation,ion,projectile_dissociation,mechanical,2,pass,pass,pass,unknown,unknown,,4.418051535047683,,,true,,rxn_16de370c9c7b
SF4- + Ar -> SF3- + Ar + F,Projectile-ion dissociation,ion,projectile_dissociation,mechanical,2,pass,pass,pass,unknown,unknown,,1.4477729867185087,,,true,,rxn_3301adda68a2
SF4- + F -> SF2- + F + F2,Projectile-ion dissociation,ion,projectile_dissociation,mechanical,2,pass,pass,pass,unknown,unknown,,4.418051535047683,,,true,,rxn_1d9ce6209d72
SF4- + F -> SF3- + 2 F,Projectile-ion dissociation,ion,projectile_dissociation,mechanical,2,pass,pass,pass,unknown,unknown,,1.4477729867185085,,,true,,rxn_45688f896605
SF4- + O -> SF2- + O + F2,Projectile-ion dissociation,ion,projectile_dissociation,mechanical,2,pass,pass,pass,unknown,unknown,,4.418051535047683,,,true,,rxn_851a08501a2e
SF4- + O -> SF3- + F + O,Projectile-ion dissociation,ion,projectile_dissociation,mechanical,2,pass,pass,pass,unknown,unknown,,1.4477729867185076,,,true,,rxn_115517916802
SF4- + O2 -> SF2- + F2 + O2,Projectile-ion dissociation,ion,projectile_dissociation,mechanical,2,pass,pass,pass,unknown,unknown,,4.418051535047683,,,true,,rxn_7f10e57546bf
SF4- + O2 -> SF3- + F + O2,Projectile-ion dissociation,ion,projectile_dissociation,mechanical,2,pass,pass,pass,unknown,unknown,,1.4477729867185087,,,true,,rxn_a6ed3be918fa
SF4- + SF4 -> SF2- + SF4 + F2,Projectile-ion dissociation,ion,projectile_dissociation,mechanical,2,pass,pass,pass,unknown,unknown,,4.418051535047683,,,true,,rxn_e5bfab89a0dd
SF4- + SF4 -> SF3- + F + SF4,Projectile-ion dissociation,ion,projectile_dissociation,mechanical,2,pass,pass,pass,unknown,unknown,,1.4477729867185094,,,true,,rxn_59eac56d53ac
SF4- + SF5 -> SF2- + SF5 + F2,Projectile-ion dissociation,ion,projectile_dissociation,mechanical,2,pass,pass,pass,unknown,unknown,,4.418051535047683,,,true,,rxn_a8bba99b6188
SF4- + SF5 -> SF3- + F + SF5,Projectile-ion dissociation,ion,projectile_dissociation,mechanical,2,pass,pass,pass,unknown,unknown,,1.4477729867185096,,,true,,rxn_97a63c37d6b4
SF4- + SF6 -> SF2- + F2 + SF6,Projectile-ion dissociation,ion,projectile_dissociation,mechanical,2,pass,pass,pass,unknown,unknown,,4.418051535047683,,,true,,rxn_ad8684537961
SF4- + SF6 -> SF3- + F + SF6,Projectile-ion dissociation,ion,projectile_dissociation,mechanical,2,pass,pass,pass,unknown,unknown,,1.4477729867185094,,,true,,rxn_fa790722fc31
SF5+ + Ar -> SF3+ + Ar + F2,Projectile-ion dissociation,ion,projectile_dissociation,mechanical,2,pass,pass,pass,unknown,unknown,,1.570970647471107,,,true,,rxn_4f09d2461415
SF5+ + Ar -> SF4+ + Ar + F,Projectile-ion dissociation,ion,projectile_dissociation,mechanical,2,pass,pass,pass,unknown,unknown,,2.6250043854761738,,,true,,rxn_772bb5a349b8
SF5+ + F -> SF3+ + F + F2,Projectile-ion dissociation,ion,projectile_dissociation,mechanical,2,pass,pass,pass,unknown,unknown,,1.5709706474711072,,,true,,rxn_583b43d8d1d6
SF5+ + F -> SF4+ + 2 F,Projectile-ion dissociation,ion,projectile_dissociation,mechanical,2,pass,pass,pass,unknown,unknown,,2.625004385476172,,,true,,rxn_3fa64aeaac2f
SF5+ + O -> SF3+ + O + F2,Projectile-ion dissociation,ion,projectile_dissociation,mechanical,2,pass,pass,pass,unknown,unknown,,1.570970647471108,,,true,,rxn_832c9ef2aab1
SF5+ + O -> SF4+ + F + O,Projectile-ion dissociation,ion,projectile_dissociation,mechanical,2,pass,pass,pass,unknown,unknown,,2.625004385476172,,,true,,rxn_fa9325a3825b
SF5+ + O2 -> SF3+ + F2 + O2,Projectile-ion dissociation,ion,projectile_dissociation,mechanical,2,pass,pass,pass,unknown,unknown,,1.570970647471107,,,true,,rxn_257a56bf30c4
SF5+ + O2 -> SF4+ + F + O2,Projectile-ion dissociation,ion,projectile_dissociation,mechanical,2,pass,pass,pass,unknown,unknown,,2.625004385476173,,,true,,rxn_ad4efdd2d153
SF5+ + SF4 -> SF3+ + SF4 + F2,Projectile-ion dissociation,ion,projectile_dissociation,mechanical,2,pass,pass,pass,unknown,unknown,,1.5709706474711072,,,true,,rxn_887ea42b903a
SF5+ + SF4 -> SF4+ + F + SF4,Projectile-ion dissociation,ion,projectile_dissociation,mechanical,2,pass,pass,pass,unknown,unknown,,2.625004385476172,,,true,,rxn_f764ed76373c
SF5+ + SF5 -> SF3+ + SF5 + F2,Projectile-ion dissociation,ion,projectile_dissociation,mechanical,2,pass,pass,pass,unknown,unknown,,1.570970647471107,,,true,,rxn_d648a300052a
SF5+ + SF5 -> SF4+ + F + SF5,Projectile-ion dissociation,ion,projectile_dissociation,mechanical,2,pass,pass,pass,unknown,unknown,,2.625004385476173,,,true,,rxn_87be45604f7b
SF5+ + SF6 -> SF3+ + F2 + SF6,Projectile-ion dissociation,ion,projectile_dissociation,mechanical,2,pass,pass,pass,unknown,unknown,,1.5709706474711074,,,true,,rxn_642d4c2a8b49
SF5+ + SF6 -> SF4+ + F + SF6,Projectile-ion dissociation,ion,projectile_dissociation,mechanical,2,pass,pass,pass,unknown,unknown,,2.6250043854761715,,,true,,rxn_b86d602c1be8
SF5- + Ar -> SF3- + Ar + F2,Projectile-ion dissociation,ion,projectile_dissociation,mechanical,2,pass,pass,pass,unknown,unknown,,4.409882910733715,,,true,,rxn_94e94a2748a3
SF5- + Ar -> SF4- + Ar + F,Projectile-ion dissociation,ion,projectile_dissociation,mechanical,2,pass,pass,pass,unknown,unknown,,4.120922971104945,,,true,,rxn_62fa0feb6858
SF5- + F -> SF3- + F + F2,Projectile-ion dissociation,ion,projectile_dissociation,mechanical,2,pass,pass,pass,unknown,unknown,,4.409882910733715,,,true,,rxn_104d3e4632eb
SF5- + F -> SF4- + 2 F,Projectile-ion dissociation,ion,projectile_dissociation,mechanical,2,pass,pass,pass,unknown,unknown,,4.120922971104945,,,true,,rxn_1cabdf7a944a
SF5- + O -> SF3- + O + F2,Projectile-ion dissociation,ion,projectile_dissociation,mechanical,2,pass,pass,pass,unknown,unknown,,4.409882910733714,,,true,,rxn_7409b240fa0e
SF5- + O -> SF4- + F + O,Projectile-ion dissociation,ion,projectile_dissociation,mechanical,2,pass,pass,pass,unknown,unknown,,4.120922971104945,,,true,,rxn_65504f690610
SF5- + O2 -> SF3- + F2 + O2,Projectile-ion dissociation,ion,projectile_dissociation,mechanical,2,pass,pass,pass,unknown,unknown,,4.409882910733715,,,true,,rxn_beeea21514cf
SF5- + O2 -> SF4- + F + O2,Projectile-ion dissociation,ion,projectile_dissociation,mechanical,2,pass,pass,pass,unknown,unknown,,4.120922971104945,,,true,,rxn_c0ae5c583b5a
SF5- + SF4 -> SF3- + SF4 + F2,Projectile-ion dissociation,ion,projectile_dissociation,mechanical,2,pass,pass,pass,unknown,unknown,,4.409882910733716,,,true,,rxn_8694d9934198
SF5- + SF4 -> SF4- + F + SF4,Projectile-ion dissociation,ion,projectile_dissociation,mechanical,2,pass,pass,pass,unknown,unknown,,4.120922971104945,,,true,,rxn_bb04e9f2eea5
SF5- + SF5 -> SF3- + SF5 + F2,Projectile-ion dissociation,ion,projectile_dissociation,mechanical,2,pass,pass,pass,unknown,unknown,,4.409882910733716,,,true,,rxn_fc5c32779e01
SF5- + SF5 -> SF4- + F + SF5,Projectile-ion dissociation,ion,projectile_dissociation,mechanical,2,pass,pass,pass,unknown,unknown,,4.120922971104945,,,true,,rxn_82868d9b4836
SF5- + SF6 -> SF3- + F2 + SF6,Projectile-ion dissociation,ion,projectile_dissociation,mechanical,2,pass,pass,pass,unknown,unknown,,4.409882910733716,,,true,,rxn_ffc79423797c
SF5- + SF6 -> SF4- + F + SF6,Projectile-ion dissociation,ion,projectile_dissociation,mechanical,2,pass,pass,pass,unknown,unknown,,4.120922971104945,,,true,,rxn_6978baccd572
SF6+ + Ar -> SF4+ + Ar + F2,Projectile-ion dissociation,ion,projectile_dissociation,mechanical,2,pass,unknown,unknown,unknown,unknown,,,,,true,,rxn_165501426eaf
SF6+ + Ar -> SF5+ + Ar + F,Projectile-ion dissociation,ion,projectile_dissociation,mechanical,2,pass,unknown,unknown,unknown,unknown,,,,,true,,rxn_5b1b552b4a87
SF6+ + F -> SF4+ + F + F2,Projectile-ion dissociation,ion,projectile_dissociation,mechanical,2,pass,unknown,unknown,unknown,unknown,,,,,true,,rxn_4f886ef4afdd
SF6+ + F -> SF5+ + 2 F,Projectile-ion dissociation,ion,projectile_dissociation,mechanical,2,pass,unknown,unknown,unknown,unknown,,,,,true,,rxn_58f27718b0fd
SF6+ + O -> SF4+ + O + F2,Projectile-ion dissociation,ion,projectile_dissociation,mechanical,2,pass,unknown,unknown,unknown,unknown,,,,,true,,rxn_311254dacd69
SF6+ + O -> SF5+ + F + O,Projectile-ion dissociation,ion,projectile_dissociation,mechanical,2,pass,unknown,unknown,unknown,unknown,,,,,true,,rxn_e5f926ec946d
SF6+ + O2 -> SF4+ + F2 + O2,Projectile-ion dissociation,ion,projectile_dissociation,mechanical,2,pass,unknown,unknown,unknown,unknown,,,,,true,,rxn_3220f704cfbb
SF6+ + O2 -> SF5+ + F + O2,Projectile-ion dissociation,ion,projectile_dissociation,mechanical,2,pass,unknown,unknown,unknown,unknown,,,,,true,,rxn_db72d637527a
SF6+ + SF4 -> SF4+ + SF4 + F2,Projectile-ion dissociation,ion,projectile_dissociation,mechanical,2,pass,unknown,unknown,unknown,unknown,,,,,true,,rxn_a556e94400f8
SF6+ + SF4 -> SF5+ + F + SF4,Projectile-ion dissociation,ion,projectile_dissociation,mechanical,2,pass,unknown,unknown,unknown,unknown,,,,,true,,rxn_471ffc996b32
SF6+ + SF5 -> SF4+ + SF5 + F2,Projectile-ion dissociation,ion,projectile_dissociation,mechanical,2,pass,unknown,unknown,unknown,unknown,,,,,true,,rxn_366afe7c57d1
SF6+ + SF5 -> SF5+ + F + SF5,Projectile-ion dissociation,ion,projectile_dissociation,mechanical,2,pass,unknown,unknown,unknown,unknown,,,,,true,,rxn_52d9d0fc90c9
SF6+ + SF6 -> SF4+ + F2 + SF6,Projectile-ion dissociation,ion,projectile_dissociation,mechanical,2,pass,unknown,unknown,unknown,unknown,,,,,true,,rxn_477bbd973818
SF6+ + SF6 -> SF5+ + F + SF6,Projectile-ion dissociation,ion,projectile_dissociation,mechanical,2,pass,unknown,unknown,unknown,unknown,,,,,true,,rxn_3d5eb0ca2da5
SF6- + Ar -> SF4- + Ar + F2,Projectile-ion dissociation,ion,projectile_dissociation,mechanical,2,pass,pass,pass,unknown,unknown,,3.8243694027979664,,,true,,rxn_c5c0bf0d8a00
SF6- + Ar -> SF5- + Ar + F,Projectile-ion dissociation,ion,projectile_dissociation,mechanical,2,pass,pass,pass,unknown,unknown,,0.8622594787827619,,,true,,rxn_a56aff5280e4
SF6- + F -> SF4- + F + F2,Projectile-ion dissociation,ion,projectile_dissociation,mechanical,2,pass,pass,pass,unknown,unknown,,3.824369402797968,,,true,,rxn_3a3aa5481506
SF6- + F -> SF5- + 2 F,Projectile-ion dissociation,ion,projectile_dissociation,mechanical,2,pass,pass,pass,unknown,unknown,,0.8622594787827622,,,true,,rxn_fd7fbc403ea9
SF6- + O -> SF4- + O + F2,Projectile-ion dissociation,ion,projectile_dissociation,mechanical,2,pass,pass,pass,unknown,unknown,,3.824369402797968,,,true,,rxn_ba7f158157e6
SF6- + O -> SF5- + F + O,Projectile-ion dissociation,ion,projectile_dissociation,mechanical,2,pass,pass,pass,unknown,unknown,,0.8622594787827622,,,true,,rxn_2a7720c84187
SF6- + O2 -> SF4- + F2 + O2,Projectile-ion dissociation,ion,projectile_dissociation,mechanical,2,pass,pass,pass,unknown,unknown,,3.824369402797968,,,true,,rxn_ef322d4b120e
SF6- + O2 -> SF5- + F + O2,Projectile-ion dissociation,ion,projectile_dissociation,mechanical,2,pass,pass,pass,unknown,unknown,,0.8622594787827619,,,true,,rxn_c67cdb603070
SF6- + SF4 -> SF4- + SF4 + F2,Projectile-ion dissociation,ion,projectile_dissociation,mechanical,2,pass,pass,pass,unknown,unknown,,3.824369402797968,,,true,,rxn_9ee8856021eb
SF6- + SF4 -> SF5- + F + SF4,Projectile-ion dissociation,ion,projectile_dissociation,mechanical,2,pass,pass,pass,unknown,unknown,,0.8622594787827622,,,true,,rxn_c70d1f931640
SF6- + SF5 -> SF4- + SF5 + F2,Projectile-ion dissociation,ion,projectile_dissociation,mechanical,2,pass,pass,pass,unknown,unknown,,3.824369402797968,,,true,,rxn_8fcb9f89bd3d
SF6- + SF5 -> SF5- + F + SF5,Projectile-ion dissociation,ion,projectile_dissociation,mechanical,2,pass,pass,pass,unknown,unknown,,0.8622594787827619,,,true,,rxn_bb689825bc6a
SF6- + SF6 -> SF4- + F2 + SF6,Projectile-ion dissociation,ion,projectile_dissociation,mechanical,2,pass,pass,pass,unknown,unknown,,3.824369402797968,,,true,,rxn_b45de11f084f
SF6- + SF6 -> SF5- + F + SF6,Projectile-ion dissociation,ion,projectile_dissociation,mechanical,2,pass,pass,pass,unknown,unknown,,0.8622594787827623,,,true,,rxn_c1c2eb9754b7
F2- + O2 -> OF- + OF,Ion-neutral reactive scattering,ion,reactive_scattering,mechanical,2,pass,unknown,unknown,unknown,unknown,,,,,true,,rxn_18893005b27e
O2+ + SF6 -> OF+ + SOF5,Ion-neutral reactive scattering,ion,reactive_scattering,mechanical,2,pass,unknown,unknown,unknown,unknown,,,,,true,,rxn_c7cfe03b8c6d
O2- + SF6 -> OF- + SOF5,Ion-neutral reactive scattering,ion,reactive_scattering,mechanical,2,pass,unknown,unknown,unknown,unknown,,,,,true,,rxn_8cc4393e8cf8
SF4+ + O2 -> SOF3+ + OF,Ion-neutral reactive scattering,ion,reactive_scattering,mechanical,2,pass,unknown,unknown,unknown,unknown,,,,,true,,rxn_c33e78fe138a
SF4- + O2 -> SOF3- + OF,Ion-neutral reactive scattering,ion,reactive_scattering,mechanical,2,pass,unknown,unknown,unknown,unknown,,,,,true,,rxn_f08d72276699
SF5+ + O2 -> SOF4+ + OF,Ion-neutral reactive scattering,ion,reactive_scattering,mechanical,2,pass,unknown,unknown,unknown,unknown,,,,,true,,rxn_c0b0a99f51e6
SF5- + O2 -> SOF4- + OF,Ion-neutral reactive scattering,ion,reactive_scattering,mechanical,2,pass,unknown,unknown,unknown,unknown,,,,,true,,rxn_52906c03f307
SF6+ + O2 -> SOF5+ + OF,Ion-neutral reactive scattering,ion,reactive_scattering,mechanical,2,pass,unknown,unknown,unknown,unknown,,,,,true,,rxn_c9d7b14d9f38
SF6- + O2 -> SOF5- + OF,Ion-neutral reactive scattering,ion,reactive_scattering,mechanical,2,pass,unknown,unknown,unknown,unknown,,,,,true,,rxn_45b6e88de644
Ar+ + Ar -> Ar+ + Ar,Resonant charge exchange,ion,resonant_charge_exchange,mechanical,2,pass,pass,pass,unknown,unknown,0.0,8.648714265686214e-16,,,true,,rxn_42da360d77cf
Ar- + Ar -> Ar- + Ar,Resonant charge exchange,ion,resonant_charge_exchange,mechanical,2,pass,fail,pass,unknown,unknown,,,,,true,,rxn_2d9ccfcce5d9
F- + F -> F- + F,Resonant charge exchange,ion,resonant_charge_exchange,mechanical,2,pass,pass,pass,unknown,unknown,0.0,0.0,,,true,,rxn_b7def00b5075
F2- + F2 -> F2- + F2,Resonant charge exchange,ion,resonant_charge_exchange,mechanical,2,pass,pass,pass,unknown,unknown,,,,,true,,rxn_9f946849838f
O+ + O -> O+ + O,Resonant charge exchange,ion,resonant_charge_exchange,mechanical,2,pass,pass,pass,unknown,unknown,-4.440892098500626e-16,,,,true,,rxn_7281eb34b270
O- + O -> O- + O,Resonant charge exchange,ion,resonant_charge_exchange,mechanical,2,pass,pass,pass,unknown,unknown,0.0,6.122983550928293e-16,,,true,,rxn_650299e93852
O2+ + O2 -> O2+ + O2,Resonant charge exchange,ion,resonant_charge_exchange,mechanical,2,pass,pass,pass,unknown,unknown,0.0,,,,true,,rxn_223a68face62
O2- + O2 -> O2- + O2,Resonant charge exchange,ion,resonant_charge_exchange,mechanical,2,pass,pass,pass,unknown,unknown,,,,,true,,rxn_641dfc3def66
SF4+ + SF4 -> SF4+ + SF4,Resonant charge exchange,ion,resonant_charge_exchange,mechanical,2,pass,pass,pass,unknown,unknown,,0.0,,,true,,rxn_f02b906fb807
SF4- + SF4 -> SF4- + SF4,Resonant charge exchange,ion,resonant_charge_exchange,mechanical,2,pass,pass,pass,unknown,unknown,,2.4491934203713174e-16,,,true,,rxn_fc31c5b5f908
SF5+ + SF5 -> SF5+ + SF5,Resonant charge exchange,ion,resonant_charge_exchange,mechanical,2,pass,pass,pass,unknown,unknown,,-2.4491934203713174e-16,,,true,,rxn_d44d6ab53fa7
SF5- + SF5 -> SF5- + SF5,Resonant charge exchange,ion,resonant_charge_exchange,mechanical,2,pass,pass,pass,unknown,unknown,,1.959354736297054e-15,,,true,,rxn_9c5031984340
SF6+ + SF6 -> SF6+ + SF6,Resonant charge exchange,ion,resonant_charge_exchange,mechanical,2,pass,unknown,pass,unknown,unknown,,,,,true,,rxn_ef835d7265c0
SF6- + SF6 -> SF6- + SF6,Resonant charge exchange,ion,resonant_charge_exchange,mechanical,2,pass,pass,pass,unknown,unknown,,0.0,,,true,,rxn_ef628a3b849a
Ar+ + O2F -> O2F+ + Ar,Charge exchange,ion,charge_exchange,mechanical,3,pass,unknown,unknown,unknown,unknown,,,,,true,,rxn_9a9b09ab1f10
Ar+ + SF2 -> SF2+ + Ar,Charge exchange,ion,charge_exchange,mechanical,3,pass,pass,pass,unknown,unknown,,-5.445074890585864,,,true,,rxn_433589a2e57d
Ar+ + SF3 -> SF3+ + Ar,Charge exchange,ion,charge_exchange,mechanical,3,pass,pass,pass,unknown,unknown,,-6.410051405182598,,,true,,rxn_b137b45f663a
Ar- + O2F -> O2F- + Ar,Charge exchange,ion,charge_exchange,mechanical,3,pass,fail,unknown,unknown,unknown,,,,,true,,rxn_87aeb83c1a75
Ar- + SF2 -> SF2- + Ar,Charge exchange,ion,charge_exchange,mechanical,3,pass,fail,unknown,unknown,unknown,,,,,true,,rxn_e8a1d413ee2e
Ar- + SF3 -> SF3- + Ar,Charge exchange,ion,charge_exchange,mechanical,3,pass,fail,pass,unknown,unknown,,,,,true,,rxn_1780de9ccdbc
F+ + Ar -> Ar+ + F,Charge exchange,ion,charge_exchange,mechanical,3,pass,pass,pass,unknown,unknown,-1.6632717253141749,-1.7056166463599958,,,true,,rxn_6d651dff0678
F+ + O -> O+ + F,Charge exchange,ion,charge_exchange,mechanical,3,pass,pass,pass,unknown,unknown,-3.8053037253141757,,,,true,,rxn_19f3d179bbb0
F+ + O2 -> O2+ + F,Charge exchange,ion,charge_exchange,mechanical,3,pass,pass,pass,unknown,unknown,-5.353181725314178,,,,true,,rxn_e79a71d1edc9
F+ + O2F -> O2F+ + F,Charge exchange,ion,charge_exchange,mechanical,3,pass,unknown,unknown,unknown,unknown,,,,,true,,rxn_9160d11bf4dc
F+ + SF2 -> SF2+ + F,Charge exchange,ion,charge_exchange,mechanical,3,pass,pass,pass,unknown,unknown,,-7.15069153694586,,,true,,rxn_916e3313c500
F+ + SF3 -> SF3+ + F,Charge exchange,ion,charge_exchange,mechanical,3,pass,pass,pass,unknown,unknown,,-8.11566805154259,,,true,,rxn_4094ca7698df
F+ + SF4 -> SF4+ + F,Charge exchange,ion,charge_exchange,mechanical,3,pass,pass,pass,unknown,unknown,,-5.309454624019348,,,true,,rxn_69d87d0f20b3
F+ + SF5 -> SF5+ + F,Charge exchange,ion,charge_exchange,mechanical,3,pass,pass,pass,unknown,unknown,,-6.248752696757389,,,true,,rxn_34becdc75af1
F+ + SF6 -> SF6+ + F,Charge exchange,ion,charge_exchange,mechanical,3,pass,unknown,pass,unknown,unknown,,,,,true,,rxn_74be09579658
F- + O2F -> O2F- + F,Charge exchange,ion,charge_exchange,mechanical,3,pass,unknown,unknown,unknown,unknown,,,,,true,,rxn_671a9fe6b110
F- + SF2 -> SF2- + F,Charge exchange,ion,charge_exchange,mechanical,3,pass,pass,pass,unknown,unknown,,2.3109513362538485,,,true,,rxn_c0ef8afb8a63
F- + SF3 -> SF3- + F,Charge exchange,ion,charge_exchange,mechanical,3,pass,pass,pass,unknown,unknown,,0.5985376344551886,,,true,,rxn_116a7b44f765
F2+ + Ar -> Ar+ + F2,Charge exchange,ion,charge_exchange,mechanical,3,pass,pass,unknown,unknown,unknown,,,,,true,,rxn_13e1ceaf20a8
F2+ + F -> F+ + F2,Charge exchange,ion,charge_exchange,mechanical,3,pass,pass,unknown,unknown,unknown,,,,,true,,rxn_be4e89a15df3
F2+ + O -> O+ + F2,Charge exchange,ion,charge_exchange,mechanical,3,pass,pass,unknown,unknown,unknown,,,,,true,,rxn_6d6e9db4b4d0
F2+ + O2 -> O2+ + F2,Charge exchange,ion,charge_exchange,mechanical,3,pass,pass,unknown,unknown,unknown,,,,,true,,rxn_1166a1400157
F2+ + O2F -> O2F+ + F2,Charge exchange,ion,charge_exchange,mechanical,3,pass,unknown,unknown,unknown,unknown,,,,,true,,rxn_281a37e3a109
F2+ + SF2 -> SF2+ + F2,Charge exchange,ion,charge_exchange,mechanical,3,pass,pass,unknown,unknown,unknown,,,,,true,,rxn_8e7ac8ea8d34
F2+ + SF3 -> SF3+ + F2,Charge exchange,ion,charge_exchange,mechanical,3,pass,pass,unknown,unknown,unknown,,,,,true,,rxn_f16c368f0ead
F2+ + SF4 -> SF4+ + F2,Charge exchange,ion,charge_exchange,mechanical,3,pass,pass,unknown,unknown,unknown,,,,,true,,rxn_5fa6a6d0f43d
F2+ + SF5 -> SF5+ + F2,Charge exchange,ion,charge_exchange,mechanical,3,pass,pass,unknown,unknown,unknown,,,,,true,,rxn_c4d03d2eed27
F2+ + SF6 -> SF6+ + F2,Charge exchange,ion,charge_exchange,mechanical,3,pass,unknown,unknown,unknown,unknown,,,,,true,,rxn_7fae0dc67c93
F2- + O2F -> O2F- + F2,Charge exchange,ion,charge_exchange,mechanical,3,pass,unknown,unknown,unknown,unknown,,,,,true,,rxn_ea94dd396bc9
F2- + SF2 -> SF2- + F2,Charge exchange,ion,charge_exchange,mechanical,3,pass,pass,unknown,unknown,unknown,,,,,true,,rxn_8d22efcd2ec2
F2- + SF3 -> SF3- + F2,Charge exchange,ion,charge_exchange,mechanical,3,pass,pass,unknown,unknown,unknown,,,,,true,,rxn_4e4fe5f7e941
O+ + O2F -> O2F+ + O,Charge exchange,ion,charge_exchange,mechanical,3,pass,unknown,unknown,unknown,unknown,,,,,true,,rxn_85f09ab3c83d
O+ + SF2 -> SF2+ + O,Charge exchange,ion,charge_exchange,mechanical,3,pass,pass,unknown,unknown,unknown,,,,,true,,rxn_023382aff75e
O+ + SF3 -> SF3+ + O,Charge exchange,ion,charge_exchange,mechanical,3,pass,pass,pass,unknown,unknown,,,,,true,,rxn_b9eee1afff9b
O- + O2F -> O2F- + O,Charge exchange,ion,charge_exchange,mechanical,3,pass,unknown,unknown,unknown,unknown,,,,,true,,rxn_9ba10e335108
O- + SF2 -> SF2- + O,Charge exchange,ion,charge_exchange,mechanical,3,pass,pass,pass,unknown,unknown,,0.4191775596661381,,,true,,rxn_3f243a9781be
O- + SF3 -> SF3- + O,Charge exchange,ion,charge_exchange,mechanical,3,pass,pass,pass,unknown,unknown,,-1.2932361421325214,,,true,,rxn_78a54c851545
O2+ + O2F -> O2F+ + O2,Charge exchange,ion,charge_exchange,mechanical,3,pass,unknown,unknown,unknown,unknown,,,,,true,,rxn_a89889a6eef9
O2+ + SF2 -> SF2+ + O2,Charge exchange,ion,charge_exchange,mechanical,3,pass,pass,unknown,unknown,unknown,,,,,true,,rxn_b514e1565934
O2+ + SF3 -> SF3+ + O2,Charge exchange,ion,charge_exchange,mechanical,3,pass,pass,pass,unknown,unknown,,,,,true,,rxn_013d91a83052
O2- + O2F -> O2F- + O2,Charge exchange,ion,charge_exchange,mechanical,3,pass,unknown,unknown,unknown,unknown,,,,,true,,rxn_cb3b1dcefad8
O2- + SF2 -> SF2- + O2,Charge exchange,ion,charge_exchange,mechanical,3,pass,pass,unknown,unknown,unknown,,,,,true,,rxn_7dd24ccb309f
O2- + SF3 -> SF3- + O2,Charge exchange,ion,charge_exchange,mechanical,3,pass,pass,pass,unknown,unknown,,,,,true,,rxn_042ad17d2e19
O2F+ + Ar -> Ar+ + O2F,Charge exchange,ion,charge_exchange,mechanical,3,pass,unknown,unknown,unknown,unknown,,,,,true,,rxn_4ba9bd85d3ae
O2F+ + F -> F+ + O2F,Charge exchange,ion,charge_exchange,mechanical,3,pass,unknown,unknown,unknown,unknown,,,,,true,,rxn_c7c7ee8ec6bf
O2F+ + O -> O+ + O2F,Charge exchange,ion,charge_exchange,mechanical,3,pass,unknown,unknown,unknown,unknown,,,,,true,,rxn_c4e1174e8918
O2F+ + O2 -> O2+ + O2F,Charge exchange,ion,charge_exchange,mechanical,3,pass,unknown,unknown,unknown,unknown,,,,,true,,rxn_7400d5d3f092
O2F+ + SF2 -> SF2+ + O2F,Charge exchange,ion,charge_exchange,mechanical,3,pass,unknown,unknown,unknown,unknown,,,,,true,,rxn_8ffc5c57f59d
O2F+ + SF3 -> SF3+ + O2F,Charge exchange,ion,charge_exchange,mechanical,3,pass,unknown,unknown,unknown,unknown,,,,,true,,rxn_77304aa780be
O2F+ + SF4 -> SF4+ + O2F,Charge exchange,ion,charge_exchange,mechanical,3,pass,unknown,unknown,unknown,unknown,,,,,true,,rxn_8ecbd30a2f57
O2F+ + SF5 -> SF5+ + O2F,Charge exchange,ion,charge_exchange,mechanical,3,pass,unknown,unknown,unknown,unknown,,,,,true,,rxn_252f25358171
O2F+ + SF6 -> SF6+ + O2F,Charge exchange,ion,charge_exchange,mechanical,3,pass,unknown,unknown,unknown,unknown,,,,,true,,rxn_caeed04c946b
O2F- + Ar -> Ar- + O2F,Charge exchange,ion,charge_exchange,mechanical,3,pass,fail,unknown,unknown,unknown,,,,,true,,rxn_f0af0c78a483
O2F- + F -> F- + O2F,Charge exchange,ion,charge_exchange,mechanical,3,pass,unknown,unknown,unknown,unknown,,,,,true,,rxn_9c8d33e3e5ef
O2F- + O -> O- + O2F,Charge exchange,ion,charge_exchange,mechanical,3,pass,unknown,unknown,unknown,unknown,,,,,true,,rxn_2b371e1fee03
O2F- + O2 -> O2- + O2F,Charge exchange,ion,charge_exchange,mechanical,3,pass,unknown,unknown,unknown,unknown,,,,,true,,rxn_18f8e5de36c2
O2F- + SF2 -> SF2- + O2F,Charge exchange,ion,charge_exchange,mechanical,3,pass,unknown,unknown,unknown,unknown,,,,,true,,rxn_14e0081dd1ac
O2F- + SF3 -> SF3- + O2F,Charge exchange,ion,charge_exchange,mechanical,3,pass,unknown,unknown,unknown,unknown,,,,,true,,rxn_2365a023803f
O2F- + SF4 -> SF4- + O2F,Charge exchange,ion,charge_exchange,mechanical,3,pass,unknown,unknown,unknown,unknown,,,,,true,,rxn_c496af0f8dc1
O2F- + SF5 -> SF5- + O2F,Charge exchange,ion,charge_exchange,mechanical,3,pass,unknown,unknown,unknown,unknown,,,,,true,,rxn_f307775024bd
O2F- + SF6 -> SF6- + O2F,Charge exchange,ion,charge_exchange,mechanical,3,pass,unknown,unknown,unknown,unknown,,,,,true,,rxn_e86a70a54589
OF+ + Ar -> Ar+ + OF,Charge exchange,ion,charge_exchange,mechanical,3,pass,unknown,unknown,unknown,unknown,,,,,true,,rxn_7aad19e0b179
OF+ + F -> F+ + OF,Charge exchange,ion,charge_exchange,mechanical,3,pass,unknown,unknown,unknown,unknown,,,,,true,,rxn_f48b5610e089
OF+ + O -> O+ + OF,Charge exchange,ion,charge_exchange,mechanical,3,pass,unknown,unknown,unknown,unknown,,,,,true,,rxn_4568620f8188
OF+ + O2 -> O2+ + OF,Charge exchange,ion,charge_exchange,mechanical,3,pass,unknown,unknown,unknown,unknown,,,,,true,,rxn_9fb43bc25f2d
OF+ + O2F -> O2F+ + OF,Charge exchange,ion,charge_exchange,mechanical,3,pass,unknown,unknown,unknown,unknown,,,,,true,,rxn_fe7bccc1f427
OF+ + SF2 -> SF2+ + OF,Charge exchange,ion,charge_exchange,mechanical,3,pass,unknown,unknown,unknown,unknown,,,,,true,,rxn_eadcc5e81ab1
OF+ + SF3 -> SF3+ + OF,Charge exchange,ion,charge_exchange,mechanical,3,pass,unknown,unknown,unknown,unknown,,,,,true,,rxn_a2bd7d32177a
OF+ + SF4 -> SF4+ + OF,Charge exchange,ion,charge_exchange,mechanical,3,pass,unknown,unknown,unknown,unknown,,,,,true,,rxn_396dfe4fd8b3
OF+ + SF5 -> SF5+ + OF,Charge exchange,ion,charge_exchange,mechanical,3,pass,unknown,unknown,unknown,unknown,,,,,true,,rxn_0d3052ae3ba1
OF+ + SF6 -> SF6+ + OF,Charge exchange,ion,charge_exchange,mechanical,3,pass,unknown,unknown,unknown,unknown,,,,,true,,rxn_039d7057e287
OF- + Ar -> Ar- + OF,Charge exchange,ion,charge_exchange,mechanical,3,pass,fail,unknown,unknown,unknown,,,,,true,,rxn_a9656c476c0c
OF- + F -> F- + OF,Charge exchange,ion,charge_exchange,mechanical,3,pass,unknown,unknown,unknown,unknown,,,,,true,,rxn_ce8acfcde6ee
OF- + O -> O- + OF,Charge exchange,ion,charge_exchange,mechanical,3,pass,unknown,unknown,unknown,unknown,,,,,true,,rxn_501a01d7d843
OF- + O2 -> O2- + OF,Charge exchange,ion,charge_exchange,mechanical,3,pass,unknown,unknown,unknown,unknown,,,,,true,,rxn_372bf70b2c36
OF- + O2F -> O2F- + OF,Charge exchange,ion,charge_exchange,mechanical,3,pass,unknown,unknown,unknown,unknown,,,,,true,,rxn_67ece1fad630
OF- + SF2 -> SF2- + OF,Charge exchange,ion,charge_exchange,mechanical,3,pass,unknown,unknown,unknown,unknown,,,,,true,,rxn_d853965c0ed6
OF- + SF3 -> SF3- + OF,Charge exchange,ion,charge_exchange,mechanical,3,pass,unknown,unknown,unknown,unknown,,,,,true,,rxn_46f808dc6b40
OF- + SF4 -> SF4- + OF,Charge exchange,ion,charge_exchange,mechanical,3,pass,unknown,unknown,unknown,unknown,,,,,true,,rxn_656ac2e347cc
OF- + SF5 -> SF5- + OF,Charge exchange,ion,charge_exchange,mechanical,3,pass,unknown,unknown,unknown,unknown,,,,,true,,rxn_c27017265052
OF- + SF6 -> SF6- + OF,Charge exchange,ion,charge_exchange,mechanical,3,pass,unknown,unknown,unknown,unknown,,,,,true,,rxn_3f87aa7afbc2
SF2+ + Ar -> Ar+ + SF2,Charge exchange,ion,charge_exchange,mechanical,3,pass,pass,pass,unknown,unknown,,5.445074890585863,,,true,,rxn_8364deb7f4da
SF2+ + F -> F+ + SF2,Charge exchange,ion,charge_exchange,mechanical,3,pass,pass,pass,unknown,unknown,,7.150691536945858,,,true,,rxn_aba721765b15
SF2+ + O -> O+ + SF2,Charge exchange,ion,charge_exchange,mechanical,3,pass,pass,unknown,unknown,unknown,,,,,true,,rxn_127689b6a5c3
SF2+ + O2 -> O2+ + SF2,Charge exchange,ion,charge_exchange,mechanical,3,pass,pass,unknown,unknown,unknown,,,,,true,,rxn_c029bca74d93
SF2+ + O2F -> O2F+ + SF2,Charge exchange,ion,charge_exchange,mechanical,3,pass,unknown,unknown,unknown,unknown,,,,,true,,rxn_905ae1ba90d9
SF2+ + SF3 -> SF3+ + SF2,Charge exchange,ion,charge_exchange,mechanical,3,pass,pass,pass,unknown,unknown,,-0.9649765145967305,,,true,,rxn_1d915cc8c32f
SF2+ + SF4 -> SF4+ + SF2,Charge exchange,ion,charge_exchange,mechanical,3,pass,pass,pass,unknown,unknown,,1.8412369129265127,,,true,,rxn_beab5a338cf1
SF2+ + SF5 -> SF5+ + SF2,Charge exchange,ion,charge_exchange,mechanical,3,pass,pass,pass,unknown,unknown,,0.9019388401884695,,,true,,rxn_26d2626f2af2
SF2+ + SF6 -> SF6+ + SF2,Charge exchange,ion,charge_exchange,mechanical,3,pass,unknown,unknown,unknown,unknown,,,,,true,,rxn_e1cde992cc24
SF2- + Ar -> Ar- + SF2,Charge exchange,ion,charge_exchange,mechanical,3,pass,fail,unknown,unknown,unknown,,,,,true,,rxn_86005747d709
SF2- + F -> F- + SF2,Charge exchange,ion,charge_exchange,mechanical,3,pass,pass,pass,unknown,unknown,,-2.310951336253849,,,true,,rxn_375898525ce8
SF2- + O -> O- + SF2,Charge exchange,ion,charge_exchange,mechanical,3,pass,pass,pass,unknown,unknown,,-0.41917755966613884,,,true,,rxn_55d20de02e9a
SF2- + O2 -> O2- + SF2,Charge exchange,ion,charge_exchange,mechanical,3,pass,pass,unknown,unknown,unknown,,,,,true,,rxn_2d0ec9e2028f
SF2- + O2F -> O2F- + SF2,Charge exchange,ion,charge_exchange,mechanical,3,pass,unknown,unknown,unknown,unknown,,,,,true,,rxn_96c85c4c6691
SF2- + SF3 -> SF3- + SF2,Charge exchange,ion,charge_exchange,mechanical,3,pass,pass,pass,unknown,unknown,,-1.7124137017986591,,,true,,rxn_1c127c8805b2
SF2- + SF4 -> SF4- + SF2,Charge exchange,ion,charge_exchange,mechanical,3,pass,pass,pass,unknown,unknown,,-0.24919395190925173,,,true,,rxn_5a83f57f0478
SF2- + SF5 -> SF5- + SF2,Charge exchange,ion,charge_exchange,mechanical,3,pass,pass,pass,unknown,unknown,,-2.684410610276067,,,true,,rxn_8c370e7b80af
SF2- + SF6 -> SF6- + SF2,Charge exchange,ion,charge_exchange,mechanical,3,pass,pass,pass,unknown,unknown,,-0.20957989371214614,,,true,,rxn_935e4c8eb5bb
SF3+ + Ar -> Ar+ + SF3,Charge exchange,ion,charge_exchange,mechanical,3,pass,pass,pass,unknown,unknown,,6.410051405182595,,,true,,rxn_b12f86373f1a
SF3+ + F -> F+ + SF3,Charge exchange,ion,charge_exchange,mechanical,3,pass,pass,pass,unknown,unknown,,8.11566805154259,,,true,,rxn_eacdd9a4b813
SF3+ + O -> O+ + SF3,Charge exchange,ion,charge_exchange,mechanical,3,pass,pass,pass,unknown,unknown,,,,,true,,rxn_5f160a98efe7
SF3+ + O2 -> O2+ + SF3,Charge exchange,ion,charge_exchange,mechanical,3,pass,pass,pass,unknown,unknown,,,,,true,,rxn_1348024809ce
SF3+ + O2F -> O2F+ + SF3,Charge exchange,ion,charge_exchange,mechanical,3,pass,unknown,unknown,unknown,unknown,,,,,true,,rxn_9e4e43b6b2e5
SF3+ + SF2 -> SF2+ + SF3,Charge exchange,ion,charge_exchange,mechanical,3,pass,pass,pass,unknown,unknown,,0.9649765145967305,,,true,,rxn_8251483e7cc3
SF3+ + SF4 -> SF4+ + SF3,Charge exchange,ion,charge_exchange,mechanical,3,pass,pass,pass,unknown,unknown,,2.806213427523243,,,true,,rxn_cdf44256da59
SF3+ + SF5 -> SF5+ + SF3,Charge exchange,ion,charge_exchange,mechanical,3,pass,pass,pass,unknown,unknown,,1.8669153547852009,,,true,,rxn_eb6bba818be7
SF3+ + SF6 -> SF6+ + SF3,Charge exchange,ion,charge_exchange,mechanical,3,pass,unknown,pass,unknown,unknown,,,,,true,,rxn_049d35064acd
SF3- + Ar -> Ar- + SF3,Charge exchange,ion,charge_exchange,mechanical,3,pass,fail,pass,unknown,unknown,,,,,true,,rxn_132cdf1611b5
SF3- + F -> F- + SF3,Charge exchange,ion,charge_exchange,mechanical,3,pass,pass,pass,unknown,unknown,,-0.5985376344551886,,,true,,rxn_f0b5d7ef7a2c
SF3- + O -> O- + SF3,Charge exchange,ion,charge_exchange,mechanical,3,pass,pass,pass,unknown,unknown,,1.2932361421325205,,,true,,rxn_538a19efd292
SF3- + O2 -> O2- + SF3,Charge exchange,ion,charge_exchange,mechanical,3,pass,pass,pass,unknown,unknown,,,,,true,,rxn_a3dacaa94506
SF3- + O2F -> O2F- + SF3,Charge exchange,ion,charge_exchange,mechanical,3,pass,unknown,unknown,unknown,unknown,,,,,true,,rxn_777dbf4728ac
SF3- + SF2 -> SF2- + SF3,Charge exchange,ion,charge_exchange,mechanical,3,pass,pass,pass,unknown,unknown,,1.7124137017986598,,,true,,rxn_56e33d4dfaa7
SF3- + SF4 -> SF4- + SF3,Charge exchange,ion,charge_exchange,mechanical,3,pass,pass,pass,unknown,unknown,,1.463219749889408,,,true,,rxn_ecda4894c6de
SF3- + SF5 -> SF5- + SF3,Charge exchange,ion,charge_exchange,mechanical,3,pass,pass,pass,unknown,unknown,,-0.9719969084774034,,,true,,rxn_47428989d44c
SF3- + SF6 -> SF6- + SF3,Charge exchange,ion,charge_exchange,mechanical,3,pass,pass,pass,unknown,unknown,,1.5028338080865145,,,true,,rxn_a9c82e841048
SF4+ + O2F -> O2F+ + SF4,Charge exchange,ion,charge_exchange,mechanical,3,pass,unknown,unknown,unknown,unknown,,,,,true,,rxn_5dfdda81d6fe
SF4+ + SF2 -> SF2+ + SF4,Charge exchange,ion,charge_exchange,mechanical,3,pass,pass,pass,unknown,unknown,,-1.8412369129265127,,,true,,rxn_269ae30cde63
SF4+ + SF3 -> SF3+ + SF4,Charge exchange,ion,charge_exchange,mechanical,3,pass,pass,pass,unknown,unknown,,-2.806213427523244,,,true,,rxn_e640ef141e7c
SF4- + O2F -> O2F- + SF4,Charge exchange,ion,charge_exchange,mechanical,3,pass,unknown,unknown,unknown,unknown,,,,,true,,rxn_2e960a773a60
SF4- + SF2 -> SF2- + SF4,Charge exchange,ion,charge_exchange,mechanical,3,pass,pass,pass,unknown,unknown,,0.24919395190925223,,,true,,rxn_6a3e704f486b
SF4- + SF3 -> SF3- + SF4,Charge exchange,ion,charge_exchange,mechanical,3,pass,pass,pass,unknown,unknown,,-1.463219749889409,,,true,,rxn_f5886ed92460
SF5+ + O2F -> O2F+ + SF5,Charge exchange,ion,charge_exchange,mechanical,3,pass,unknown,unknown,unknown,unknown,,,,,true,,rxn_cd44ef561d74
SF5+ + SF2 -> SF2+ + SF5,Charge exchange,ion,charge_exchange,mechanical,3,pass,pass,pass,unknown,unknown,,-0.9019388401884699,,,true,,rxn_c9a6812d17fa
SF5+ + SF3 -> SF3+ + SF5,Charge exchange,ion,charge_exchange,mechanical,3,pass,pass,pass,unknown,unknown,,-1.8669153547852009,,,true,,rxn_470d29de55cd
SF5- + O2F -> O2F- + SF5,Charge exchange,ion,charge_exchange,mechanical,3,pass,unknown,unknown,unknown,unknown,,,,,true,,rxn_3932f9ebf2fd
SF5- + SF2 -> SF2- + SF5,Charge exchange,ion,charge_exchange,mechanical,3,pass,pass,pass,unknown,unknown,,2.684410610276067,,,true,,rxn_57df62ccf1b2
SF5- + SF3 -> SF3- + SF5,Charge exchange,ion,charge_exchange,mechanical,3,pass,pass,pass,unknown,unknown,,0.9719969084774054,,,true,,rxn_746cb3376d53
SF6+ + O2F -> O2F+ + SF6,Charge exchange,ion,charge_exchange,mechanical,3,pass,unknown,unknown,unknown,unknown,,,,,true,,rxn_79b326bbbbc1
SF6+ + SF2 -> SF2+ + SF6,Charge exchange,ion,charge_exchange,mechanical,3,pass,unknown,unknown,unknown,unknown,,,,,true,,rxn_f7264c99f7ac
SF6+ + SF3 -> SF3+ + SF6,Charge exchange,ion,charge_exchange,mechanical,3,pass,unknown,pass,unknown,unknown,,,,,true,,rxn_065176bfb4ed
SF6- + O2F -> O2F- + SF6,Charge exchange,ion,charge_exchange,mechanical,3,pass,unknown,unknown,unknown,unknown,,,,,true,,rxn_4cd0329ab58f
SF6- + SF2 -> SF2- + SF6,Charge exchange,ion,charge_exchange,mechanical,3,pass,pass,pass,unknown,unknown,,0.20957989371214636,,,true,,rxn_c86e1be60744
SF6- + SF3 -> SF3- + SF6,Charge exchange,ion,charge_exchange,mechanical,3,pass,pass,pass,unknown,unknown,,-1.5028338080865145,,,true,,rxn_7a0649250f54
SOF3+ + Ar -> Ar+ + SOF3,Charge exchange,ion,charge_exchange,mechanical,3,pass,unknown,unknown,unknown,unknown,,,,,true,,rxn_9410257edf0f
SOF3+ + F -> F+ + SOF3,Charge exchange,ion,charge_exchange,mechanical,3,pass,unknown,unknown,unknown,unknown,,,,,true,,rxn_31355529babe
SOF3+ + O -> O+ + SOF3,Charge exchange,ion,charge_exchange,mechanical,3,pass,unknown,unknown,unknown,unknown,,,,,true,,rxn_d458a61d86ce
SOF3+ + O2 -> O2+ + SOF3,Charge exchange,ion,charge_exchange,mechanical,3,pass,unknown,unknown,unknown,unknown,,,,,true,,rxn_7abc80327955
SOF3+ + O2F -> O2F+ + SOF3,Charge exchange,ion,charge_exchange,mechanical,3,pass,unknown,unknown,unknown,unknown,,,,,true,,rxn_59be4e872db8
SOF3+ + SF2 -> SF2+ + SOF3,Charge exchange,ion,charge_exchange,mechanical,3,pass,unknown,unknown,unknown,unknown,,,,,true,,rxn_2dbd0582e7c4
SOF3+ + SF3 -> SF3+ + SOF3,Charge exchange,ion,charge_exchange,mechanical,3,pass,unknown,unknown,unknown,unknown,,,,,true,,rxn_4f67690b4cf5
SOF3+ + SF4 -> SF4+ + SOF3,Charge exchange,ion,charge_exchange,mechanical,3,pass,unknown,unknown,unknown,unknown,,,,,true,,rxn_4e11e4edbc8a
SOF3+ + SF5 -> SF5+ + SOF3,Charge exchange,ion,charge_exchange,mechanical,3,pass,unknown,unknown,unknown,unknown,,,,,true,,rxn_7adbe1821c39
SOF3+ + SF6 -> SF6+ + SOF3,Charge exchange,ion,charge_exchange,mechanical,3,pass,unknown,unknown,unknown,unknown,,,,,true,,rxn_363b591e66eb
SOF3- + Ar -> Ar- + SOF3,Charge exchange,ion,charge_exchange,mechanical,3,pass,fail,unknown,unknown,unknown,,,,,true,,rxn_d8621150dc05
SOF3- + F -> F- + SOF3,Charge exchange,ion,charge_exchange,mechanical,3,pass,unknown,unknown,unknown,unknown,,,,,true,,rxn_75cfc9784df8
SOF3- + O -> O- + SOF3,Charge exchange,ion,charge_exchange,mechanical,3,pass,unknown,unknown,unknown,unknown,,,,,true,,rxn_de376cc72209
SOF3- + O2 -> O2- + SOF3,Charge exchange,ion,charge_exchange,mechanical,3,pass,unknown,unknown,unknown,unknown,,,,,true,,rxn_e86f1f5e6029
SOF3- + O2F -> O2F- + SOF3,Charge exchange,ion,charge_exchange,mechanical,3,pass,unknown,unknown,unknown,unknown,,,,,true,,rxn_8e4c3e402963
SOF3- + SF2 -> SF2- + SOF3,Charge exchange,ion,charge_exchange,mechanical,3,pass,unknown,unknown,unknown,unknown,,,,,true,,rxn_f4d790f5abcc
SOF3- + SF3 -> SF3- + SOF3,Charge exchange,ion,charge_exchange,mechanical,3,pass,unknown,unknown,unknown,unknown,,,,,true,,rxn_ff1cd47ed77e
SOF3- + SF4 -> SF4- + SOF3,Charge exchange,ion,charge_exchange,mechanical,3,pass,unknown,unknown,unknown,unknown,,,,,true,,rxn_e185bf3b9372
SOF3- + SF5 -> SF5- + SOF3,Charge exchange,ion,charge_exchange,mechanical,3,pass,unknown,unknown,unknown,unknown,,,,,true,,rxn_d301f3c70789
SOF3- + SF6 -> SF6- + SOF3,Charge exchange,ion,charge_exchange,mechanical,3,pass,unknown,unknown,unknown,unknown,,,,,true,,rxn_b2ba37296cda
SOF4+ + Ar -> Ar+ + SOF4,Charge exchange,ion,charge_exchange,mechanical,3,pass,unknown,unknown,unknown,unknown,,,,,true,,rxn_3c8b93a9d49e
SOF4+ + F -> F+ + SOF4,Charge exchange,ion,charge_exchange,mechanical,3,pass,unknown,unknown,unknown,unknown,,,,,true,,rxn_aee33b7a8153
SOF4+ + O -> O+ + SOF4,Charge exchange,ion,charge_exchange,mechanical,3,pass,unknown,unknown,unknown,unknown,,,,,true,,rxn_4ad1c0bbd900
SOF4+ + O2 -> O2+ + SOF4,Charge exchange,ion,charge_exchange,mechanical,3,pass,unknown,unknown,unknown,unknown,,,,,true,,rxn_e2ad0c884092
SOF4+ + O2F -> O2F+ + SOF4,Charge exchange,ion,charge_exchange,mechanical,3,pass,unknown,unknown,unknown,unknown,,,,,true,,rxn_d6ae7b9bffde
SOF4+ + SF2 -> SF2+ + SOF4,Charge exchange,ion,charge_exchange,mechanical,3,pass,unknown,unknown,unknown,unknown,,,,,true,,rxn_d68986bea76b
SOF4+ + SF3 -> SF3+ + SOF4,Charge exchange,ion,charge_exchange,mechanical,3,pass,unknown,unknown,unknown,unknown,,,,,true,,rxn_ab76688b320c
SOF4+ + SF4 -> SF4+ + SOF4,Charge exchange,ion,charge_exchange,mechanical,3,pass,unknown,unknown,unknown,unknown,,,,,true,,rxn_270b12095fc3
SOF4+ + SF5 -> SF5+ + SOF4,Charge exchange,ion,charge_exchange,mechanical,3,pass,unknown,unknown,unknown,unknown,,,,,true,,rxn_76521ef01bd0
SOF4+ + SF6 -> SF6+ + SOF4,Charge exchange,ion,charge_exchange,mechanical,3,pass,unknown,unknown,unknown,unknown,,,,,true,,rxn_2d89f65da8b6
SOF4- + Ar -> Ar- + SOF4,Charge exchange,ion,charge_exchange,mechanical,3,pass,fail,unknown,unknown,unknown,,,,,true,,rxn_8447bace79bc
SOF4- + F -> F- + SOF4,Charge exchange,ion,charge_exchange,mechanical,3,pass,unknown,unknown,unknown,unknown,,,,,true,,rxn_e9e30eb4138d
SOF4- + O -> O- + SOF4,Charge exchange,ion,charge_exchange,mechanical,3,pass,unknown,unknown,unknown,unknown,,,,,true,,rxn_2b93aa4dbfce
SOF4- + O2 -> O2- + SOF4,Charge exchange,ion,charge_exchange,mechanical,3,pass,unknown,unknown,unknown,unknown,,,,,true,,rxn_980c8935be0c
SOF4- + O2F -> O2F- + SOF4,Charge exchange,ion,charge_exchange,mechanical,3,pass,unknown,unknown,unknown,unknown,,,,,true,,rxn_34bce5b4208d
SOF4- + SF2 -> SF2- + SOF4,Charge exchange,ion,charge_exchange,mechanical,3,pass,unknown,unknown,unknown,unknown,,,,,true,,rxn_1dad6c689ac6
SOF4- + SF3 -> SF3- + SOF4,Charge exchange,ion,charge_exchange,mechanical,3,pass,unknown,unknown,unknown,unknown,,,,,true,,rxn_2747db163219
SOF4- + SF4 -> SF4- + SOF4,Charge exchange,ion,charge_exchange,mechanical,3,pass,unknown,unknown,unknown,unknown,,,,,true,,rxn_28c75bc88b68
SOF4- + SF5 -> SF5- + SOF4,Charge exchange,ion,charge_exchange,mechanical,3,pass,unknown,unknown,unknown,unknown,,,,,true,,rxn_d8a597f2037c
SOF4- + SF6 -> SF6- + SOF4,Charge exchange,ion,charge_exchange,mechanical,3,pass,unknown,unknown,unknown,unknown,,,,,true,,rxn_81eeb8dbdf5c
SOF5+ + Ar -> Ar+ + SOF5,Charge exchange,ion,charge_exchange,mechanical,3,pass,unknown,unknown,unknown,unknown,,,,,true,,rxn_10e9372477e6
SOF5+ + F -> F+ + SOF5,Charge exchange,ion,charge_exchange,mechanical,3,pass,unknown,unknown,unknown,unknown,,,,,true,,rxn_80a9ae8a56bc
SOF5+ + O -> O+ + SOF5,Charge exchange,ion,charge_exchange,mechanical,3,pass,unknown,unknown,unknown,unknown,,,,,true,,rxn_25303b9d3668
SOF5+ + O2 -> O2+ + SOF5,Charge exchange,ion,charge_exchange,mechanical,3,pass,unknown,unknown,unknown,unknown,,,,,true,,rxn_b4ec06e426cc
SOF5+ + O2F -> O2F+ + SOF5,Charge exchange,ion,charge_exchange,mechanical,3,pass,unknown,unknown,unknown,unknown,,,,,true,,rxn_112dfd7b5345
SOF5+ + SF2 -> SF2+ + SOF5,Charge exchange,ion,charge_exchange,mechanical,3,pass,unknown,unknown,unknown,unknown,,,,,true,,rxn_cb3ad654b793
SOF5+ + SF3 -> SF3+ + SOF5,Charge exchange,ion,charge_exchange,mechanical,3,pass,unknown,unknown,unknown,unknown,,,,,true,,rxn_f1ecea6ba09a
SOF5+ + SF4 -> SF4+ + SOF5,Charge exchange,ion,charge_exchange,mechanical,3,pass,unknown,unknown,unknown,unknown,,,,,true,,rxn_c7957b826344
SOF5+ + SF5 -> SF5+ + SOF5,Charge exchange,ion,charge_exchange,mechanical,3,pass,unknown,unknown,unknown,unknown,,,,,true,,rxn_f269dec3662d
SOF5+ + SF6 -> SF6+ + SOF5,Charge exchange,ion,charge_exchange,mechanical,3,pass,unknown,unknown,unknown,unknown,,,,,true,,rxn_46486268d11e
SOF5- + Ar -> Ar- + SOF5,Charge exchange,ion,charge_exchange,mechanical,3,pass,fail,unknown,unknown,unknown,,,,,true,,rxn_b24f6354a049
SOF5- + F -> F- + SOF5,Charge exchange,ion,charge_exchange,mechanical,3,pass,unknown,unknown,unknown,unknown,,,,,true,,rxn_8708a6984ea6
SOF5- + O -> O- + SOF5,Charge exchange,ion,charge_exchange,mechanical,3,pass,unknown,unknown,unknown,unknown,,,,,true,,rxn_48d955121f2a
SOF5- + O2 -> O2- + SOF5,Charge exchange,ion,charge_exchange,mechanical,3,pass,unknown,unknown,unknown,unknown,,,,,true,,rxn_a20aff4be176
SOF5- + O2F -> O2F- + SOF5,Charge exchange,ion,charge_exchange,mechanical,3,pass,unknown,unknown,unknown,unknown,,,,,true,,rxn_1377c39bcdcf
SOF5- + SF2 -> SF2- + SOF5,Charge exchange,ion,charge_exchange,mechanical,3,pass,unknown,unknown,unknown,unknown,,,,,true,,rxn_017940c05bb0
SOF5- + SF3 -> SF3- + SOF5,Charge exchange,ion,charge_exchange,mechanical,3,pass,unknown,unknown,unknown,unknown,,,,,true,,rxn_e0972b8e4c1d
SOF5- + SF4 -> SF4- + SOF5,Charge exchange,ion,charge_exchange,mechanical,3,pass,unknown,unknown,unknown,unknown,,,,,true,,rxn_97b93bb8fdee
SOF5- + SF5 -> SF5- + SOF5,Charge exchange,ion,charge_exchange,mechanical,3,pass,unknown,unknown,unknown,unknown,,,,,true,,rxn_197aa51c4565
SOF5- + SF6 -> SF6- + SOF5,Charge exchange,ion,charge_exchange,mechanical,3,pass,unknown,unknown,unknown,unknown,,,,,true,,rxn_8cd676a4e7fb
Ar+ + O2F -> Ar+ + F + O2,Collision-induced target dissociation,ion,collision_induced_dissociation,mechanical,3,pass,unknown,unknown,unknown,unknown,,,,,true,,rxn_061cb1e8cb90
Ar+ + O2F -> Ar+ + O + OF,Collision-induced target dissociation,ion,collision_induced_dissociation,mechanical,3,pass,unknown,unknown,unknown,unknown,,,,,true,,rxn_61983eb6154b
Ar+ + SF2 -> Ar+ + F + SF,Collision-induced target dissociation,ion,collision_induced_dissociation,mechanical,3,pass,pass,pass,unknown,unknown,,3.501665088466304,,,true,,rxn_ac9bd6597ca6
Ar+ + SF2 -> Ar+ + S + F2,Collision-induced target dissociation,ion,collision_induced_dissociation,mechanical,3,pass,pass,pass,unknown,unknown,5.947537,,,,true,,rxn_c5d63767d3cf
Ar+ + SF3 -> Ar+ + F + SF2,Collision-induced target dissociation,ion,collision_induced_dissociation,mechanical,3,pass,pass,pass,unknown,unknown,,2.416677893620253,,,true,,rxn_4810b185fd59
Ar+ + SF3 -> Ar+ + SF + F2,Collision-induced target dissociation,ion,collision_induced_dissociation,mechanical,3,pass,pass,pass,unknown,unknown,,4.759529934996817,,,true,,rxn_c0664c2616fe
Ar- + O2F -> Ar- + F + O2,Collision-induced target dissociation,ion,collision_induced_dissociation,mechanical,3,pass,fail,unknown,unknown,unknown,,,,,true,,rxn_5d78f9721b7c
Ar- + O2F -> Ar- + O + OF,Collision-induced target dissociation,ion,collision_induced_dissociation,mechanical,3,pass,fail,unknown,unknown,unknown,,,,,true,,rxn_b510d9198568
Ar- + SF2 -> Ar- + F + SF,Collision-induced target dissociation,ion,collision_induced_dissociation,mechanical,3,pass,fail,unknown,unknown,unknown,,,,,true,,rxn_c2d8bec444e1
Ar- + SF2 -> Ar- + S + F2,Collision-induced target dissociation,ion,collision_induced_dissociation,mechanical,3,pass,fail,unknown,unknown,unknown,,,,,true,,rxn_9000c0b6f313
Ar- + SF3 -> Ar- + F + SF2,Collision-induced target dissociation,ion,collision_induced_dissociation,mechanical,3,pass,fail,unknown,unknown,unknown,,,,,true,,rxn_56eb24cff1e4
Ar- + SF3 -> Ar- + SF + F2,Collision-induced target dissociation,ion,collision_induced_dissociation,mechanical,3,pass,fail,unknown,unknown,unknown,,,,,true,,rxn_907b4ca53cfc
F+ + O2F -> F+ + F + O2,Collision-induced target dissociation,ion,collision_induced_dissociation,mechanical,3,pass,unknown,unknown,unknown,unknown,,,,,true,,rxn_7e2e78eef551
F+ + O2F -> F+ + O + OF,Collision-induced target dissociation,ion,collision_induced_dissociation,mechanical,3,pass,unknown,unknown,unknown,unknown,,,,,true,,rxn_5697d0709503
F+ + SF2 -> F+ + F + SF,Collision-induced target dissociation,ion,collision_induced_dissociation,mechanical,3,pass,pass,pass,unknown,unknown,,3.5016650884662996,,,true,,rxn_5f2df9da3f00
F+ + SF2 -> F+ + S + F2,Collision-induced target dissociation,ion,collision_induced_dissociation,mechanical,3,pass,pass,pass,unknown,unknown,5.947537000000001,,,,true,,rxn_5af0308dc2fa
F+ + SF3 -> F+ + F + SF2,Collision-induced target dissociation,ion,collision_induced_dissociation,mechanical,3,pass,pass,pass,unknown,unknown,,2.416677893620251,,,true,,rxn_7f1a3d16a497
F+ + SF3 -> F+ + SF + F2,Collision-induced target dissociation,ion,collision_induced_dissociation,mechanical,3,pass,pass,pass,unknown,unknown,,4.759529934996815,,,true,,rxn_9c4e15c8be3f
F- + O2F -> F- + F + O2,Collision-induced target dissociation,ion,collision_induced_dissociation,mechanical,3,pass,unknown,unknown,unknown,unknown,,,,,true,,rxn_c26a933e881d
F- + O2F -> F- + O + OF,Collision-induced target dissociation,ion,collision_induced_dissociation,mechanical,3,pass,unknown,unknown,unknown,unknown,,,,,true,,rxn_6ce56292c8d4
F- + SF2 -> F- + F + SF,Collision-induced target dissociation,ion,collision_induced_dissociation,mechanical,3,pass,pass,pass,unknown,unknown,,3.501665088466303,,,true,,rxn_8a3569594eab
F- + SF2 -> F- + S + F2,Collision-induced target dissociation,ion,collision_induced_dissociation,mechanical,3,pass,pass,pass,unknown,unknown,5.9475370000000005,,,,true,,rxn_15b149d1f1b6
F- + SF3 -> F- + F + SF2,Collision-induced target dissociation,ion,collision_induced_dissociation,mechanical,3,pass,pass,pass,unknown,unknown,,2.416677893620253,,,true,,rxn_3c8477f817d1
F- + SF3 -> F- + SF + F2,Collision-induced target dissociation,ion,collision_induced_dissociation,mechanical,3,pass,pass,pass,unknown,unknown,,4.7595299349968165,,,true,,rxn_5d14884b74ad
F2+ + O2F -> F2+ + F + O2,Collision-induced target dissociation,ion,collision_induced_dissociation,mechanical,3,pass,unknown,unknown,unknown,unknown,,,,,true,,rxn_6ff4f71fec40
F2+ + O2F -> F2+ + O + OF,Collision-induced target dissociation,ion,collision_induced_dissociation,mechanical,3,pass,unknown,unknown,unknown,unknown,,,,,true,,rxn_df23c6a15eb3
F2+ + SF2 -> F2+ + F + SF,Collision-induced target dissociation,ion,collision_induced_dissociation,mechanical,3,pass,pass,unknown,unknown,unknown,,,,,true,,rxn_4b1614e0b02a
F2+ + SF2 -> F2+ + S + F2,Collision-induced target dissociation,ion,collision_induced_dissociation,mechanical,3,pass,pass,unknown,unknown,unknown,,,,,true,,rxn_00e7b5b22493
F2+ + SF3 -> F2+ + F + SF2,Collision-induced target dissociation,ion,collision_induced_dissociation,mechanical,3,pass,pass,unknown,unknown,unknown,,,,,true,,rxn_44707167049a
F2+ + SF3 -> F2+ + SF + F2,Collision-induced target dissociation,ion,collision_induced_dissociation,mechanical,3,pass,pass,unknown,unknown,unknown,,,,,true,,rxn_3708fa3430e1
F2- + O2F -> F2- + F + O2,Collision-induced target dissociation,ion,collision_induced_dissociation,mechanical,3,pass,unknown,unknown,unknown,unknown,,,,,true,,rxn_9bc52f43692a
F2- + O2F -> F2- + O + OF,Collision-induced target dissociation,ion,collision_induced_dissociation,mechanical,3,pass,unknown,unknown,unknown,unknown,,,,,true,,rxn_a7c817fa26c5
F2- + SF2 -> F2- + F + SF,Collision-induced target dissociation,ion,collision_induced_dissociation,mechanical,3,pass,pass,unknown,unknown,unknown,,,,,true,,rxn_158246c6c673
F2- + SF2 -> F2- + S + F2,Collision-induced target dissociation,ion,collision_induced_dissociation,mechanical,3,pass,pass,unknown,unknown,unknown,,,,,true,,rxn_e663cf2defd6
F2- + SF3 -> F2- + F + SF2,Collision-induced target dissociation,ion,collision_induced_dissociation,mechanical,3,pass,pass,unknown,unknown,unknown,,,,,true,,rxn_1a9304752db5
F2- + SF3 -> F2- + SF + F2,Collision-induced target dissociation,ion,collision_induced_dissociation,mechanical,3,pass,pass,unknown,unknown,unknown,,,,,true,,rxn_ac42df909425
O+ + O2F -> O+ + F + O2,Collision-induced target dissociation,ion,collision_induced_dissociation,mechanical,3,pass,unknown,unknown,unknown,unknown,,,,,true,,rxn_45aa7031ecd9
O+ + O2F -> O+ + O + OF,Collision-induced target dissociation,ion,collision_induced_dissociation,mechanical,3,pass,unknown,unknown,unknown,unknown,,,,,true,,rxn_177d2828e973
O+ + SF2 -> O+ + F + SF,Collision-induced target dissociation,ion,collision_induced_dissociation,mechanical,3,pass,pass,unknown,unknown,unknown,,,,,true,,rxn_8e54061af89e
O+ + SF2 -> O+ + S + F2,Collision-induced target dissociation,ion,collision_induced_dissociation,mechanical,3,pass,pass,pass,unknown,unknown,5.947537000000001,,,,true,,rxn_1fb97df09d4e
O+ + SF3 -> O+ + F + SF2,Collision-induced target dissociation,ion,collision_induced_dissociation,mechanical,3,pass,pass,unknown,unknown,unknown,,,,,true,,rxn_9569a5281ce5
O+ + SF3 -> O+ + SF + F2,Collision-induced target dissociation,ion,collision_induced_dissociation,mechanical,3,pass,pass,unknown,unknown,unknown,,,,,true,,rxn_2363ebbaafa0
O- + O2F -> O- + F + O2,Collision-induced target dissociation,ion,collision_induced_dissociation,mechanical,3,pass,unknown,unknown,unknown,unknown,,,,,true,,rxn_1045797b990b
O- + O2F -> O- + O + OF,Collision-induced target dissociation,ion,collision_induced_dissociation,mechanical,3,pass,unknown,unknown,unknown,unknown,,,,,true,,rxn_e76e28e404ba
O- + SF2 -> O- + F + SF,Collision-induced target dissociation,ion,collision_induced_dissociation,mechanical,3,pass,pass,pass,unknown,unknown,,3.501665088466303,,,true,,rxn_00241977b6b0
O- + SF2 -> O- + S + F2,Collision-induced target dissociation,ion,collision_induced_dissociation,mechanical,3,pass,pass,pass,unknown,unknown,5.9475370000000005,,,,true,,rxn_c2d57d8598e8
O- + SF3 -> O- + F + SF2,Collision-induced target dissociation,ion,collision_induced_dissociation,mechanical,3,pass,pass,pass,unknown,unknown,,2.416677893620253,,,true,,rxn_80a9978d446e
O- + SF3 -> O- + SF + F2,Collision-induced target dissociation,ion,collision_induced_dissociation,mechanical,3,pass,pass,pass,unknown,unknown,,4.7595299349968165,,,true,,rxn_550ebfc479cf
O2+ + O2F -> O2+ + F + O2,Collision-induced target dissociation,ion,collision_induced_dissociation,mechanical,3,pass,unknown,unknown,unknown,unknown,,,,,true,,rxn_edb6ac4f27db
O2+ + O2F -> O2+ + O + OF,Collision-induced target dissociation,ion,collision_induced_dissociation,mechanical,3,pass,unknown,unknown,unknown,unknown,,,,,true,,rxn_35c8dd8df2e0
O2+ + SF2 -> O2+ + F + SF,Collision-induced target dissociation,ion,collision_induced_dissociation,mechanical,3,pass,pass,unknown,unknown,unknown,,,,,true,,rxn_ad60fd549590
O2+ + SF2 -> O2+ + S + F2,Collision-induced target dissociation,ion,collision_induced_dissociation,mechanical,3,pass,pass,pass,unknown,unknown,5.947537,,,,true,,rxn_fcfd2bd9ff6e
O2+ + SF3 -> O2+ + F + SF2,Collision-induced target dissociation,ion,collision_induced_dissociation,mechanical,3,pass,pass,unknown,unknown,unknown,,,,,true,,rxn_d9fe2a2c76f6
O2+ + SF3 -> O2+ + SF + F2,Collision-induced target dissociation,ion,collision_induced_dissociation,mechanical,3,pass,pass,unknown,unknown,unknown,,,,,true,,rxn_b6cd9586ead0
O2- + O2F -> O2- + F + O2,Collision-induced target dissociation,ion,collision_induced_dissociation,mechanical,3,pass,unknown,unknown,unknown,unknown,,,,,true,,rxn_2c26714260c8
O2- + O2F -> O2- + O + OF,Collision-induced target dissociation,ion,collision_induced_dissociation,mechanical,3,pass,unknown,unknown,unknown,unknown,,,,,true,,rxn_eb3833e77743
O2- + SF2 -> O2- + F + SF,Collision-induced target dissociation,ion,collision_induced_dissociation,mechanical,3,pass,pass,unknown,unknown,unknown,,,,,true,,rxn_e1d7b9b73dec
O2- + SF2 -> O2- + S + F2,Collision-induced target dissociation,ion,collision_induced_dissociation,mechanical,3,pass,pass,unknown,unknown,unknown,,,,,true,,rxn_e7d2c8421689
O2- + SF3 -> O2- + F + SF2,Collision-induced target dissociation,ion,collision_induced_dissociation,mechanical,3,pass,pass,unknown,unknown,unknown,,,,,true,,rxn_8af38ca06daf
O2- + SF3 -> O2- + SF + F2,Collision-induced target dissociation,ion,collision_induced_dissociation,mechanical,3,pass,pass,unknown,unknown,unknown,,,,,true,,rxn_f609c0c37c63
O2F+ + O2F -> O2F+ + F + O2,Collision-induced target dissociation,ion,collision_induced_dissociation,mechanical,3,pass,unknown,unknown,unknown,unknown,,,,,true,,rxn_8b0d20106a3d
O2F+ + O2F -> O2F+ + O + OF,Collision-induced target dissociation,ion,collision_induced_dissociation,mechanical,3,pass,unknown,unknown,unknown,unknown,,,,,true,,rxn_e60ec997ceaa
O2F+ + SF2 -> O2F+ + F + SF,Collision-induced target dissociation,ion,collision_induced_dissociation,mechanical,3,pass,unknown,unknown,unknown,unknown,,,,,true,,rxn_4117412c5829
O2F+ + SF2 -> O2F+ + S + F2,Collision-induced target dissociation,ion,collision_induced_dissociation,mechanical,3,pass,unknown,unknown,unknown,unknown,,,,,true,,rxn_a1b939a50089
O2F+ + SF3 -> O2F+ + F + SF2,Collision-induced target dissociation,ion,collision_induced_dissociation,mechanical,3,pass,unknown,unknown,unknown,unknown,,,,,true,,rxn_02277bf37f90
O2F+ + SF3 -> O2F+ + SF + F2,Collision-induced target dissociation,ion,collision_induced_dissociation,mechanical,3,pass,unknown,unknown,unknown,unknown,,,,,true,,rxn_419d69f06bf0
O2F- + O2F -> O2F- + F + O2,Collision-induced target dissociation,ion,collision_induced_dissociation,mechanical,3,pass,unknown,unknown,unknown,unknown,,,,,true,,rxn_35584966b4e8
O2F- + O2F -> O2F- + O + OF,Collision-induced target dissociation,ion,collision_induced_dissociation,mechanical,3,pass,unknown,unknown,unknown,unknown,,,,,true,,rxn_02ddb356fc85
O2F- + SF2 -> O2F- + F + SF,Collision-induced target dissociation,ion,collision_induced_dissociation,mechanical,3,pass,unknown,unknown,unknown,unknown,,,,,true,,rxn_b99468d201a0
O2F- + SF2 -> O2F- + S + F2,Collision-induced target dissociation,ion,collision_induced_dissociation,mechanical,3,pass,unknown,unknown,unknown,unknown,,,,,true,,rxn_d7be98982a54
O2F- + SF3 -> O2F- + F + SF2,Collision-induced target dissociation,ion,collision_induced_dissociation,mechanical,3,pass,unknown,unknown,unknown,unknown,,,,,true,,rxn_9ac354bb6b21
O2F- + SF3 -> O2F- + SF + F2,Collision-induced target dissociation,ion,collision_induced_dissociation,mechanical,3,pass,unknown,unknown,unknown,unknown,,,,,true,,rxn_653ca4e646f3
OF+ + O2F -> OF+ + F + O2,Collision-induced target dissociation,ion,collision_induced_dissociation,mechanical,3,pass,unknown,unknown,unknown,unknown,,,,,true,,rxn_b74ab1366971
OF+ + O2F -> OF+ + O + OF,Collision-induced target dissociation,ion,collision_induced_dissociation,mechanical,3,pass,unknown,unknown,unknown,unknown,,,,,true,,rxn_372d2e9a711d
OF+ + OF -> OF+ + F + O,Collision-induced target dissociation,ion,collision_induced_dissociation,mechanical,3,pass,unknown,unknown,unknown,unknown,,,,,true,,rxn_4b746657507b
OF+ + SF2 -> OF+ + F + SF,Collision-induced target dissociation,ion,collision_induced_dissociation,mechanical,3,pass,unknown,unknown,unknown,unknown,,,,,true,,rxn_c3ddc1432747
OF+ + SF2 -> OF+ + S + F2,Collision-induced target dissociation,ion,collision_induced_dissociation,mechanical,3,pass,unknown,unknown,unknown,unknown,,,,,true,,rxn_fdf90a43d38a
OF+ + SF3 -> OF+ + F + SF2,Collision-induced target dissociation,ion,collision_induced_dissociation,mechanical,3,pass,unknown,unknown,unknown,unknown,,,,,true,,rxn_5f0fbd938655
OF+ + SF3 -> OF+ + SF + F2,Collision-induced target dissociation,ion,collision_induced_dissociation,mechanical,3,pass,unknown,unknown,unknown,unknown,,,,,true,,rxn_3edbbdd95e9f
OF- + O2F -> OF- + F + O2,Collision-induced target dissociation,ion,collision_induced_dissociation,mechanical,3,pass,unknown,unknown,unknown,unknown,,,,,true,,rxn_588a3f9b1ec7
OF- + O2F -> OF- + O + OF,Collision-induced target dissociation,ion,collision_induced_dissociation,mechanical,3,pass,unknown,unknown,unknown,unknown,,,,,true,,rxn_d93876e519a0
OF- + OF -> OF- + F + O,Collision-induced target dissociation,ion,collision_induced_dissociation,mechanical,3,pass,unknown,unknown,unknown,unknown,,,,,true,,rxn_a36d2b4ee2a1
OF- + SF2 -> OF- + F + SF,Collision-induced target dissociation,ion,collision_induced_dissociation,mechanical,3,pass,unknown,unknown,unknown,unknown,,,,,true,,rxn_882018e65567
OF- + SF2 -> OF- + S + F2,Collision-induced target dissociation,ion,collision_induced_dissociation,mechanical,3,pass,unknown,unknown,unknown,unknown,,,,,true,,rxn_d78095c47dbd
OF- + SF3 -> OF- + F + SF2,Collision-induced target dissociation,ion,collision_induced_dissociation,mechanical,3,pass,unknown,unknown,unknown,unknown,,,,,true,,rxn_d51746f5080a
OF- + SF3 -> OF- + SF + F2,Collision-induced target dissociation,ion,collision_induced_dissociation,mechanical,3,pass,unknown,unknown,unknown,unknown,,,,,true,,rxn_eed067ad8c0e
SF2+ + O2F -> SF2+ + F + O2,Collision-induced target dissociation,ion,collision_induced_dissociation,mechanical,3,pass,unknown,unknown,unknown,unknown,,,,,true,,rxn_b214a22a85ac
SF2+ + O2F -> SF2+ + O + OF,Collision-induced target dissociation,ion,collision_induced_dissociation,mechanical,3,pass,unknown,unknown,unknown,unknown,,,,,true,,rxn_7e4947eb3038
SF2+ + SF2 -> SF2+ + F + SF,Collision-induced target dissociation,ion,collision_induced_dissociation,mechanical,3,pass,pass,pass,unknown,unknown,,3.5016650884663028,,,true,,rxn_fc18a42de5ef
SF2+ + SF2 -> SF2+ + S + F2,Collision-induced target dissociation,ion,collision_induced_dissociation,mechanical,3,pass,pass,unknown,unknown,unknown,,,,,true,,rxn_c3f1297a7ac2
SF2+ + SF3 -> SF2+ + F + SF2,Collision-induced target dissociation,ion,collision_induced_dissociation,mechanical,3,pass,pass,pass,unknown,unknown,,2.4166778936202538,,,true,,rxn_147519b6dfec
SF2+ + SF3 -> SF2+ + SF + F2,Collision-induced target dissociation,ion,collision_induced_dissociation,mechanical,3,pass,pass,pass,unknown,unknown,,4.7595299349968165,,,true,,rxn_3c0e800424f1
SF2- + O2F -> SF2- + F + O2,Collision-induced target dissociation,ion,collision_induced_dissociation,mechanical,3,pass,unknown,unknown,unknown,unknown,,,,,true,,rxn_705653853731
SF2- + O2F -> SF2- + O + OF,Collision-induced target dissociation,ion,collision_induced_dissociation,mechanical,3,pass,unknown,unknown,unknown,unknown,,,,,true,,rxn_b7242302ec6d
SF2- + SF2 -> SF2- + F + SF,Collision-induced target dissociation,ion,collision_induced_dissociation,mechanical,3,pass,pass,pass,unknown,unknown,,3.5016650884663028,,,true,,rxn_29bac1bcee4b
SF2- + SF2 -> SF2- + S + F2,Collision-induced target dissociation,ion,collision_induced_dissociation,mechanical,3,pass,pass,unknown,unknown,unknown,,,,,true,,rxn_d29eb986a73e
SF2- + SF3 -> SF2- + F + SF2,Collision-induced target dissociation,ion,collision_induced_dissociation,mechanical,3,pass,pass,pass,unknown,unknown,,2.416677893620253,,,true,,rxn_1f21433e57e3
SF2- + SF3 -> SF2- + SF + F2,Collision-induced target dissociation,ion,collision_induced_dissociation,mechanical,3,pass,pass,pass,unknown,unknown,,4.7595299349968165,,,true,,rxn_d3f2da6ff7a2
SF3+ + O2F -> SF3+ + F + O2,Collision-induced target dissociation,ion,collision_induced_dissociation,mechanical,3,pass,unknown,unknown,unknown,unknown,,,,,true,,rxn_6b68627846db
SF3+ + O2F -> SF3+ + O + OF,Collision-induced target dissociation,ion,collision_induced_dissociation,mechanical,3,pass,unknown,unknown,unknown,unknown,,,,,true,,rxn_f6d058ea148a
SF3+ + SF2 -> SF3+ + F + SF,Collision-induced target dissociation,ion,collision_induced_dissociation,mechanical,3,pass,pass,pass,unknown,unknown,,3.5016650884663023,,,true,,rxn_ab91183dc9e7
SF3+ + SF2 -> SF3+ + S + F2,Collision-induced target dissociation,ion,collision_induced_dissociation,mechanical,3,pass,pass,unknown,unknown,unknown,,,,,true,,rxn_e53a65969ff3
SF3+ + SF3 -> SF3+ + F + SF2,Collision-induced target dissociation,ion,collision_induced_dissociation,mechanical,3,pass,pass,pass,unknown,unknown,,2.416677893620253,,,true,,rxn_595089f2390f
SF3+ + SF3 -> SF3+ + SF + F2,Collision-induced target dissociation,ion,collision_induced_dissociation,mechanical,3,pass,pass,pass,unknown,unknown,,4.7595299349968165,,,true,,rxn_bdd5e950b655
SF3- + O2F -> SF3- + F + O2,Collision-induced target dissociation,ion,collision_induced_dissociation,mechanical,3,pass,unknown,unknown,unknown,unknown,,,,,true,,rxn_e43bfe9f3210
SF3- + O2F -> SF3- + O + OF,Collision-induced target dissociation,ion,collision_induced_dissociation,mechanical,3,pass,unknown,unknown,unknown,unknown,,,,,true,,rxn_c8f296211782
SF3- + SF2 -> SF3- + F + SF,Collision-induced target dissociation,ion,collision_induced_dissociation,mechanical,3,pass,pass,pass,unknown,unknown,,3.5016650884663028,,,true,,rxn_44d5119578ef
SF3- + SF2 -> SF3- + S + F2,Collision-induced target dissociation,ion,collision_induced_dissociation,mechanical,3,pass,pass,unknown,unknown,unknown,,,,,true,,rxn_264004df4d51
SF3- + SF3 -> SF3- + F + SF2,Collision-induced target dissociation,ion,collision_induced_dissociation,mechanical,3,pass,pass,pass,unknown,unknown,,2.4166778936202538,,,true,,rxn_9ed9a5d788bd
SF3- + SF3 -> SF3- + SF + F2,Collision-induced target dissociation,ion,collision_induced_dissociation,mechanical,3,pass,pass,pass,unknown,unknown,,4.7595299349968165,,,true,,rxn_bfd546600c4e
SF4+ + O2F -> SF4+ + F + O2,Collision-induced target dissociation,ion,collision_induced_dissociation,mechanical,3,pass,unknown,unknown,unknown,unknown,,,,,true,,rxn_15e18732d23f
SF4+ + O2F -> SF4+ + O + OF,Collision-induced target dissociation,ion,collision_induced_dissociation,mechanical,3,pass,unknown,unknown,unknown,unknown,,,,,true,,rxn_74c76d07cd4f
SF4+ + SF2 -> SF4+ + F + SF,Collision-induced target dissociation,ion,collision_induced_dissociation,mechanical,3,pass,pass,pass,unknown,unknown,,3.5016650884663014,,,true,,rxn_eeb79b52cb32
SF4+ + SF2 -> SF4+ + S + F2,Collision-induced target dissociation,ion,collision_induced_dissociation,mechanical,3,pass,pass,unknown,unknown,unknown,,,,,true,,rxn_3d2001b72fd1
SF4+ + SF3 -> SF4+ + F + SF2,Collision-induced target dissociation,ion,collision_induced_dissociation,mechanical,3,pass,pass,pass,unknown,unknown,,2.416677893620253,,,true,,rxn_912d3b6781c0
SF4+ + SF3 -> SF4+ + SF + F2,Collision-induced target dissociation,ion,collision_induced_dissociation,mechanical,3,pass,pass,pass,unknown,unknown,,4.7595299349968165,,,true,,rxn_92c36d347384
SF4- + O2F -> SF4- + F + O2,Collision-induced target dissociation,ion,collision_induced_dissociation,mechanical,3,pass,unknown,unknown,unknown,unknown,,,,,true,,rxn_1bd2c55c913d
SF4- + O2F -> SF4- + O + OF,Collision-induced target dissociation,ion,collision_induced_dissociation,mechanical,3,pass,unknown,unknown,unknown,unknown,,,,,true,,rxn_0b28134aaf6e
SF4- + SF2 -> SF4- + F + SF,Collision-induced target dissociation,ion,collision_induced_dissociation,mechanical,3,pass,pass,pass,unknown,unknown,,3.5016650884663028,,,true,,rxn_e8ed845ae312
SF4- + SF2 -> SF4- + S + F2,Collision-induced target dissociation,ion,collision_induced_dissociation,mechanical,3,pass,pass,unknown,unknown,unknown,,,,,true,,rxn_581ea9881a83
SF4- + SF3 -> SF4- + F + SF2,Collision-induced target dissociation,ion,collision_induced_dissociation,mechanical,3,pass,pass,pass,unknown,unknown,,2.416677893620253,,,true,,rxn_897771dddeb1
SF4- + SF3 -> SF4- + SF + F2,Collision-induced target dissociation,ion,collision_induced_dissociation,mechanical,3,pass,pass,pass,unknown,unknown,,4.759529934996819,,,true,,rxn_9e50994d23bc
SF5+ + O2F -> SF5+ + F + O2,Collision-induced target dissociation,ion,collision_induced_dissociation,mechanical,3,pass,unknown,unknown,unknown,unknown,,,,,true,,rxn_4a90b98ff2ee
SF5+ + O2F -> SF5+ + O + OF,Collision-induced target dissociation,ion,collision_induced_dissociation,mechanical,3,pass,unknown,unknown,unknown,unknown,,,,,true,,rxn_f335ef5fb15d
SF5+ + SF2 -> SF5+ + F + SF,Collision-induced target dissociation,ion,collision_induced_dissociation,mechanical,3,pass,pass,pass,unknown,unknown,,3.5016650884663023,,,true,,rxn_23817a8e4c26
SF5+ + SF2 -> SF5+ + S + F2,Collision-induced target dissociation,ion,collision_induced_dissociation,mechanical,3,pass,pass,unknown,unknown,unknown,,,,,true,,rxn_1806137de534
SF5+ + SF3 -> SF5+ + F + SF2,Collision-induced target dissociation,ion,collision_induced_dissociation,mechanical,3,pass,pass,pass,unknown,unknown,,2.416677893620253,,,true,,rxn_9403151206dd
SF5+ + SF3 -> SF5+ + SF + F2,Collision-induced target dissociation,ion,collision_induced_dissociation,mechanical,3,pass,pass,pass,unknown,unknown,,4.7595299349968165,,,true,,rxn_e2a506408691
SF5- + O2F -> SF5- + F + O2,Collision-induced target dissociation,ion,collision_induced_dissociation,mechanical,3,pass,unknown,unknown,unknown,unknown,,,,,true,,rxn_f907b8f3588b
SF5- + O2F -> SF5- + O + OF,Collision-induced target dissociation,ion,collision_induced_dissociation,mechanical,3,pass,unknown,unknown,unknown,unknown,,,,,true,,rxn_6cc2acc327a8
SF5- + SF2 -> SF5- + F + SF,Collision-induced target dissociation,ion,collision_induced_dissociation,mechanical,3,pass,pass,pass,unknown,unknown,,3.5016650884663045,,,true,,rxn_ca56bbb95c03
SF5- + SF2 -> SF5- + S + F2,Collision-induced target dissociation,ion,collision_induced_dissociation,mechanical,3,pass,pass,unknown,unknown,unknown,,,,,true,,rxn_5d59e799eeaf
SF5- + SF3 -> SF5- + F + SF2,Collision-induced target dissociation,ion,collision_induced_dissociation,mechanical,3,pass,pass,pass,unknown,unknown,,2.416677893620253,,,true,,rxn_87335c8628ce
SF5- + SF3 -> SF5- + SF + F2,Collision-induced target dissociation,ion,collision_induced_dissociation,mechanical,3,pass,pass,pass,unknown,unknown,,4.759529934996817,,,true,,rxn_bce979956f1f
SF6+ + O2F -> SF6+ + F + O2,Collision-induced target dissociation,ion,collision_induced_dissociation,mechanical,3,pass,unknown,unknown,unknown,unknown,,,,,true,,rxn_82161c59c03d
SF6+ + O2F -> SF6+ + O + OF,Collision-induced target dissociation,ion,collision_induced_dissociation,mechanical,3,pass,unknown,unknown,unknown,unknown,,,,,true,,rxn_c674980737bd
SF6+ + SF2 -> SF6+ + F + SF,Collision-induced target dissociation,ion,collision_induced_dissociation,mechanical,3,pass,unknown,unknown,unknown,unknown,,,,,true,,rxn_0c0a9f798ee5
SF6+ + SF2 -> SF6+ + S + F2,Collision-induced target dissociation,ion,collision_induced_dissociation,mechanical,3,pass,unknown,unknown,unknown,unknown,,,,,true,,rxn_bd5d4a93a8e8
SF6+ + SF3 -> SF6+ + F + SF2,Collision-induced target dissociation,ion,collision_induced_dissociation,mechanical,3,pass,unknown,unknown,unknown,unknown,,,,,true,,rxn_260c8f033da0
SF6+ + SF3 -> SF6+ + SF + F2,Collision-induced target dissociation,ion,collision_induced_dissociation,mechanical,3,pass,unknown,unknown,unknown,unknown,,,,,true,,rxn_5656b2953154
SF6- + O2F -> SF6- + F + O2,Collision-induced target dissociation,ion,collision_induced_dissociation,mechanical,3,pass,unknown,unknown,unknown,unknown,,,,,true,,rxn_09455f459309
SF6- + O2F -> SF6- + O + OF,Collision-induced target dissociation,ion,collision_induced_dissociation,mechanical,3,pass,unknown,unknown,unknown,unknown,,,,,true,,rxn_721f973979cd
SF6- + SF2 -> SF6- + F + SF,Collision-induced target dissociation,ion,collision_induced_dissociation,mechanical,3,pass,pass,pass,unknown,unknown,,3.5016650884663045,,,true,,rxn_d4200ccfeff6
SF6- + SF2 -> SF6- + S + F2,Collision-induced target dissociation,ion,collision_induced_dissociation,mechanical,3,pass,pass,unknown,unknown,unknown,,,,,true,,rxn_bc9c42748925
SF6- + SF3 -> SF6- + F + SF2,Collision-induced target dissociation,ion,collision_induced_dissociation,mechanical,3,pass,pass,pass,unknown,unknown,,2.416677893620253,,,true,,rxn_714bea490a22
SF6- + SF3 -> SF6- + SF + F2,Collision-induced target dissociation,ion,collision_induced_dissociation,mechanical,3,pass,pass,pass,unknown,unknown,,4.759529934996819,,,true,,rxn_d96dc4bc3ea7
SOF3+ + O2F -> SOF3+ + F + O2,Collision-induced target dissociation,ion,collision_induced_dissociation,mechanical,3,pass,unknown,unknown,unknown,unknown,,,,,true,,rxn_8b35df4379c0
SOF3+ + O2F -> SOF3+ + O + OF,Collision-induced target dissociation,ion,collision_induced_dissociation,mechanical,3,pass,unknown,unknown,unknown,unknown,,,,,true,,rxn_b0455570479c
SOF3+ + SF2 -> SOF3+ + F + SF,Collision-induced target dissociation,ion,collision_induced_dissociation,mechanical,3,pass,unknown,unknown,unknown,unknown,,,,,true,,rxn_22f3b9621aa6
SOF3+ + SF2 -> SOF3+ + S + F2,Collision-induced target dissociation,ion,collision_induced_dissociation,mechanical,3,pass,unknown,unknown,unknown,unknown,,,,,true,,rxn_465f598bac02
SOF3+ + SF3 -> SOF3+ + F + SF2,Collision-induced target dissociation,ion,collision_induced_dissociation,mechanical,3,pass,unknown,unknown,unknown,unknown,,,,,true,,rxn_89dd138729c3
SOF3+ + SF3 -> SOF3+ + SF + F2,Collision-induced target dissociation,ion,collision_induced_dissociation,mechanical,3,pass,unknown,unknown,unknown,unknown,,,,,true,,rxn_92dab4cc1ea5
SOF3- + O2F -> SOF3- + F + O2,Collision-induced target dissociation,ion,collision_induced_dissociation,mechanical,3,pass,unknown,unknown,unknown,unknown,,,,,true,,rxn_0d3e99074e92
SOF3- + O2F -> SOF3- + O + OF,Collision-induced target dissociation,ion,collision_induced_dissociation,mechanical,3,pass,unknown,unknown,unknown,unknown,,,,,true,,rxn_788a00dec571
SOF3- + SF2 -> SOF3- + F + SF,Collision-induced target dissociation,ion,collision_induced_dissociation,mechanical,3,pass,unknown,unknown,unknown,unknown,,,,,true,,rxn_b06d68d35dff
SOF3- + SF2 -> SOF3- + S + F2,Collision-induced target dissociation,ion,collision_induced_dissociation,mechanical,3,pass,unknown,unknown,unknown,unknown,,,,,true,,rxn_8ee773dd22ac
SOF3- + SF3 -> SOF3- + F + SF2,Collision-induced target dissociation,ion,collision_induced_dissociation,mechanical,3,pass,unknown,unknown,unknown,unknown,,,,,true,,rxn_91c8f6b29295
SOF3- + SF3 -> SOF3- + SF + F2,Collision-induced target dissociation,ion,collision_induced_dissociation,mechanical,3,pass,unknown,unknown,unknown,unknown,,,,,true,,rxn_b60b2666a30b
SOF4+ + O2F -> SOF4+ + F + O2,Collision-induced target dissociation,ion,collision_induced_dissociation,mechanical,3,pass,unknown,unknown,unknown,unknown,,,,,true,,rxn_7821204a4795
SOF4+ + O2F -> SOF4+ + O + OF,Collision-induced target dissociation,ion,collision_induced_dissociation,mechanical,3,pass,unknown,unknown,unknown,unknown,,,,,true,,rxn_5d39c87d6599
SOF4+ + SF2 -> SOF4+ + F + SF,Collision-induced target dissociation,ion,collision_induced_dissociation,mechanical,3,pass,unknown,unknown,unknown,unknown,,,,,true,,rxn_52dae7dce5c5
SOF4+ + SF2 -> SOF4+ + S + F2,Collision-induced target dissociation,ion,collision_induced_dissociation,mechanical,3,pass,unknown,unknown,unknown,unknown,,,,,true,,rxn_03ce186083b2
SOF4+ + SF3 -> SOF4+ + F + SF2,Collision-induced target dissociation,ion,collision_induced_dissociation,mechanical,3,pass,unknown,unknown,unknown,unknown,,,,,true,,rxn_28a372637c4f
SOF4+ + SF3 -> SOF4+ + SF + F2,Collision-induced target dissociation,ion,collision_induced_dissociation,mechanical,3,pass,unknown,unknown,unknown,unknown,,,,,true,,rxn_18f6de0b9402
SOF4- + O2F -> SOF4- + F + O2,Collision-induced target dissociation,ion,collision_induced_dissociation,mechanical,3,pass,unknown,unknown,unknown,unknown,,,,,true,,rxn_bb40e363d6e7
SOF4- + O2F -> SOF4- + O + OF,Collision-induced target dissociation,ion,collision_induced_dissociation,mechanical,3,pass,unknown,unknown,unknown,unknown,,,,,true,,rxn_ad432b05d43d
SOF4- + SF2 -> SOF4- + F + SF,Collision-induced target dissociation,ion,collision_induced_dissociation,mechanical,3,pass,unknown,unknown,unknown,unknown,,,,,true,,rxn_7cfbeea3a1d0
SOF4- + SF2 -> SOF4- + S + F2,Collision-induced target dissociation,ion,collision_induced_dissociation,mechanical,3,pass,unknown,unknown,unknown,unknown,,,,,true,,rxn_9fbd906dc3bb
SOF4- + SF3 -> SOF4- + F + SF2,Collision-induced target dissociation,ion,collision_induced_dissociation,mechanical,3,pass,unknown,unknown,unknown,unknown,,,,,true,,rxn_b4fab321f563
SOF4- + SF3 -> SOF4- + SF + F2,Collision-induced target dissociation,ion,collision_induced_dissociation,mechanical,3,pass,unknown,unknown,unknown,unknown,,,,,true,,rxn_4c7517eab4d8
SOF5+ + O2F -> SOF5+ + F + O2,Collision-induced target dissociation,ion,collision_induced_dissociation,mechanical,3,pass,unknown,unknown,unknown,unknown,,,,,true,,rxn_e5acd186ef39
SOF5+ + O2F -> SOF5+ + O + OF,Collision-induced target dissociation,ion,collision_induced_dissociation,mechanical,3,pass,unknown,unknown,unknown,unknown,,,,,true,,rxn_324ae8ac7187
SOF5+ + SF2 -> SOF5+ + F + SF,Collision-induced target dissociation,ion,collision_induced_dissociation,mechanical,3,pass,unknown,unknown,unknown,unknown,,,,,true,,rxn_f13d9fc08a19
SOF5+ + SF2 -> SOF5+ + S + F2,Collision-induced target dissociation,ion,collision_induced_dissociation,mechanical,3,pass,unknown,unknown,unknown,unknown,,,,,true,,rxn_71d8ed0a48ae
SOF5+ + SF3 -> SOF5+ + F + SF2,Collision-induced target dissociation,ion,collision_induced_dissociation,mechanical,3,pass,unknown,unknown,unknown,unknown,,,,,true,,rxn_325e632b5557
SOF5+ + SF3 -> SOF5+ + SF + F2,Collision-induced target dissociation,ion,collision_induced_dissociation,mechanical,3,pass,unknown,unknown,unknown,unknown,,,,,true,,rxn_b9edb1f5664e
SOF5- + O2F -> SOF5- + F + O2,Collision-induced target dissociation,ion,collision_induced_dissociation,mechanical,3,pass,unknown,unknown,unknown,unknown,,,,,true,,rxn_df6c44f5d2ea
SOF5- + O2F -> SOF5- + O + OF,Collision-induced target dissociation,ion,collision_induced_dissociation,mechanical,3,pass,unknown,unknown,unknown,unknown,,,,,true,,rxn_b267a9636cd2
SOF5- + SF2 -> SOF5- + F + SF,Collision-induced target dissociation,ion,collision_induced_dissociation,mechanical,3,pass,unknown,unknown,unknown,unknown,,,,,true,,rxn_79629804c2e3
SOF5- + SF2 -> SOF5- + S + F2,Collision-induced target dissociation,ion,collision_induced_dissociation,mechanical,3,pass,unknown,unknown,unknown,unknown,,,,,true,,rxn_0bb1a780400e
SOF5- + SF3 -> SOF5- + F + SF2,Collision-induced target dissociation,ion,collision_induced_dissociation,mechanical,3,pass,unknown,unknown,unknown,unknown,,,,,true,,rxn_575434cff43a
SOF5- + SF3 -> SOF5- + SF + F2,Collision-induced target dissociation,ion,collision_induced_dissociation,mechanical,3,pass,unknown,unknown,unknown,unknown,,,,,true,,rxn_a6ad46741f1b
Ar- + O2F -> Ar + O2F + e,Collisional electron detachment,ion,collisional_detachment,mechanical,3,pass,fail,unknown,unknown,unknown,,,,,true,,rxn_22e6e37967e6
Ar- + SF2 -> Ar + SF2 + e,Collisional electron detachment,ion,collisional_detachment,mechanical,3,pass,fail,unknown,unknown,unknown,,,,,true,,rxn_f0feec47ea3d
Ar- + SF3 -> Ar + SF3 + e,Collisional electron detachment,ion,collisional_detachment,mechanical,3,pass,fail,unknown,unknown,unknown,,,,,true,,rxn_8174e4973d85
ArF- + Ar -> 2 Ar + F + e,Collisional electron detachment,ion,collisional_detachment,mechanical,3,pass,unknown,unknown,unknown,unknown,,,,,true,,rxn_6744b6d453cb
ArF- + F -> Ar + 2 F + e,Collisional electron detachment,ion,collisional_detachment,mechanical,3,pass,unknown,unknown,unknown,unknown,,,,,true,,rxn_a76921130725
ArF- + O -> Ar + F + O + e,Collisional electron detachment,ion,collisional_detachment,mechanical,3,pass,unknown,unknown,unknown,unknown,,,,,true,,rxn_f4d6195195fd
ArF- + O2 -> Ar + F + O2 + e,Collisional electron detachment,ion,collisional_detachment,mechanical,3,pass,unknown,unknown,unknown,unknown,,,,,true,,rxn_996dbb7d5c17
ArF- + O2F -> Ar + F + O2F + e,Collisional electron detachment,ion,collisional_detachment,mechanical,3,pass,unknown,unknown,unknown,unknown,,,,,true,,rxn_831ffb590e5e
ArF- + SF2 -> Ar + F + SF2 + e,Collisional electron detachment,ion,collisional_detachment,mechanical,3,pass,unknown,unknown,unknown,unknown,,,,,true,,rxn_e7d1baabba2e
ArF- + SF3 -> Ar + F + SF3 + e,Collisional electron detachment,ion,collisional_detachment,mechanical,3,pass,unknown,unknown,unknown,unknown,,,,,true,,rxn_b30d86003988
ArF- + SF4 -> Ar + F + SF4 + e,Collisional electron detachment,ion,collisional_detachment,mechanical,3,pass,unknown,unknown,unknown,unknown,,,,,true,,rxn_8634ffc00523
ArF- + SF5 -> Ar + F + SF5 + e,Collisional electron detachment,ion,collisional_detachment,mechanical,3,pass,unknown,unknown,unknown,unknown,,,,,true,,rxn_5b7d565309bf
ArF- + SF6 -> Ar + F + SF6 + e,Collisional electron detachment,ion,collisional_detachment,mechanical,3,pass,unknown,unknown,unknown,unknown,,,,,true,,rxn_912cc26a075b
F- + O2F -> F + O2F + e,Collisional electron detachment,ion,collisional_detachment,mechanical,3,pass,unknown,unknown,unknown,unknown,,,,,true,,rxn_f332309995a8
F- + SF2 -> F + SF2 + e,Collisional electron detachment,ion,collisional_detachment,mechanical,3,pass,pass,pass,pass,pass,3.401129274685823,,,rate_coefficient,true,,rxn_f34acf59c7fa
F- + SF3 -> F + SF3 + e,Collisional electron detachment,ion,collisional_detachment,mechanical,3,pass,pass,unknown,pass,pass,,,,rate_coefficient,true,,rxn_e054eded10c5
F2- + O2F -> O2F + F2 + e,Collisional electron detachment,ion,collisional_detachment,mechanical,3,pass,unknown,unknown,unknown,unknown,,,,,true,,rxn_c3dbb835de62
F2- + SF2 -> SF2 + F2 + e,Collisional electron detachment,ion,collisional_detachment,mechanical,3,pass,pass,unknown,pass,pass,,,,rate_coefficient,true,,rxn_4ca786f7c777
F2- + SF3 -> SF3 + F2 + e,Collisional electron detachment,ion,collisional_detachment,mechanical,3,pass,pass,unknown,pass,pass,,,,rate_coefficient,true,,rxn_f76db6e419b5
O- + O2F -> O2F + O + e,Collisional electron detachment,ion,collisional_detachment,mechanical,3,pass,unknown,unknown,unknown,unknown,,,,,true,,rxn_fa4dd54c7400
O- + SF2 -> O + SF2 + e,Collisional electron detachment,ion,collisional_detachment,mechanical,3,pass,pass,pass,unknown,unknown,1.4605769999999998,,,,true,,rxn_a676faf63423
O- + SF3 -> O + SF3 + e,Collisional electron detachment,ion,collisional_detachment,mechanical,3,pass,pass,unknown,unknown,unknown,,,,,true,,rxn_fab954452460
O2- + O2F -> O2F + O2 + e,Collisional electron detachment,ion,collisional_detachment,mechanical,3,pass,unknown,unknown,unknown,unknown,,,,,true,,rxn_136b010da275
O2- + SF2 -> SF2 + O2 + e,Collisional electron detachment,ion,collisional_detachment,mechanical,3,pass,pass,unknown,unknown,unknown,,,,,true,,rxn_be192ae9a63c
O2- + SF3 -> SF3 + O2 + e,Collisional electron detachment,ion,collisional_detachment,mechanical,3,pass,pass,unknown,unknown,unknown,,,,,true,,rxn_d350651e39cd
O2F- + Ar -> Ar + O2F + e,Collisional electron detachment,ion,collisional_detachment,mechanical,3,pass,unknown,unknown,unknown,unknown,,,,,true,,rxn_08f3ab31fea4
O2F- + F -> F + O2F + e,Collisional electron detachment,ion,collisional_detachment,mechanical,3,pass,unknown,unknown,unknown,unknown,,,,,true,,rxn_9123ae288be4
O2F- + O -> O2F + O + e,Collisional electron detachment,ion,collisional_detachment,mechanical,3,pass,unknown,unknown,unknown,unknown,,,,,true,,rxn_0e80b52291a7
O2F- + O2 -> O2F + O2 + e,Collisional electron detachment,ion,collisional_detachment,mechanical,3,pass,unknown,unknown,unknown,unknown,,,,,true,,rxn_f5f058c4839a
O2F- + O2F -> 2 O2F + e,Collisional electron detachment,ion,collisional_detachment,mechanical,3,pass,unknown,unknown,unknown,unknown,,,,,true,,rxn_5518a7e61272
O2F- + SF2 -> O2F + SF2 + e,Collisional electron detachment,ion,collisional_detachment,mechanical,3,pass,unknown,unknown,unknown,unknown,,,,,true,,rxn_97d882dde25f
O2F- + SF3 -> O2F + SF3 + e,Collisional electron detachment,ion,collisional_detachment,mechanical,3,pass,unknown,unknown,unknown,unknown,,,,,true,,rxn_82574d4ffcb5
O2F- + SF4 -> O2F + SF4 + e,Collisional electron detachment,ion,collisional_detachment,mechanical,3,pass,unknown,unknown,unknown,unknown,,,,,true,,rxn_acfd6d922700
O2F- + SF5 -> O2F + SF5 + e,Collisional electron detachment,ion,collisional_detachment,mechanical,3,pass,unknown,unknown,unknown,unknown,,,,,true,,rxn_a1d14e901a39
O2F- + SF6 -> O2F + SF6 + e,Collisional electron detachment,ion,collisional_detachment,mechanical,3,pass,unknown,unknown,unknown,unknown,,,,,true,,rxn_2320a5329f02
OF- + Ar -> Ar + OF + e,Collisional electron detachment,ion,collisional_detachment,mechanical,3,pass,unknown,unknown,unknown,unknown,,,,,true,,rxn_24c36e5dd978
OF- + F -> F + OF + e,Collisional electron detachment,ion,collisional_detachment,mechanical,3,pass,unknown,unknown,unknown,unknown,,,,,true,,rxn_4175c62867d9
OF- + O -> O + OF + e,Collisional electron detachment,ion,collisional_detachment,mechanical,3,pass,unknown,unknown,unknown,unknown,,,,,true,,rxn_244b6214ca4e
OF- + O2 -> OF + O2 + e,Collisional electron detachment,ion,collisional_detachment,mechanical,3,pass,unknown,unknown,unknown,unknown,,,,,true,,rxn_c2a7f44b1630
OF- + O2F -> O2F + OF + e,Collisional electron detachment,ion,collisional_detachment,mechanical,3,pass,unknown,unknown,unknown,unknown,,,,,true,,rxn_90a8215cb995
OF- + OF -> 2 OF + e,Collisional electron detachment,ion,collisional_detachment,mechanical,3,pass,unknown,unknown,unknown,unknown,,,,,true,,rxn_682a35891276
OF- + SF2 -> OF + SF2 + e,Collisional electron detachment,ion,collisional_detachment,mechanical,3,pass,unknown,unknown,unknown,unknown,,,,,true,,rxn_11373338e3a0
OF- + SF3 -> OF + SF3 + e,Collisional electron detachment,ion,collisional_detachment,mechanical,3,pass,unknown,unknown,unknown,unknown,,,,,true,,rxn_957e2ca72196
OF- + SF4 -> OF + SF4 + e,Collisional electron detachment,ion,collisional_detachment,mechanical,3,pass,unknown,unknown,unknown,unknown,,,,,true,,rxn_5828d90cb7fd
OF- + SF5 -> OF + SF5 + e,Collisional electron detachment,ion,collisional_detachment,mechanical,3,pass,unknown,unknown,unknown,unknown,,,,,true,,rxn_b1f19b5901c6
OF- + SF6 -> OF + SF6 + e,Collisional electron detachment,ion,collisional_detachment,mechanical,3,pass,unknown,unknown,unknown,unknown,,,,,true,,rxn_d72ad0e4fe03
SF2- + Ar -> Ar + SF2 + e,Collisional electron detachment,ion,collisional_detachment,mechanical,3,pass,pass,unknown,unknown,unknown,,,,,true,,rxn_fbd230ab1e28
SF2- + F -> F + SF2 + e,Collisional electron detachment,ion,collisional_detachment,mechanical,3,pass,pass,unknown,pass,pass,,,,rate_coefficient,true,,rxn_d4b40785c8ea
SF2- + O -> O + SF2 + e,Collisional electron detachment,ion,collisional_detachment,mechanical,3,pass,pass,unknown,unknown,unknown,,,,,true,,rxn_dad89576bd40
SF2- + O2 -> SF2 + O2 + e,Collisional electron detachment,ion,collisional_detachment,mechanical,3,pass,pass,unknown,unknown,unknown,,,,,true,,rxn_5ccc14ebcd88
SF2- + O2F -> O2F + SF2 + e,Collisional electron detachment,ion,collisional_detachment,mechanical,3,pass,unknown,unknown,unknown,unknown,,,,,true,,rxn_4bc0c82ac378
SF2- + SF2 -> 2 SF2 + e,Collisional electron detachment,ion,collisional_detachment,mechanical,3,pass,pass,unknown,pass,pass,,,,rate_coefficient,true,,rxn_0e2b00003363
SF2- + SF3 -> SF2 + SF3 + e,Collisional electron detachment,ion,collisional_detachment,mechanical,3,pass,pass,unknown,pass,pass,,,,rate_coefficient,true,,rxn_283fcd174b5c
SF2- + SF4 -> SF2 + SF4 + e,Collisional electron detachment,ion,collisional_detachment,mechanical,3,pass,pass,unknown,pass,pass,,,,rate_coefficient,true,,rxn_67ca1ceabefe
SF2- + SF5 -> SF2 + SF5 + e,Collisional electron detachment,ion,collisional_detachment,mechanical,3,pass,pass,unknown,pass,pass,,,,rate_coefficient,true,,rxn_adbdf0f1a076
SF2- + SF6 -> SF2 + SF6 + e,Collisional electron detachment,ion,collisional_detachment,mechanical,3,pass,pass,unknown,pass,pass,,,,rate_coefficient,true,,rxn_d839ac68297d
SF3- + Ar -> Ar + SF3 + e,Collisional electron detachment,ion,collisional_detachment,mechanical,3,pass,pass,unknown,unknown,unknown,,,,,true,,rxn_2f5a82a2e99b
SF3- + F -> F + SF3 + e,Collisional electron detachment,ion,collisional_detachment,mechanical,3,pass,pass,unknown,pass,pass,,,,rate_coefficient,true,,rxn_5bb3b028e405
SF3- + O -> O + SF3 + e,Collisional electron detachment,ion,collisional_detachment,mechanical,3,pass,pass,unknown,unknown,unknown,,,,,true,,rxn_a0152613a836
SF3- + O2 -> SF3 + O2 + e,Collisional electron detachment,ion,collisional_detachment,mechanical,3,pass,pass,unknown,unknown,unknown,,,,,true,,rxn_e377361e32d2
SF3- + O2F -> O2F + SF3 + e,Collisional electron detachment,ion,collisional_detachment,mechanical,3,pass,unknown,unknown,unknown,unknown,,,,,true,,rxn_0d1a4dc2182d
SF3- + SF2 -> SF2 + SF3 + e,Collisional electron detachment,ion,collisional_detachment,mechanical,3,pass,pass,unknown,pass,pass,,,,rate_coefficient,true,,rxn_32a204e80b92
SF3- + SF3 -> 2 SF3 + e,Collisional electron detachment,ion,collisional_detachment,mechanical,3,pass,pass,unknown,pass,pass,,,,rate_coefficient,true,,rxn_fbf3d181ea33
SF3- + SF4 -> SF3 + SF4 + e,Collisional electron detachment,ion,collisional_detachment,mechanical,3,pass,pass,unknown,pass,pass,,,,rate_coefficient,true,,rxn_1170c475ffcd
SF3- + SF5 -> SF3 + SF5 + e,Collisional electron detachment,ion,collisional_detachment,mechanical,3,pass,pass,unknown,pass,pass,,,,rate_coefficient,true,,rxn_9d670c111622
SF3- + SF6 -> SF3 + SF6 + e,Collisional electron detachment,ion,collisional_detachment,mechanical,3,pass,pass,unknown,pass,pass,,,,rate_coefficient,true,,rxn_eb0fb8b2cb8d
SF4- + O2F -> O2F + SF4 + e,Collisional electron detachment,ion,collisional_detachment,mechanical,3,pass,unknown,unknown,unknown,unknown,,,,,true,,rxn_f8dbea578968
SF4- + SF2 -> SF2 + SF4 + e,Collisional electron detachment,ion,collisional_detachment,mechanical,3,pass,pass,unknown,pass,pass,,,,rate_coefficient,true,,rxn_bd368bbfe3a6
SF4- + SF3 -> SF3 + SF4 + e,Collisional electron detachment,ion,collisional_detachment,mechanical,3,pass,pass,unknown,pass,pass,,,,rate_coefficient,true,,rxn_1fd03aa357e1
SF5- + O2F -> O2F + SF5 + e,Collisional electron detachment,ion,collisional_detachment,mechanical,3,pass,unknown,unknown,unknown,unknown,,,,,true,,rxn_3e61e9e5c476
SF5- + SF2 -> SF2 + SF5 + e,Collisional electron detachment,ion,collisional_detachment,mechanical,3,pass,pass,unknown,pass,pass,,,,rate_coefficient,true,,rxn_cc53458a1bca
SF5- + SF3 -> SF3 + SF5 + e,Collisional electron detachment,ion,collisional_detachment,mechanical,3,pass,pass,unknown,pass,pass,,,,rate_coefficient,true,,rxn_7b5a842d8c48
SF6- + O2F -> O2F + SF6 + e,Collisional electron detachment,ion,collisional_detachment,mechanical,3,pass,unknown,unknown,unknown,unknown,,,,,true,,rxn_cb52b08d5f22
SF6- + SF2 -> SF2 + SF6 + e,Collisional electron detachment,ion,collisional_detachment,mechanical,3,pass,pass,unknown,pass,pass,,,,rate_coefficient,true,,rxn_d5585f95080d
SF6- + SF3 -> SF3 + SF6 + e,Collisional electron detachment,ion,collisional_detachment,mechanical,3,pass,pass,unknown,pass,pass,,,,rate_coefficient,true,,rxn_9c2fb476b672
SOF3- + Ar -> Ar + SOF3 + e,Collisional electron detachment,ion,collisional_detachment,mechanical,3,pass,unknown,unknown,unknown,unknown,,,,,true,,rxn_5a5f60689e05
SOF3- + F -> F + SOF3 + e,Collisional electron detachment,ion,collisional_detachment,mechanical,3,pass,unknown,unknown,unknown,unknown,,,,,true,,rxn_4bcfc8730472
SOF3- + O -> O + SOF3 + e,Collisional electron detachment,ion,collisional_detachment,mechanical,3,pass,unknown,unknown,unknown,unknown,,,,,true,,rxn_e58fd49503ee
SOF3- + O2 -> SOF3 + O2 + e,Collisional electron detachment,ion,collisional_detachment,mechanical,3,pass,unknown,unknown,unknown,unknown,,,,,true,,rxn_4d9d5224aba4
SOF3- + O2F -> O2F + SOF3 + e,Collisional electron detachment,ion,collisional_detachment,mechanical,3,pass,unknown,unknown,unknown,unknown,,,,,true,,rxn_e5f0d895be88
SOF3- + SF2 -> SF2 + SOF3 + e,Collisional electron detachment,ion,collisional_detachment,mechanical,3,pass,unknown,unknown,unknown,unknown,,,,,true,,rxn_e97e92036335
SOF3- + SF3 -> SF3 + SOF3 + e,Collisional electron detachment,ion,collisional_detachment,mechanical,3,pass,unknown,unknown,unknown,unknown,,,,,true,,rxn_2a33adb54d5c
SOF3- + SF4 -> SF4 + SOF3 + e,Collisional electron detachment,ion,collisional_detachment,mechanical,3,pass,unknown,unknown,unknown,unknown,,,,,true,,rxn_1460fdb0f0d7
SOF3- + SF5 -> SF5 + SOF3 + e,Collisional electron detachment,ion,collisional_detachment,mechanical,3,pass,unknown,unknown,unknown,unknown,,,,,true,,rxn_61d2c957633d
SOF3- + SF6 -> SOF3 + SF6 + e,Collisional electron detachment,ion,collisional_detachment,mechanical,3,pass,unknown,unknown,unknown,unknown,,,,,true,,rxn_a552af0e496f
SOF4- + Ar -> Ar + SOF4 + e,Collisional electron detachment,ion,collisional_detachment,mechanical,3,pass,unknown,unknown,unknown,unknown,,,,,true,,rxn_b2aa5ff8b8e1
SOF4- + F -> F + SOF4 + e,Collisional electron detachment,ion,collisional_detachment,mechanical,3,pass,unknown,unknown,unknown,unknown,,,,,true,,rxn_89441bba3bff
SOF4- + O -> O + SOF4 + e,Collisional electron detachment,ion,collisional_detachment,mechanical,3,pass,unknown,unknown,unknown,unknown,,,,,true,,rxn_f4524c7616e5
SOF4- + O2 -> O2 + SOF4 + e,Collisional electron detachment,ion,collisional_detachment,mechanical,3,pass,unknown,unknown,unknown,unknown,,,,,true,,rxn_73184219a993
SOF4- + O2F -> O2F + SOF4 + e,Collisional electron detachment,ion,collisional_detachment,mechanical,3,pass,unknown,unknown,unknown,unknown,,,,,true,,rxn_b6c0bfb2ae3f
SOF4- + SF2 -> SF2 + SOF4 + e,Collisional electron detachment,ion,collisional_detachment,mechanical,3,pass,unknown,unknown,unknown,unknown,,,,,true,,rxn_0f2301e07c11
SOF4- + SF3 -> SF3 + SOF4 + e,Collisional electron detachment,ion,collisional_detachment,mechanical,3,pass,unknown,unknown,unknown,unknown,,,,,true,,rxn_1801211f250b
SOF4- + SF4 -> SF4 + SOF4 + e,Collisional electron detachment,ion,collisional_detachment,mechanical,3,pass,unknown,unknown,unknown,unknown,,,,,true,,rxn_8970704b4822
SOF4- + SF5 -> SF5 + SOF4 + e,Collisional electron detachment,ion,collisional_detachment,mechanical,3,pass,unknown,unknown,unknown,unknown,,,,,true,,rxn_2b46789f29e0
SOF4- + SF6 -> SF6 + SOF4 + e,Collisional electron detachment,ion,collisional_detachment,mechanical,3,pass,unknown,unknown,unknown,unknown,,,,,true,,rxn_3cb6e5c30d62
SOF5- + Ar -> Ar + SOF5 + e,Collisional electron detachment,ion,collisional_detachment,mechanical,3,pass,unknown,unknown,unknown,unknown,,,,,true,,rxn_ade7bdc6c8bc
SOF5- + F -> F + SOF5 + e,Collisional electron detachment,ion,collisional_detachment,mechanical,3,pass,unknown,unknown,unknown,unknown,,,,,true,,rxn_ad4aef382c46
SOF5- + O -> O + SOF5 + e,Collisional electron detachment,ion,collisional_detachment,mechanical,3,pass,unknown,unknown,unknown,unknown,,,,,true,,rxn_50a5950bd981
SOF5- + O2 -> SOF5 + O2 + e,Collisional electron detachment,ion,collisional_detachment,mechanical,3,pass,unknown,unknown,unknown,unknown,,,,,true,,rxn_9bfdcb13a754
SOF5- + O2F -> O2F + SOF5 + e,Collisional electron detachment,ion,collisional_detachment,mechanical,3,pass,unknown,unknown,unknown,unknown,,,,,true,,rxn_03358f2341c8
SOF5- + SF2 -> SF2 + SOF5 + e,Collisional electron detachment,ion,collisional_detachment,mechanical,3,pass,unknown,unknown,unknown,unknown,,,,,true,,rxn_650f1037b29c
SOF5- + SF3 -> SF3 + SOF5 + e,Collisional electron detachment,ion,collisional_detachment,mechanical,3,pass,unknown,unknown,unknown,unknown,,,,,true,,rxn_cbe308e1b21b
SOF5- + SF4 -> SF4 + SOF5 + e,Collisional electron detachment,ion,collisional_detachment,mechanical,3,pass,unknown,unknown,unknown,unknown,,,,,true,,rxn_12879656ac57
SOF5- + SF5 -> SF5 + SOF5 + e,Collisional electron detachment,ion,collisional_detachment,mechanical,3,pass,unknown,unknown,unknown,unknown,,,,,true,,rxn_b572db1da7b5
SOF5- + SF6 -> SOF5 + SF6 + e,Collisional electron detachment,ion,collisional_detachment,mechanical,3,pass,unknown,unknown,unknown,unknown,,,,,true,,rxn_9278e1ae7f87
SOF5- + SOF5 -> 2 SOF5 + e,Collisional electron detachment,ion,collisional_detachment,mechanical,3,pass,unknown,unknown,unknown,unknown,,,,,true,,rxn_b99a9883095b
Ar+ + O2F -> F+ + Ar + O2,Dissociative charge transfer,ion,dissociative_charge_transfer,mechanical,3,pass,unknown,unknown,unknown,unknown,,,,,true,,rxn_e4ac939ecf42
Ar+ + O2F -> OF+ + Ar + O,Dissociative charge transfer,ion,dissociative_charge_transfer,mechanical,3,pass,unknown,unknown,unknown,unknown,,,,,true,,rxn_7480f7455733
Ar+ + SF2 -> S+ + Ar + F2,Dissociative charge transfer,ion,dissociative_charge_transfer,mechanical,3,pass,pass,pass,unknown,unknown,,0.13739496266174941,,,true,,rxn_41f9d1e07659
Ar+ + SF2 -> SF+ + Ar + F,Dissociative charge transfer,ion,dissociative_charge_transfer,mechanical,3,pass,pass,pass,unknown,unknown,,-2.1276518768711474,,,true,,rxn_7bfc36a35bfe
Ar+ + SF3 -> SF+ + Ar + F2,Dissociative charge transfer,ion,dissociative_charge_transfer,mechanical,3,pass,pass,pass,unknown,unknown,,-0.8697870303406352,,,true,,rxn_fabc95a61847
Ar+ + SF3 -> SF2+ + Ar + F,Dissociative charge transfer,ion,dissociative_charge_transfer,mechanical,3,pass,pass,pass,unknown,unknown,,-3.0283969969656117,,,true,,rxn_2db35001e749
Ar- + O2F -> F- + Ar + O2,Dissociative charge transfer,ion,dissociative_charge_transfer,mechanical,3,pass,fail,unknown,unknown,unknown,,,,,true,,rxn_3d2d61c48a27
Ar- + O2F -> OF- + Ar + O,Dissociative charge transfer,ion,dissociative_charge_transfer,mechanical,3,pass,fail,unknown,unknown,unknown,,,,,true,,rxn_ce8256652cba
Ar- + SF2 -> S- + Ar + F2,Dissociative charge transfer,ion,dissociative_charge_transfer,mechanical,3,pass,fail,unknown,unknown,unknown,,,,,true,,rxn_a02c5893a74b
Ar- + SF2 -> SF- + Ar + F,Dissociative charge transfer,ion,dissociative_charge_transfer,mechanical,3,pass,fail,unknown,unknown,unknown,,,,,true,,rxn_cfaabe6074d5
Ar- + SF3 -> SF- + Ar + F2,Dissociative charge transfer,ion,dissociative_charge_transfer,mechanical,3,pass,fail,unknown,unknown,unknown,,,,,true,,rxn_b07e94ceaf05
Ar- + SF3 -> SF2- + Ar + F,Dissociative charge transfer,ion,dissociative_charge_transfer,mechanical,3,pass,fail,unknown,unknown,unknown,,,,,true,,rxn_2025e3d6f6ac
ArF+ + Ar -> Ar+ + Ar + F,Dissociative charge transfer,ion,dissociative_charge_transfer,mechanical,3,pass,unknown,unknown,unknown,unknown,,,,,true,,rxn_b4ce74714fd5
ArF+ + F -> F+ + Ar + F,Dissociative charge transfer,ion,dissociative_charge_transfer,mechanical,3,pass,unknown,unknown,unknown,unknown,,,,,true,,rxn_3b2758dd534f
ArF+ + O -> O+ + Ar + F,Dissociative charge transfer,ion,dissociative_charge_transfer,mechanical,3,pass,unknown,unknown,unknown,unknown,,,,,true,,rxn_7610052d6c72
ArF+ + O2 -> O2+ + Ar + F,Dissociative charge transfer,ion,dissociative_charge_transfer,mechanical,3,pass,unknown,unknown,unknown,unknown,,,,,true,,rxn_fd95be04ff9b
ArF+ + O2F -> O2F+ + Ar + F,Dissociative charge transfer,ion,dissociative_charge_transfer,mechanical,3,pass,unknown,unknown,unknown,unknown,,,,,true,,rxn_000c8ee1f95f
ArF+ + SF2 -> SF2+ + Ar + F,Dissociative charge transfer,ion,dissociative_charge_transfer,mechanical,3,pass,unknown,unknown,unknown,unknown,,,,,true,,rxn_94df69273741
ArF+ + SF3 -> SF3+ + Ar + F,Dissociative charge transfer,ion,dissociative_charge_transfer,mechanical,3,pass,unknown,unknown,unknown,unknown,,,,,true,,rxn_aadd5b55ba1b
ArF+ + SF4 -> SF4+ + Ar + F,Dissociative charge transfer,ion,dissociative_charge_transfer,mechanical,3,pass,unknown,unknown,unknown,unknown,,,,,true,,rxn_0beb9cd1e790
ArF+ + SF5 -> SF5+ + Ar + F,Dissociative charge transfer,ion,dissociative_charge_transfer,mechanical,3,pass,unknown,unknown,unknown,unknown,,,,,true,,rxn_f215afae218c
ArF+ + SF6 -> SF6+ + Ar + F,Dissociative charge transfer,ion,dissociative_charge_transfer,mechanical,3,pass,unknown,unknown,unknown,unknown,,,,,true,,rxn_aade042bd6f6
ArF- + Ar -> Ar- + Ar + F,Dissociative charge transfer,ion,dissociative_charge_transfer,mechanical,3,pass,fail,unknown,unknown,unknown,,,,,true,,rxn_c716665905ce
ArF- + F -> F- + Ar + F,Dissociative charge transfer,ion,dissociative_charge_transfer,mechanical,3,pass,unknown,unknown,unknown,unknown,,,,,true,,rxn_a8efe521d7e1
ArF- + O -> O- + Ar + F,Dissociative charge transfer,ion,dissociative_charge_transfer,mechanical,3,pass,unknown,unknown,unknown,unknown,,,,,true,,rxn_837a2984ebd5
ArF- + O2 -> O2- + Ar + F,Dissociative charge transfer,ion,dissociative_charge_transfer,mechanical,3,pass,unknown,unknown,unknown,unknown,,,,,true,,rxn_00ea76173597
ArF- + O2F -> O2F- + Ar + F,Dissociative charge transfer,ion,dissociative_charge_transfer,mechanical,3,pass,unknown,unknown,unknown,unknown,,,,,true,,rxn_44ac16179534
ArF- + SF2 -> SF2- + Ar + F,Dissociative charge transfer,ion,dissociative_charge_transfer,mechanical,3,pass,unknown,unknown,unknown,unknown,,,,,true,,rxn_4475eac1690f
ArF- + SF3 -> SF3- + Ar + F,Dissociative charge transfer,ion,dissociative_charge_transfer,mechanical,3,pass,unknown,unknown,unknown,unknown,,,,,true,,rxn_402f5d3871e4
ArF- + SF4 -> SF4- + Ar + F,Dissociative charge transfer,ion,dissociative_charge_transfer,mechanical,3,pass,unknown,unknown,unknown,unknown,,,,,true,,rxn_276a80197ade
ArF- + SF5 -> SF5- + Ar + F,Dissociative charge transfer,ion,dissociative_charge_transfer,mechanical,3,pass,unknown,unknown,unknown,unknown,,,,,true,,rxn_b15e802a2a79
ArF- + SF6 -> SF6- + Ar + F,Dissociative charge transfer,ion,dissociative_charge_transfer,mechanical,3,pass,unknown,unknown,unknown,unknown,,,,,true,,rxn_d05ccf26faef
F+ + O2F -> F+ + F + O2,Dissociative charge transfer,ion,dissociative_charge_transfer,mechanical,3,pass,unknown,unknown,unknown,unknown,,,,,true,,rxn_0d2f87d331b3
F+ + O2F -> OF+ + F + O,Dissociative charge transfer,ion,dissociative_charge_transfer,mechanical,3,pass,unknown,unknown,unknown,unknown,,,,,true,,rxn_ac0f76644714
F+ + SF2 -> S+ + F + F2,Dissociative charge transfer,ion,dissociative_charge_transfer,mechanical,3,pass,pass,pass,unknown,unknown,,-1.568221683698244,,,true,,rxn_9834a2005e35
F+ + SF2 -> SF+ + 2 F,Dissociative charge transfer,ion,dissociative_charge_transfer,mechanical,3,pass,pass,pass,unknown,unknown,,-3.833268523231143,,,true,,rxn_1ab6b13afaf1
F+ + SF3 -> SF+ + F + F2,Dissociative charge transfer,ion,dissociative_charge_transfer,mechanical,3,pass,pass,pass,unknown,unknown,,-2.5754036767006294,,,true,,rxn_6086840037aa
F+ + SF3 -> SF2+ + 2 F,Dissociative charge transfer,ion,dissociative_charge_transfer,mechanical,3,pass,pass,pass,unknown,unknown,,-4.734013643325606,,,true,,rxn_9154aa5dfcbf
F- + O2F -> F- + F + O2,Dissociative charge transfer,ion,dissociative_charge_transfer,mechanical,3,pass,unknown,unknown,unknown,unknown,,,,,true,,rxn_70465c949e56
F- + O2F -> OF- + F + O,Dissociative charge transfer,ion,dissociative_charge_transfer,mechanical,3,pass,unknown,unknown,unknown,unknown,,,,,true,,rxn_4867a983041f
F- + SF2 -> S- + F + F2,Dissociative charge transfer,ion,dissociative_charge_transfer,mechanical,3,pass,pass,unknown,unknown,unknown,,,,,true,,rxn_b8db6a47af5e
F- + SF2 -> SF- + 2 F,Dissociative charge transfer,ion,dissociative_charge_transfer,mechanical,3,pass,unknown,unknown,unknown,unknown,,,,,true,,rxn_438d5c82466b
F- + SF3 -> SF- + F + F2,Dissociative charge transfer,ion,dissociative_charge_transfer,mechanical,3,pass,unknown,unknown,unknown,unknown,,,,,true,,rxn_de2ce718bf7a
F- + SF3 -> SF2- + 2 F,Dissociative charge transfer,ion,dissociative_charge_transfer,mechanical,3,pass,pass,pass,unknown,unknown,,4.727629229874101,,,true,,rxn_75cf8eb4d754
F2+ + O2F -> F+ + F2 + O2,Dissociative charge transfer,ion,dissociative_charge_transfer,mechanical,3,pass,unknown,unknown,unknown,unknown,,,,,true,,rxn_3f44a902fb48
F2+ + O2F -> OF+ + O + F2,Dissociative charge transfer,ion,dissociative_charge_transfer,mechanical,3,pass,unknown,unknown,unknown,unknown,,,,,true,,rxn_18119340c715
F2+ + SF2 -> S+ + 2 F2,Dissociative charge transfer,ion,dissociative_charge_transfer,mechanical,3,pass,pass,unknown,unknown,unknown,,,,,true,,rxn_4470a9fc81bb
F2+ + SF2 -> SF+ + F + F2,Dissociative charge transfer,ion,dissociative_charge_transfer,mechanical,3,pass,pass,unknown,unknown,unknown,,,,,true,,rxn_86e5b0183637
F2+ + SF3 -> SF+ + 2 F2,Dissociative charge transfer,ion,dissociative_charge_transfer,mechanical,3,pass,pass,unknown,unknown,unknown,,,,,true,,rxn_43a67eb5b73f
F2+ + SF3 -> SF2+ + F + F2,Dissociative charge transfer,ion,dissociative_charge_transfer,mechanical,3,pass,pass,unknown,unknown,unknown,,,,,true,,rxn_de664cc0188b
F2- + O2F -> F- + F2 + O2,Dissociative charge transfer,ion,dissociative_charge_transfer,mechanical,3,pass,unknown,unknown,unknown,unknown,,,,,true,,rxn_50d97e5c7058
F2- + O2F -> OF- + O + F2,Dissociative charge transfer,ion,dissociative_charge_transfer,mechanical,3,pass,unknown,unknown,unknown,unknown,,,,,true,,rxn_714f3d87261d
F2- + SF2 -> S- + 2 F2,Dissociative charge transfer,ion,dissociative_charge_transfer,mechanical,3,pass,pass,unknown,unknown,unknown,,,,,true,,rxn_460324d0d859
F2- + SF2 -> SF- + F + F2,Dissociative charge transfer,ion,dissociative_charge_transfer,mechanical,3,pass,unknown,unknown,unknown,unknown,,,,,true,,rxn_fc1631dc12d3
F2- + SF3 -> SF- + 2 F2,Dissociative charge transfer,ion,dissociative_charge_transfer,mechanical,3,pass,unknown,unknown,unknown,unknown,,,,,true,,rxn_a0389493a84b
F2- + SF3 -> SF2- + F + F2,Dissociative charge transfer,ion,dissociative_charge_transfer,mechanical,3,pass,pass,unknown,unknown,unknown,,,,,true,,rxn_dbf5d4c9fa57
O+ + O2F -> F+ + O + O2,Dissociative charge transfer,ion,dissociative_charge_transfer,mechanical,3,pass,unknown,unknown,unknown,unknown,,,,,true,,rxn_aaff0563468c
O+ + O2F -> OF+ + 2 O,Dissociative charge transfer,ion,dissociative_charge_transfer,mechanical,3,pass,unknown,unknown,unknown,unknown,,,,,true,,rxn_79a0b824d998
O+ + SF2 -> S+ + O + F2,Dissociative charge transfer,ion,dissociative_charge_transfer,mechanical,3,pass,pass,unknown,unknown,unknown,,,,,true,,rxn_747e733733f3
O+ + SF2 -> SF+ + F + O,Dissociative charge transfer,ion,dissociative_charge_transfer,mechanical,3,pass,pass,unknown,unknown,unknown,,,,,true,,rxn_c5caaec5166d
O+ + SF3 -> SF+ + O + F2,Dissociative charge transfer,ion,dissociative_charge_transfer,mechanical,3,pass,pass,unknown,unknown,unknown,,,,,true,,rxn_e0efe8c7f965
O+ + SF3 -> SF2+ + F + O,Dissociative charge transfer,ion,dissociative_charge_transfer,mechanical,3,pass,pass,unknown,unknown,unknown,,,,,true,,rxn_f41d6205cdd3
O- + O2F -> F- + O + O2,Dissociative charge transfer,ion,dissociative_charge_transfer,mechanical,3,pass,unknown,unknown,unknown,unknown,,,,,true,,rxn_2e99ab49f0bc
O- + O2F -> OF- + 2 O,Dissociative charge transfer,ion,dissociative_charge_transfer,mechanical,3,pass,unknown,unknown,unknown,unknown,,,,,true,,rxn_28007e16f6eb
O- + SF2 -> S- + O + F2,Dissociative charge transfer,ion,dissociative_charge_transfer,mechanical,3,pass,pass,unknown,unknown,unknown,,,,,true,,rxn_d92754981b83
O- + SF2 -> SF- + F + O,Dissociative charge transfer,ion,dissociative_charge_transfer,mechanical,3,pass,unknown,unknown,unknown,unknown,,,,,true,,rxn_2b335ef3f3e9
O- + SF3 -> SF- + O + F2,Dissociative charge transfer,ion,dissociative_charge_transfer,mechanical,3,pass,unknown,unknown,unknown,unknown,,,,,true,,rxn_3baf5e4f48ab
O- + SF3 -> SF2- + F + O,Dissociative charge transfer,ion,dissociative_charge_transfer,mechanical,3,pass,pass,pass,unknown,unknown,,2.835855453286391,,,true,,rxn_4a6cea3de362
O2+ + O2F -> F+ + 2 O2,Dissociative charge transfer,ion,dissociative_charge_transfer,mechanical,3,pass,unknown,unknown,unknown,unknown,,,,,true,,rxn_78737489acfc
O2+ + O2F -> OF+ + O + O2,Dissociative charge transfer,ion,dissociative_charge_transfer,mechanical,3,pass,unknown,unknown,unknown,unknown,,,,,true,,rxn_29717062ef97
O2+ + SF2 -> S+ + F2 + O2,Dissociative charge transfer,ion,dissociative_charge_transfer,mechanical,3,pass,pass,unknown,unknown,unknown,,,,,true,,rxn_03f97d5f18d3
O2+ + SF2 -> SF+ + F + O2,Dissociative charge transfer,ion,dissociative_charge_transfer,mechanical,3,pass,pass,unknown,unknown,unknown,,,,,true,,rxn_c668d4a239a4
O2+ + SF3 -> SF+ + F2 + O2,Dissociative charge transfer,ion,dissociative_charge_transfer,mechanical,3,pass,pass,unknown,unknown,unknown,,,,,true,,rxn_4563110d5235
O2+ + SF3 -> SF2+ + F + O2,Dissociative charge transfer,ion,dissociative_charge_transfer,mechanical,3,pass,pass,unknown,unknown,unknown,,,,,true,,rxn_d95b4830249b
O2- + O2F -> F- + 2 O2,Dissociative charge transfer,ion,dissociative_charge_transfer,mechanical,3,pass,unknown,unknown,unknown,unknown,,,,,true,,rxn_fecd17f96a5d
O2- + O2F -> OF- + O + O2,Dissociative charge transfer,ion,dissociative_charge_transfer,mechanical,3,pass,unknown,unknown,unknown,unknown,,,,,true,,rxn_803f9bb0aa8d
O2- + SF2 -> S- + F2 + O2,Dissociative charge transfer,ion,dissociative_charge_transfer,mechanical,3,pass,pass,unknown,unknown,unknown,,,,,true,,rxn_0ce908846279
O2- + SF2 -> SF- + F + O2,Dissociative charge transfer,ion,dissociative_charge_transfer,mechanical,3,pass,unknown,unknown,unknown,unknown,,,,,true,,rxn_804e50b0c473
O2- + SF3 -> SF- + F2 + O2,Dissociative charge transfer,ion,dissociative_charge_transfer,mechanical,3,pass,unknown,unknown,unknown,unknown,,,,,true,,rxn_5581b8bf3b79
O2- + SF3 -> SF2- + F + O2,Dissociative charge transfer,ion,dissociative_charge_transfer,mechanical,3,pass,pass,unknown,unknown,unknown,,,,,true,,rxn_b39166ded8fd
O2F+ + O2F -> F+ + O2F + O2,Dissociative charge transfer,ion,dissociative_charge_transfer,mechanical,3,pass,unknown,unknown,unknown,unknown,,,,,true,,rxn_6fcbdfdba88d
O2F+ + O2F -> OF+ + O2F + O,Dissociative charge transfer,ion,dissociative_charge_transfer,mechanical,3,pass,unknown,unknown,unknown,unknown,,,,,true,,rxn_0b662bda8438
O2F+ + SF2 -> S+ + O2F + F2,Dissociative charge transfer,ion,dissociative_charge_transfer,mechanical,3,pass,unknown,unknown,unknown,unknown,,,,,true,,rxn_e07fca071684
O2F+ + SF2 -> SF+ + F + O2F,Dissociative charge transfer,ion,dissociative_charge_transfer,mechanical,3,pass,unknown,unknown,unknown,unknown,,,,,true,,rxn_765a3bac58a7
O2F+ + SF3 -> SF+ + O2F + F2,Dissociative charge transfer,ion,dissociative_charge_transfer,mechanical,3,pass,unknown,unknown,unknown,unknown,,,,,true,,rxn_dcca751b8abd
O2F+ + SF3 -> SF2+ + F + O2F,Dissociative charge transfer,ion,dissociative_charge_transfer,mechanical,3,pass,unknown,unknown,unknown,unknown,,,,,true,,rxn_9c652683213f
O2F- + O2F -> F- + O2F + O2,Dissociative charge transfer,ion,dissociative_charge_transfer,mechanical,3,pass,unknown,unknown,unknown,unknown,,,,,true,,rxn_e8a20e9ba96a
O2F- + O2F -> OF- + O2F + O,Dissociative charge transfer,ion,dissociative_charge_transfer,mechanical,3,pass,unknown,unknown,unknown,unknown,,,,,true,,rxn_a2eacb049bdb
O2F- + SF2 -> S- + O2F + F2,Dissociative charge transfer,ion,dissociative_charge_transfer,mechanical,3,pass,unknown,unknown,unknown,unknown,,,,,true,,rxn_e5f949cdb1d8
O2F- + SF2 -> SF- + F + O2F,Dissociative charge transfer,ion,dissociative_charge_transfer,mechanical,3,pass,unknown,unknown,unknown,unknown,,,,,true,,rxn_3d046b7fd801
O2F- + SF3 -> SF- + O2F + F2,Dissociative charge transfer,ion,dissociative_charge_transfer,mechanical,3,pass,unknown,unknown,unknown,unknown,,,,,true,,rxn_cb91ec961659
O2F- + SF3 -> SF2- + F + O2F,Dissociative charge transfer,ion,dissociative_charge_transfer,mechanical,3,pass,unknown,unknown,unknown,unknown,,,,,true,,rxn_89852857342c
OF+ + O2F -> F+ + OF + O2,Dissociative charge transfer,ion,dissociative_charge_transfer,mechanical,3,pass,unknown,unknown,unknown,unknown,,,,,true,,rxn_f598ac05d792
OF+ + O2F -> OF+ + O + OF,Dissociative charge transfer,ion,dissociative_charge_transfer,mechanical,3,pass,unknown,unknown,unknown,unknown,,,,,true,,rxn_66f1770b3848
OF+ + OF -> O+ + F + OF,Dissociative charge transfer,ion,dissociative_charge_transfer,mechanical,3,pass,unknown,unknown,unknown,unknown,,,,,true,,rxn_3760af634ac9
OF+ + SF2 -> S+ + OF + F2,Dissociative charge transfer,ion,dissociative_charge_transfer,mechanical,3,pass,unknown,unknown,unknown,unknown,,,,,true,,rxn_94f43a60b2f7
OF+ + SF2 -> SF+ + F + OF,Dissociative charge transfer,ion,dissociative_charge_transfer,mechanical,3,pass,unknown,unknown,unknown,unknown,,,,,true,,rxn_a91938faa635
OF+ + SF3 -> SF+ + OF + F2,Dissociative charge transfer,ion,dissociative_charge_transfer,mechanical,3,pass,unknown,unknown,unknown,unknown,,,,,true,,rxn_fb806da9c20f
OF+ + SF3 -> SF2+ + F + OF,Dissociative charge transfer,ion,dissociative_charge_transfer,mechanical,3,pass,unknown,unknown,unknown,unknown,,,,,true,,rxn_0df7746a746a
OF- + O2F -> F- + OF + O2,Dissociative charge transfer,ion,dissociative_charge_transfer,mechanical,3,pass,unknown,unknown,unknown,unknown,,,,,true,,rxn_2e459f0d31a4
OF- + O2F -> OF- + O + OF,Dissociative charge transfer,ion,dissociative_charge_transfer,mechanical,3,pass,unknown,unknown,unknown,unknown,,,,,true,,rxn_2d1995446049
OF- + OF -> O- + F + OF,Dissociative charge transfer,ion,dissociative_charge_transfer,mechanical,3,pass,unknown,unknown,unknown,unknown,,,,,true,,rxn_e8350f570fe5
OF- + SF2 -> S- + OF + F2,Dissociative charge transfer,ion,dissociative_charge_transfer,mechanical,3,pass,unknown,unknown,unknown,unknown,,,,,true,,rxn_06e4cca39a98
OF- + SF2 -> SF- + F + OF,Dissociative charge transfer,ion,dissociative_charge_transfer,mechanical,3,pass,unknown,unknown,unknown,unknown,,,,,true,,rxn_026bf41491e4
OF- + SF3 -> SF- + OF + F2,Dissociative charge transfer,ion,dissociative_charge_transfer,mechanical,3,pass,unknown,unknown,unknown,unknown,,,,,true,,rxn_e76380c6c8bf
OF- + SF3 -> SF2- + F + OF,Dissociative charge transfer,ion,dissociative_charge_transfer,mechanical,3,pass,unknown,unknown,unknown,unknown,,,,,true,,rxn_f01d47f4e7ab
SF2+ + O2F -> F+ + SF2 + O2,Dissociative charge transfer,ion,dissociative_charge_transfer,mechanical,3,pass,unknown,unknown,unknown,unknown,,,,,true,,rxn_ed13ff65071f
SF2+ + O2F -> OF+ + O + SF2,Dissociative charge transfer,ion,dissociative_charge_transfer,mechanical,3,pass,unknown,unknown,unknown,unknown,,,,,true,,rxn_e34873b14668
SF2+ + SF2 -> S+ + SF2 + F2,Dissociative charge transfer,ion,dissociative_charge_transfer,mechanical,3,pass,pass,pass,unknown,unknown,,5.5824698532476145,,,true,,rxn_c954b0741689
SF2+ + SF2 -> SF+ + F + SF2,Dissociative charge transfer,ion,dissociative_charge_transfer,mechanical,3,pass,pass,pass,unknown,unknown,,3.3174230137147154,,,true,,rxn_1c2175fecf80
SF2+ + SF3 -> SF+ + SF2 + F2,Dissociative charge transfer,ion,dissociative_charge_transfer,mechanical,3,pass,pass,pass,unknown,unknown,,4.575287860245231,,,true,,rxn_e2858ae3d68e
SF2+ + SF3 -> SF2+ + F + SF2,Dissociative charge transfer,ion,dissociative_charge_transfer,mechanical,3,pass,pass,pass,unknown,unknown,,2.4166778936202538,,,true,,rxn_408782cefe38
SF2- + O2F -> F- + SF2 + O2,Dissociative charge transfer,ion,dissociative_charge_transfer,mechanical,3,pass,unknown,unknown,unknown,unknown,,,,,true,,rxn_35f8e43bbf0f
SF2- + O2F -> OF- + O + SF2,Dissociative charge transfer,ion,dissociative_charge_transfer,mechanical,3,pass,unknown,unknown,unknown,unknown,,,,,true,,rxn_6406e64b1a47
SF2- + SF2 -> S- + SF2 + F2,Dissociative charge transfer,ion,dissociative_charge_transfer,mechanical,3,pass,pass,unknown,unknown,unknown,,,,,true,,rxn_0edd3bb71dbe
SF2- + SF2 -> SF- + F + SF2,Dissociative charge transfer,ion,dissociative_charge_transfer,mechanical,3,pass,unknown,unknown,unknown,unknown,,,,,true,,rxn_8622cd5e50d9
SF2- + SF3 -> SF- + SF2 + F2,Dissociative charge transfer,ion,dissociative_charge_transfer,mechanical,3,pass,unknown,unknown,unknown,unknown,,,,,true,,rxn_97e62c61553e
SF2- + SF3 -> SF2- + F + SF2,Dissociative charge transfer,ion,dissociative_charge_transfer,mechanical,3,pass,pass,pass,unknown,unknown,,2.416677893620253,,,true,,rxn_7a0ceb0d5f9c
SF3+ + O2F -> F+ + SF3 + O2,Dissociative charge transfer,ion,dissociative_charge_transfer,mechanical,3,pass,unknown,unknown,unknown,unknown,,,,,true,,rxn_d0d8d52ffb2d
SF3+ + O2F -> OF+ + O + SF3,Dissociative charge transfer,ion,dissociative_charge_transfer,mechanical,3,pass,unknown,unknown,unknown,unknown,,,,,true,,rxn_3b0a476e1482
SF3+ + SF2 -> S+ + SF3 + F2,Dissociative charge transfer,ion,dissociative_charge_transfer,mechanical,3,pass,pass,pass,unknown,unknown,,6.547446367844347,,,true,,rxn_fe0b898649a1
SF3+ + SF2 -> SF+ + F + SF3,Dissociative charge transfer,ion,dissociative_charge_transfer,mechanical,3,pass,pass,pass,unknown,unknown,,4.282399528311448,,,true,,rxn_e685d8c25339
SF3+ + SF3 -> SF+ + SF3 + F2,Dissociative charge transfer,ion,dissociative_charge_transfer,mechanical,3,pass,pass,pass,unknown,unknown,,5.5402643748419615,,,true,,rxn_43a5d263b46b
SF3+ + SF3 -> SF2+ + F + SF3,Dissociative charge transfer,ion,dissociative_charge_transfer,mechanical,3,pass,pass,pass,unknown,unknown,,3.381654408216984,,,true,,rxn_bd2f232689c7
SF3- + O2F -> F- + SF3 + O2,Dissociative charge transfer,ion,dissociative_charge_transfer,mechanical,3,pass,unknown,unknown,unknown,unknown,,,,,true,,rxn_542419fecb4c
SF3- + O2F -> OF- + O + SF3,Dissociative charge transfer,ion,dissociative_charge_transfer,mechanical,3,pass,unknown,unknown,unknown,unknown,,,,,true,,rxn_93aa026be98c
SF3- + SF2 -> S- + SF3 + F2,Dissociative charge transfer,ion,dissociative_charge_transfer,mechanical,3,pass,pass,unknown,unknown,unknown,,,,,true,,rxn_8e79fddfec71
SF3- + SF2 -> SF- + F + SF3,Dissociative charge transfer,ion,dissociative_charge_transfer,mechanical,3,pass,unknown,unknown,unknown,unknown,,,,,true,,rxn_299627329f0f
SF3- + SF3 -> SF- + SF3 + F2,Dissociative charge transfer,ion,dissociative_charge_transfer,mechanical,3,pass,unknown,unknown,unknown,unknown,,,,,true,,rxn_fdb5a8dd59c8
SF3- + SF3 -> SF2- + F + SF3,Dissociative charge transfer,ion,dissociative_charge_transfer,mechanical,3,pass,pass,pass,unknown,unknown,,4.129091595418913,,,true,,rxn_ddcedd6ffc5a
SF4+ + O2F -> F+ + SF4 + O2,Dissociative charge transfer,ion,dissociative_charge_transfer,mechanical,3,pass,unknown,unknown,unknown,unknown,,,,,true,,rxn_c30a8528d6a1
SF4+ + O2F -> OF+ + O + SF4,Dissociative charge transfer,ion,dissociative_charge_transfer,mechanical,3,pass,unknown,unknown,unknown,unknown,,,,,true,,rxn_7350289f91b5
SF4+ + SF2 -> S+ + SF4 + F2,Dissociative charge transfer,ion,dissociative_charge_transfer,mechanical,3,pass,pass,pass,unknown,unknown,,3.741232940321102,,,true,,rxn_7f1d429c29b8
SF4+ + SF2 -> SF+ + F + SF4,Dissociative charge transfer,ion,dissociative_charge_transfer,mechanical,3,pass,pass,pass,unknown,unknown,,1.4761861007882038,,,true,,rxn_e216d9a1cf91
SF4+ + SF3 -> SF+ + SF4 + F2,Dissociative charge transfer,ion,dissociative_charge_transfer,mechanical,3,pass,pass,pass,unknown,unknown,,2.734050947318718,,,true,,rxn_7b28031f2e57
SF4+ + SF3 -> SF2+ + F + SF4,Dissociative charge transfer,ion,dissociative_charge_transfer,mechanical,3,pass,pass,pass,unknown,unknown,,0.5754409806937404,,,true,,rxn_c39306ef12a6
SF4- + O2F -> F- + SF4 + O2,Dissociative charge transfer,ion,dissociative_charge_transfer,mechanical,3,pass,unknown,unknown,unknown,unknown,,,,,true,,rxn_f677845846a6
SF4- + O2F -> OF- + O + SF4,Dissociative charge transfer,ion,dissociative_charge_transfer,mechanical,3,pass,unknown,unknown,unknown,unknown,,,,,true,,rxn_9c9eb466516b
SF4- + SF2 -> S- + SF4 + F2,Dissociative charge transfer,ion,dissociative_charge_transfer,mechanical,3,pass,pass,unknown,unknown,unknown,,,,,true,,rxn_877864f9f149
SF4- + SF2 -> SF- + F + SF4,Dissociative charge transfer,ion,dissociative_charge_transfer,mechanical,3,pass,unknown,unknown,unknown,unknown,,,,,true,,rxn_a0229aa53350
SF4- + SF3 -> SF- + SF4 + F2,Dissociative charge transfer,ion,dissociative_charge_transfer,mechanical,3,pass,unknown,unknown,unknown,unknown,,,,,true,,rxn_6201c0080d7e
SF4- + SF3 -> SF2- + F + SF4,Dissociative charge transfer,ion,dissociative_charge_transfer,mechanical,3,pass,pass,pass,unknown,unknown,,2.6658718455295047,,,true,,rxn_8fd7b71e634d
SF5+ + O2F -> F+ + SF5 + O2,Dissociative charge transfer,ion,dissociative_charge_transfer,mechanical,3,pass,unknown,unknown,unknown,unknown,,,,,true,,rxn_02aad948f89b
SF5+ + O2F -> OF+ + O + SF5,Dissociative charge transfer,ion,dissociative_charge_transfer,mechanical,3,pass,unknown,unknown,unknown,unknown,,,,,true,,rxn_0967d0c4a36d
SF5+ + SF2 -> S+ + SF5 + F2,Dissociative charge transfer,ion,dissociative_charge_transfer,mechanical,3,pass,pass,pass,unknown,unknown,,4.680531013059145,,,true,,rxn_61e14d84f669
SF5+ + SF2 -> SF+ + F + SF5,Dissociative charge transfer,ion,dissociative_charge_transfer,mechanical,3,pass,pass,pass,unknown,unknown,,2.4154841735262464,,,true,,rxn_7ca646356d71
SF5+ + SF3 -> SF+ + SF5 + F2,Dissociative charge transfer,ion,dissociative_charge_transfer,mechanical,3,pass,pass,pass,unknown,unknown,,3.6733490200567602,,,true,,rxn_2a95c3d180e9
SF5+ + SF3 -> SF2+ + F + SF5,Dissociative charge transfer,ion,dissociative_charge_transfer,mechanical,3,pass,pass,pass,unknown,unknown,,1.5147390534317835,,,true,,rxn_ea9be81627ee
SF5- + O2F -> F- + SF5 + O2,Dissociative charge transfer,ion,dissociative_charge_transfer,mechanical,3,pass,unknown,unknown,unknown,unknown,,,,,true,,rxn_c60c34949386
SF5- + O2F -> OF- + O + SF5,Dissociative charge transfer,ion,dissociative_charge_transfer,mechanical,3,pass,unknown,unknown,unknown,unknown,,,,,true,,rxn_27283cd8db3d
SF5- + SF2 -> S- + SF5 + F2,Dissociative charge transfer,ion,dissociative_charge_transfer,mechanical,3,pass,pass,unknown,unknown,unknown,,,,,true,,rxn_e1c8b7bca064
SF5- + SF2 -> SF- + F + SF5,Dissociative charge transfer,ion,dissociative_charge_transfer,mechanical,3,pass,unknown,unknown,unknown,unknown,,,,,true,,rxn_0f952c119f56
SF5- + SF3 -> SF- + SF5 + F2,Dissociative charge transfer,ion,dissociative_charge_transfer,mechanical,3,pass,unknown,unknown,unknown,unknown,,,,,true,,rxn_77d38b67ddd5
SF5- + SF3 -> SF2- + F + SF5,Dissociative charge transfer,ion,dissociative_charge_transfer,mechanical,3,pass,pass,pass,unknown,unknown,,5.101088503896319,,,true,,rxn_8ddf883f5f65
SF6+ + O2F -> F+ + O2 + SF6,Dissociative charge transfer,ion,dissociative_charge_transfer,mechanical,3,pass,unknown,unknown,unknown,unknown,,,,,true,,rxn_26c7405c5838
SF6+ + O2F -> OF+ + O + SF6,Dissociative charge transfer,ion,dissociative_charge_transfer,mechanical,3,pass,unknown,unknown,unknown,unknown,,,,,true,,rxn_b95123aeaea3
SF6+ + SF2 -> S+ + F2 + SF6,Dissociative charge transfer,ion,dissociative_charge_transfer,mechanical,3,pass,unknown,unknown,unknown,unknown,,,,,true,,rxn_00e2056c06b6
SF6+ + SF2 -> SF+ + F + SF6,Dissociative charge transfer,ion,dissociative_charge_transfer,mechanical,3,pass,unknown,unknown,unknown,unknown,,,,,true,,rxn_7f7d908fa523
SF6+ + SF3 -> SF+ + F2 + SF6,Dissociative charge transfer,ion,dissociative_charge_transfer,mechanical,3,pass,unknown,unknown,unknown,unknown,,,,,true,,rxn_a73a916e8a82
SF6+ + SF3 -> SF2+ + F + SF6,Dissociative charge transfer,ion,dissociative_charge_transfer,mechanical,3,pass,unknown,unknown,unknown,unknown,,,,,true,,rxn_903c6582607b
SF6- + O2F -> F- + O2 + SF6,Dissociative charge transfer,ion,dissociative_charge_transfer,mechanical,3,pass,unknown,unknown,unknown,unknown,,,,,true,,rxn_0193b3d9907b
SF6- + O2F -> OF- + O + SF6,Dissociative charge transfer,ion,dissociative_charge_transfer,mechanical,3,pass,unknown,unknown,unknown,unknown,,,,,true,,rxn_1b313a59a53d
SF6- + SF2 -> S- + F2 + SF6,Dissociative charge transfer,ion,dissociative_charge_transfer,mechanical,3,pass,pass,unknown,unknown,unknown,,,,,true,,rxn_1a49be6bf0e4
SF6- + SF2 -> SF- + F + SF6,Dissociative charge transfer,ion,dissociative_charge_transfer,mechanical,3,pass,unknown,unknown,unknown,unknown,,,,,true,,rxn_ed6670b549b0
SF6- + SF3 -> SF- + F2 + SF6,Dissociative charge transfer,ion,dissociative_charge_transfer,mechanical,3,pass,unknown,unknown,unknown,unknown,,,,,true,,rxn_784ff06e6fc4
SF6- + SF3 -> SF2- + F + SF6,Dissociative charge transfer,ion,dissociative_charge_transfer,mechanical,3,pass,pass,pass,unknown,unknown,,2.626257787332399,,,true,,rxn_78323cfde414
SOF3+ + O2F -> F+ + SOF3 + O2,Dissociative charge transfer,ion,dissociative_charge_transfer,mechanical,3,pass,unknown,unknown,unknown,unknown,,,,,true,,rxn_049c7617b2e0
SOF3+ + O2F -> OF+ + O + SOF3,Dissociative charge transfer,ion,dissociative_charge_transfer,mechanical,3,pass,unknown,unknown,unknown,unknown,,,,,true,,rxn_c108f242246f
SOF3+ + SF2 -> S+ + SOF3 + F2,Dissociative charge transfer,ion,dissociative_charge_transfer,mechanical,3,pass,unknown,unknown,unknown,unknown,,,,,true,,rxn_77f96cc80c2a
SOF3+ + SF2 -> SF+ + F + SOF3,Dissociative charge transfer,ion,dissociative_charge_transfer,mechanical,3,pass,unknown,unknown,unknown,unknown,,,,,true,,rxn_509014c98772
SOF3+ + SF3 -> SF+ + SOF3 + F2,Dissociative charge transfer,ion,dissociative_charge_transfer,mechanical,3,pass,unknown,unknown,unknown,unknown,,,,,true,,rxn_6e1479305b26
SOF3+ + SF3 -> SF2+ + F + SOF3,Dissociative charge transfer,ion,dissociative_charge_transfer,mechanical,3,pass,unknown,unknown,unknown,unknown,,,,,true,,rxn_432dae6242db
SOF3- + O2F -> F- + SOF3 + O2,Dissociative charge transfer,ion,dissociative_charge_transfer,mechanical,3,pass,unknown,unknown,unknown,unknown,,,,,true,,rxn_207fb4666e30
SOF3- + O2F -> OF- + O + SOF3,Dissociative charge transfer,ion,dissociative_charge_transfer,mechanical,3,pass,unknown,unknown,unknown,unknown,,,,,true,,rxn_bc299e9c5eea
SOF3- + SF2 -> S- + SOF3 + F2,Dissociative charge transfer,ion,dissociative_charge_transfer,mechanical,3,pass,unknown,unknown,unknown,unknown,,,,,true,,rxn_0bec298e8bbd
SOF3- + SF2 -> SF- + F + SOF3,Dissociative charge transfer,ion,dissociative_charge_transfer,mechanical,3,pass,unknown,unknown,unknown,unknown,,,,,true,,rxn_dedffc76ba76
SOF3- + SF3 -> SF- + SOF3 + F2,Dissociative charge transfer,ion,dissociative_charge_transfer,mechanical,3,pass,unknown,unknown,unknown,unknown,,,,,true,,rxn_3125d26aad42
SOF3- + SF3 -> SF2- + F + SOF3,Dissociative charge transfer,ion,dissociative_charge_transfer,mechanical,3,pass,unknown,unknown,unknown,unknown,,,,,true,,rxn_fa84de5a0a18
SOF4+ + O2F -> F+ + O2 + SOF4,Dissociative charge transfer,ion,dissociative_charge_transfer,mechanical,3,pass,unknown,unknown,unknown,unknown,,,,,true,,rxn_bcf707f1465a
SOF4+ + O2F -> OF+ + O + SOF4,Dissociative charge transfer,ion,dissociative_charge_transfer,mechanical,3,pass,unknown,unknown,unknown,unknown,,,,,true,,rxn_b331beeb9860
SOF4+ + SF2 -> S+ + F2 + SOF4,Dissociative charge transfer,ion,dissociative_charge_transfer,mechanical,3,pass,unknown,unknown,unknown,unknown,,,,,true,,rxn_9d4e0a8e3426
SOF4+ + SF2 -> SF+ + F + SOF4,Dissociative charge transfer,ion,dissociative_charge_transfer,mechanical,3,pass,unknown,unknown,unknown,unknown,,,,,true,,rxn_fb4397caa712
SOF4+ + SF3 -> SF+ + F2 + SOF4,Dissociative charge transfer,ion,dissociative_charge_transfer,mechanical,3,pass,unknown,unknown,unknown,unknown,,,,,true,,rxn_376ea84df13a
SOF4+ + SF3 -> SF2+ + F + SOF4,Dissociative charge transfer,ion,dissociative_charge_transfer,mechanical,3,pass,unknown,unknown,unknown,unknown,,,,,true,,rxn_e72da60145ba
SOF4- + O2F -> F- + O2 + SOF4,Dissociative charge transfer,ion,dissociative_charge_transfer,mechanical,3,pass,unknown,unknown,unknown,unknown,,,,,true,,rxn_7731f749159d
SOF4- + O2F -> OF- + O + SOF4,Dissociative charge transfer,ion,dissociative_charge_transfer,mechanical,3,pass,unknown,unknown,unknown,unknown,,,,,true,,rxn_57e4da6a4000
SOF4- + SF2 -> S- + F2 + SOF4,Dissociative charge transfer,ion,dissociative_charge_transfer,mechanical,3,pass,unknown,unknown,unknown,unknown,,,,,true,,rxn_f0e628a6dacf
SOF4- + SF2 -> SF- + F + SOF4,Dissociative charge transfer,ion,dissociative_charge_transfer,mechanical,3,pass,unknown,unknown,unknown,unknown,,,,,true,,rxn_d895543b32e1
SOF4- + SF3 -> SF- + F2 + SOF4,Dissociative charge transfer,ion,dissociative_charge_transfer,mechanical,3,pass,unknown,unknown,unknown,unknown,,,,,true,,rxn_fbf32dea5f01
SOF4- + SF3 -> SF2- + F + SOF4,Dissociative charge transfer,ion,dissociative_charge_transfer,mechanical,3,pass,unknown,unknown,unknown,unknown,,,,,true,,rxn_17648c9e3543
SOF5+ + O2F -> F+ + SOF5 + O2,Dissociative charge transfer,ion,dissociative_charge_transfer,mechanical,3,pass,unknown,unknown,unknown,unknown,,,,,true,,rxn_b3bf43c08727
SOF5+ + O2F -> OF+ + O + SOF5,Dissociative charge transfer,ion,dissociative_charge_transfer,mechanical,3,pass,unknown,unknown,unknown,unknown,,,,,true,,rxn_2ca2e441528c
SOF5+ + SF2 -> S+ + SOF5 + F2,Dissociative charge transfer,ion,dissociative_charge_transfer,mechanical,3,pass,unknown,unknown,unknown,unknown,,,,,true,,rxn_946180912832
SOF5+ + SF2 -> SF+ + F + SOF5,Dissociative charge transfer,ion,dissociative_charge_transfer,mechanical,3,pass,unknown,unknown,unknown,unknown,,,,,true,,rxn_f2848d55dccc
SOF5+ + SF3 -> SF+ + SOF5 + F2,Dissociative charge transfer,ion,dissociative_charge_transfer,mechanical,3,pass,unknown,unknown,unknown,unknown,,,,,true,,rxn_f625dd4dc56c
SOF5+ + SF3 -> SF2+ + F + SOF5,Dissociative charge transfer,ion,dissociative_charge_transfer,mechanical,3,pass,unknown,unknown,unknown,unknown,,,,,true,,rxn_55de80515f5e
SOF5- + O2F -> F- + SOF5 + O2,Dissociative charge transfer,ion,dissociative_charge_transfer,mechanical,3,pass,unknown,unknown,unknown,unknown,,,,,true,,rxn_5210ea2c6ec0
SOF5- + O2F -> OF- + O + SOF5,Dissociative charge transfer,ion,dissociative_charge_transfer,mechanical,3,pass,unknown,unknown,unknown,unknown,,,,,true,,rxn_93e35b58fa55
SOF5- + SF2 -> S- + SOF5 + F2,Dissociative charge transfer,ion,dissociative_charge_transfer,mechanical,3,pass,unknown,unknown,unknown,unknown,,,,,true,,rxn_fd891cc6cb81
SOF5- + SF2 -> SF- + F + SOF5,Dissociative charge transfer,ion,dissociative_charge_transfer,mechanical,3,pass,unknown,unknown,unknown,unknown,,,,,true,,rxn_cda3f9dcecaa
SOF5- + SF3 -> SF- + SOF5 + F2,Dissociative charge transfer,ion,dissociative_charge_transfer,mechanical,3,pass,unknown,unknown,unknown,unknown,,,,,true,,rxn_96cd46f1e31f
SOF5- + SF3 -> SF2- + F + SOF5,Dissociative charge transfer,ion,dissociative_charge_transfer,mechanical,3,pass,unknown,unknown,unknown,unknown,,,,,true,,rxn_90e64cd6503a
Ar+ + O2F -> Ar+ + O2F,Ion-neutral elastic scattering,ion,elastic,mechanical,3,pass,unknown,unknown,unknown,unknown,,,,,true,,rxn_e946bad2945c
Ar+ + SF2 -> Ar+ + SF2,Ion-neutral elastic scattering,ion,elastic,mechanical,3,pass,pass,pass,unknown,unknown,-8.881784197001252e-16,-4.898386840742635e-16,,,true,,rxn_492dc1418ba0
Ar+ + SF3 -> Ar+ + SF3,Ion-neutral elastic scattering,ion,elastic,mechanical,3,pass,pass,pass,unknown,unknown,,0.0,,,true,,rxn_9763a7d17000
Ar- + O2F -> Ar- + O2F,Ion-neutral elastic scattering,ion,elastic,mechanical,3,pass,fail,unknown,unknown,unknown,,,,,true,,rxn_121d20eaf01f
Ar- + SF2 -> Ar- + SF2,Ion-neutral elastic scattering,ion,elastic,mechanical,3,pass,fail,unknown,unknown,unknown,,,,,true,,rxn_37f241f5639b
Ar- + SF3 -> Ar- + SF3,Ion-neutral elastic scattering,ion,elastic,mechanical,3,pass,fail,unknown,unknown,unknown,,,,,true,,rxn_bcfee3146b9d
ArF+ + Ar -> ArF+ + Ar,Ion-neutral elastic scattering,ion,elastic,mechanical,3,pass,unknown,unknown,unknown,unknown,,,,,true,,rxn_7e93cb044179
ArF+ + F -> ArF+ + F,Ion-neutral elastic scattering,ion,elastic,mechanical,3,pass,unknown,unknown,unknown,unknown,,,,,true,,rxn_8253da6b4b06
ArF+ + O -> ArF+ + O,Ion-neutral elastic scattering,ion,elastic,mechanical,3,pass,unknown,unknown,unknown,unknown,,,,,true,,rxn_0f5520e3f7ce
ArF+ + O2 -> ArF+ + O2,Ion-neutral elastic scattering,ion,elastic,mechanical,3,pass,unknown,unknown,unknown,unknown,,,,,true,,rxn_13d10be706db
ArF+ + O2F -> ArF+ + O2F,Ion-neutral elastic scattering,ion,elastic,mechanical,3,pass,unknown,unknown,unknown,unknown,,,,,true,,rxn_e3c3e0712641
ArF+ + SF2 -> ArF+ + SF2,Ion-neutral elastic scattering,ion,elastic,mechanical,3,pass,unknown,unknown,unknown,unknown,,,,,true,,rxn_9e8183386d7a
ArF+ + SF3 -> ArF+ + SF3,Ion-neutral elastic scattering,ion,elastic,mechanical,3,pass,unknown,unknown,unknown,unknown,,,,,true,,rxn_2621a5d806a0
ArF+ + SF4 -> ArF+ + SF4,Ion-neutral elastic scattering,ion,elastic,mechanical,3,pass,unknown,unknown,unknown,unknown,,,,,true,,rxn_61d6c4616291
ArF+ + SF5 -> ArF+ + SF5,Ion-neutral elastic scattering,ion,elastic,mechanical,3,pass,unknown,unknown,unknown,unknown,,,,,true,,rxn_76f6a590dc05
ArF+ + SF6 -> ArF+ + SF6,Ion-neutral elastic scattering,ion,elastic,mechanical,3,pass,unknown,unknown,unknown,unknown,,,,,true,,rxn_a6ecdc45a6e5
ArF- + Ar -> ArF- + Ar,Ion-neutral elastic scattering,ion,elastic,mechanical,3,pass,unknown,unknown,unknown,unknown,,,,,true,,rxn_3ba2bb18b43f
ArF- + F -> ArF- + F,Ion-neutral elastic scattering,ion,elastic,mechanical,3,pass,unknown,unknown,unknown,unknown,,,,,true,,rxn_d979d0c08b96
ArF- + O -> ArF- + O,Ion-neutral elastic scattering,ion,elastic,mechanical,3,pass,unknown,unknown,unknown,unknown,,,,,true,,rxn_180bf1f21a22
ArF- + O2 -> ArF- + O2,Ion-neutral elastic scattering,ion,elastic,mechanical,3,pass,unknown,unknown,unknown,unknown,,,,,true,,rxn_802bf101e4f9
ArF- + O2F -> ArF- + O2F,Ion-neutral elastic scattering,ion,elastic,mechanical,3,pass,unknown,unknown,unknown,unknown,,,,,true,,rxn_4e36f43f2330
ArF- + SF2 -> ArF- + SF2,Ion-neutral elastic scattering,ion,elastic,mechanical,3,pass,unknown,unknown,unknown,unknown,,,,,true,,rxn_379fa4635401
ArF- + SF3 -> ArF- + SF3,Ion-neutral elastic scattering,ion,elastic,mechanical,3,pass,unknown,unknown,unknown,unknown,,,,,true,,rxn_8dbcabd83bac
ArF- + SF4 -> ArF- + SF4,Ion-neutral elastic scattering,ion,elastic,mechanical,3,pass,unknown,unknown,unknown,unknown,,,,,true,,rxn_38acdf287e25
ArF- + SF5 -> ArF- + SF5,Ion-neutral elastic scattering,ion,elastic,mechanical,3,pass,unknown,unknown,unknown,unknown,,,,,true,,rxn_1a0e502101b9
ArF- + SF6 -> ArF- + SF6,Ion-neutral elastic scattering,ion,elastic,mechanical,3,pass,unknown,unknown,unknown,unknown,,,,,true,,rxn_2eb6845f3c5f
F+ + Ar -> F+ + Ar,Ion-neutral elastic scattering,ion,elastic,mechanical,3,pass,pass,pass,unknown,unknown,0.0,1.2245967101856587e-16,,,true,,rxn_47a718a0f975
F+ + O -> F+ + O,Ion-neutral elastic scattering,ion,elastic,mechanical,3,pass,pass,pass,unknown,unknown,-4.440892098500626e-16,-1.4695160522227905e-15,,,true,,rxn_ed8ec61293e0
F+ + O2 -> F+ + O2,Ion-neutral elastic scattering,ion,elastic,mechanical,3,pass,pass,pass,unknown,unknown,0.0,-6.582207317247916e-16,,,true,,rxn_14f54bdb65b2
F+ + O2F -> F+ + O2F,Ion-neutral elastic scattering,ion,elastic,mechanical,3,pass,unknown,unknown,unknown,unknown,,,,,true,,rxn_669610246c82
F+ + SF2 -> F+ + SF2,Ion-neutral elastic scattering,ion,elastic,mechanical,3,pass,pass,pass,unknown,unknown,8.881784197001252e-16,-4.898386840742635e-16,,,true,,rxn_deaf5cb2540e
F+ + SF3 -> F+ + SF3,Ion-neutral elastic scattering,ion,elastic,mechanical,3,pass,pass,pass,unknown,unknown,,0.0,,,true,,rxn_b63cebf7f473
F+ + SF4 -> F+ + SF4,Ion-neutral elastic scattering,ion,elastic,mechanical,3,pass,pass,pass,unknown,unknown,-8.881784197001252e-16,0.0,,,true,,rxn_ff72b2924031
F+ + SF5 -> F+ + SF5,Ion-neutral elastic scattering,ion,elastic,mechanical,3,pass,pass,pass,unknown,unknown,0.0,2.4491934203713174e-16,,,true,,rxn_ce5a331981c3
F+ + SF6 -> F+ + SF6,Ion-neutral elastic scattering,ion,elastic,mechanical,3,pass,pass,pass,unknown,unknown,0.0,2.4491934203713174e-16,,,true,,rxn_7caf4e41c188
F- + O2F -> F- + O2F,Ion-neutral elastic scattering,ion,elastic,mechanical,3,pass,unknown,unknown,unknown,unknown,,,,,true,,rxn_a576a4696997
F- + SF2 -> F- + SF2,Ion-neutral elastic scattering,ion,elastic,mechanical,3,pass,pass,pass,unknown,unknown,4.440892098500626e-16,-4.898386840742635e-16,,,true,,rxn_6f9bb7499b30
F- + SF3 -> F- + SF3,Ion-neutral elastic scattering,ion,elastic,mechanical,3,pass,pass,pass,unknown,unknown,,0.0,,,true,,rxn_e9faae45f6a0
F2+ + Ar -> F2+ + Ar,Ion-neutral elastic scattering,ion,elastic,mechanical,3,pass,pass,unknown,unknown,unknown,,,,,true,,rxn_252921df5bc4
F2+ + F -> F2+ + F,Ion-neutral elastic scattering,ion,elastic,mechanical,3,pass,pass,unknown,unknown,unknown,,,,,true,,rxn_f005649aef4a
F2+ + O -> F2+ + O,Ion-neutral elastic scattering,ion,elastic,mechanical,3,pass,pass,unknown,unknown,unknown,,,,,true,,rxn_9118b85ad974
F2+ + O2 -> F2+ + O2,Ion-neutral elastic scattering,ion,elastic,mechanical,3,pass,pass,unknown,unknown,unknown,,,,,true,,rxn_f815c3e16263
F2+ + O2F -> F2+ + O2F,Ion-neutral elastic scattering,ion,elastic,mechanical,3,pass,unknown,unknown,unknown,unknown,,,,,true,,rxn_5a3d8783ef42
F2+ + SF2 -> F2+ + SF2,Ion-neutral elastic scattering,ion,elastic,mechanical,3,pass,pass,unknown,unknown,unknown,,,,,true,,rxn_508aa32fa684
F2+ + SF3 -> F2+ + SF3,Ion-neutral elastic scattering,ion,elastic,mechanical,3,pass,pass,unknown,unknown,unknown,,,,,true,,rxn_3a4b878de23b
F2+ + SF4 -> F2+ + SF4,Ion-neutral elastic scattering,ion,elastic,mechanical,3,pass,pass,unknown,unknown,unknown,,,,,true,,rxn_634c3b172a05
F2+ + SF5 -> F2+ + SF5,Ion-neutral elastic scattering,ion,elastic,mechanical,3,pass,pass,unknown,unknown,unknown,,,,,true,,rxn_cf300715d6d3
F2+ + SF6 -> F2+ + SF6,Ion-neutral elastic scattering,ion,elastic,mechanical,3,pass,pass,unknown,unknown,unknown,,,,,true,,rxn_ca061caaa851
F2- + O2F -> F2- + O2F,Ion-neutral elastic scattering,ion,elastic,mechanical,3,pass,unknown,unknown,unknown,unknown,,,,,true,,rxn_e0ff392be758
F2- + SF2 -> F2- + SF2,Ion-neutral elastic scattering,ion,elastic,mechanical,3,pass,pass,unknown,unknown,unknown,,,,,true,,rxn_6ee48f58d68b
F2- + SF3 -> F2- + SF3,Ion-neutral elastic scattering,ion,elastic,mechanical,3,pass,pass,unknown,unknown,unknown,,,,,true,,rxn_52676edab9a9
O+ + O2F -> O+ + O2F,Ion-neutral elastic scattering,ion,elastic,mechanical,3,pass,unknown,unknown,unknown,unknown,,,,,true,,rxn_109370251a79
O+ + SF2 -> O+ + SF2,Ion-neutral elastic scattering,ion,elastic,mechanical,3,pass,pass,pass,unknown,unknown,8.881784197001252e-16,,,,true,,rxn_cb6ec426c865
O+ + SF3 -> O+ + SF3,Ion-neutral elastic scattering,ion,elastic,mechanical,3,pass,pass,unknown,unknown,unknown,,,,,true,,rxn_8426e2f0c040
O- + O2F -> O- + O2F,Ion-neutral elastic scattering,ion,elastic,mechanical,3,pass,unknown,unknown,unknown,unknown,,,,,true,,rxn_617b03308a81
O- + SF2 -> O- + SF2,Ion-neutral elastic scattering,ion,elastic,mechanical,3,pass,pass,pass,unknown,unknown,0.0,0.0,,,true,,rxn_18313d1c2f7e
O- + SF3 -> O- + SF3,Ion-neutral elastic scattering,ion,elastic,mechanical,3,pass,pass,pass,unknown,unknown,,0.0,,,true,,rxn_221b766cf34c
O2+ + O2F -> O2+ + O2F,Ion-neutral elastic scattering,ion,elastic,mechanical,3,pass,unknown,unknown,unknown,unknown,,,,,true,,rxn_af7c9f5e402f
O2+ + SF2 -> O2+ + SF2,Ion-neutral elastic scattering,ion,elastic,mechanical,3,pass,pass,pass,unknown,unknown,-8.881784197001252e-16,,,,true,,rxn_b27028caeee3
O2+ + SF3 -> O2+ + SF3,Ion-neutral elastic scattering,ion,elastic,mechanical,3,pass,pass,unknown,unknown,unknown,,,,,true,,rxn_7df58ed49fb4
O2- + O2F -> O2- + O2F,Ion-neutral elastic scattering,ion,elastic,mechanical,3,pass,unknown,unknown,unknown,unknown,,,,,true,,rxn_98785d65f215
O2- + SF2 -> O2- + SF2,Ion-neutral elastic scattering,ion,elastic,mechanical,3,pass,pass,unknown,unknown,unknown,,,,,true,,rxn_9bca70ad0c27
O2- + SF3 -> O2- + SF3,Ion-neutral elastic scattering,ion,elastic,mechanical,3,pass,pass,unknown,unknown,unknown,,,,,true,,rxn_d43807f62181
O2F+ + Ar -> O2F+ + Ar,Ion-neutral elastic scattering,ion,elastic,mechanical,3,pass,unknown,unknown,unknown,unknown,,,,,true,,rxn_c74b21dbd55e
O2F+ + F -> O2F+ + F,Ion-neutral elastic scattering,ion,elastic,mechanical,3,pass,unknown,unknown,unknown,unknown,,,,,true,,rxn_1cbdb57bc5f6
O2F+ + O -> O2F+ + O,Ion-neutral elastic scattering,ion,elastic,mechanical,3,pass,unknown,unknown,unknown,unknown,,,,,true,,rxn_533cf1048d6e
O2F+ + O2 -> O2F+ + O2,Ion-neutral elastic scattering,ion,elastic,mechanical,3,pass,unknown,unknown,unknown,unknown,,,,,true,,rxn_e0dd91df8f48
O2F+ + SF2 -> O2F+ + SF2,Ion-neutral elastic scattering,ion,elastic,mechanical,3,pass,unknown,unknown,unknown,unknown,,,,,true,,rxn_da67ad8ce3cc
O2F+ + SF3 -> O2F+ + SF3,Ion-neutral elastic scattering,ion,elastic,mechanical,3,pass,unknown,unknown,unknown,unknown,,,,,true,,rxn_3ead91132d29
O2F+ + SF4 -> O2F+ + SF4,Ion-neutral elastic scattering,ion,elastic,mechanical,3,pass,unknown,unknown,unknown,unknown,,,,,true,,rxn_c29276549c99
O2F+ + SF5 -> O2F+ + SF5,Ion-neutral elastic scattering,ion,elastic,mechanical,3,pass,unknown,unknown,unknown,unknown,,,,,true,,rxn_a02f52f87dd5
O2F+ + SF6 -> O2F+ + SF6,Ion-neutral elastic scattering,ion,elastic,mechanical,3,pass,unknown,unknown,unknown,unknown,,,,,true,,rxn_4edbacfbe81f
O2F- + Ar -> O2F- + Ar,Ion-neutral elastic scattering,ion,elastic,mechanical,3,pass,unknown,unknown,unknown,unknown,,,,,true,,rxn_bb706ac5df7f
O2F- + F -> O2F- + F,Ion-neutral elastic scattering,ion,elastic,mechanical,3,pass,unknown,unknown,unknown,unknown,,,,,true,,rxn_e7404486906d
O2F- + O -> O2F- + O,Ion-neutral elastic scattering,ion,elastic,mechanical,3,pass,unknown,unknown,unknown,unknown,,,,,true,,rxn_8ae675613e92
O2F- + O2 -> O2F- + O2,Ion-neutral elastic scattering,ion,elastic,mechanical,3,pass,unknown,unknown,unknown,unknown,,,,,true,,rxn_eb4afe5b0ccc
O2F- + SF2 -> O2F- + SF2,Ion-neutral elastic scattering,ion,elastic,mechanical,3,pass,unknown,unknown,unknown,unknown,,,,,true,,rxn_462f3f0e8688
O2F- + SF3 -> O2F- + SF3,Ion-neutral elastic scattering,ion,elastic,mechanical,3,pass,unknown,unknown,unknown,unknown,,,,,true,,rxn_163386cd065d
O2F- + SF4 -> O2F- + SF4,Ion-neutral elastic scattering,ion,elastic,mechanical,3,pass,unknown,unknown,unknown,unknown,,,,,true,,rxn_64101c28f34f
O2F- + SF5 -> O2F- + SF5,Ion-neutral elastic scattering,ion,elastic,mechanical,3,pass,unknown,unknown,unknown,unknown,,,,,true,,rxn_da5789c7af40
O2F- + SF6 -> O2F- + SF6,Ion-neutral elastic scattering,ion,elastic,mechanical,3,pass,unknown,unknown,unknown,unknown,,,,,true,,rxn_1ab681fbbbbb
OF+ + Ar -> OF+ + Ar,Ion-neutral elastic scattering,ion,elastic,mechanical,3,pass,unknown,unknown,unknown,unknown,,,,,true,,rxn_42d09a0597c5
OF+ + F -> OF+ + F,Ion-neutral elastic scattering,ion,elastic,mechanical,3,pass,unknown,unknown,unknown,unknown,,,,,true,,rxn_8dde7fd9e51e
OF+ + O -> OF+ + O,Ion-neutral elastic scattering,ion,elastic,mechanical,3,pass,unknown,unknown,unknown,unknown,,,,,true,,rxn_bb311b0c26f6
OF+ + O2 -> OF+ + O2,Ion-neutral elastic scattering,ion,elastic,mechanical,3,pass,unknown,unknown,unknown,unknown,,,,,true,,rxn_0b25150d15a9
OF+ + O2F -> OF+ + O2F,Ion-neutral elastic scattering,ion,elastic,mechanical,3,pass,unknown,unknown,unknown,unknown,,,,,true,,rxn_897acea27f20
OF+ + SF2 -> OF+ + SF2,Ion-neutral elastic scattering,ion,elastic,mechanical,3,pass,unknown,unknown,unknown,unknown,,,,,true,,rxn_0a7b6f39836a
OF+ + SF3 -> OF+ + SF3,Ion-neutral elastic scattering,ion,elastic,mechanical,3,pass,unknown,unknown,unknown,unknown,,,,,true,,rxn_2ae2c8d1f103
OF+ + SF4 -> OF+ + SF4,Ion-neutral elastic scattering,ion,elastic,mechanical,3,pass,unknown,unknown,unknown,unknown,,,,,true,,rxn_a433af05621d
OF+ + SF5 -> OF+ + SF5,Ion-neutral elastic scattering,ion,elastic,mechanical,3,pass,unknown,unknown,unknown,unknown,,,,,true,,rxn_9589649d7301
OF+ + SF6 -> OF+ + SF6,Ion-neutral elastic scattering,ion,elastic,mechanical,3,pass,unknown,unknown,unknown,unknown,,,,,true,,rxn_e7d5bc16cb33
OF- + Ar -> OF- + Ar,Ion-neutral elastic scattering,ion,elastic,mechanical,3,pass,unknown,unknown,unknown,unknown,,,,,true,,rxn_0e9a469bae98
OF- + F -> OF- + F,Ion-neutral elastic scattering,ion,elastic,mechanical,3,pass,unknown,unknown,unknown,unknown,,,,,true,,rxn_e8955a2f2a63
OF- + O -> OF- + O,Ion-neutral elastic scattering,ion,elastic,mechanical,3,pass,unknown,unknown,unknown,unknown,,,,,true,,rxn_25d695745a92
OF- + O2 -> OF- + O2,Ion-neutral elastic scattering,ion,elastic,mechanical,3,pass,unknown,unknown,unknown,unknown,,,,,true,,rxn_3dccbadca8bc
OF- + O2F -> OF- + O2F,Ion-neutral elastic scattering,ion,elastic,mechanical,3,pass,unknown,unknown,unknown,unknown,,,,,true,,rxn_b9e97097c6a2
OF- + SF2 -> OF- + SF2,Ion-neutral elastic scattering,ion,elastic,mechanical,3,pass,unknown,unknown,unknown,unknown,,,,,true,,rxn_d1b379ba7eb2
OF- + SF3 -> OF- + SF3,Ion-neutral elastic scattering,ion,elastic,mechanical,3,pass,unknown,unknown,unknown,unknown,,,,,true,,rxn_fab0da081919
OF- + SF4 -> OF- + SF4,Ion-neutral elastic scattering,ion,elastic,mechanical,3,pass,unknown,unknown,unknown,unknown,,,,,true,,rxn_51fa60537795
OF- + SF5 -> OF- + SF5,Ion-neutral elastic scattering,ion,elastic,mechanical,3,pass,unknown,unknown,unknown,unknown,,,,,true,,rxn_af26a387c8ec
OF- + SF6 -> OF- + SF6,Ion-neutral elastic scattering,ion,elastic,mechanical,3,pass,unknown,unknown,unknown,unknown,,,,,true,,rxn_c6ac2837ff7e
SF2+ + Ar -> SF2+ + Ar,Ion-neutral elastic scattering,ion,elastic,mechanical,3,pass,pass,pass,unknown,unknown,,0.0,,,true,,rxn_c4c85e66400d
SF2+ + F -> SF2+ + F,Ion-neutral elastic scattering,ion,elastic,mechanical,3,pass,pass,pass,unknown,unknown,,0.0,,,true,,rxn_ad4d62e7117c
SF2+ + O -> SF2+ + O,Ion-neutral elastic scattering,ion,elastic,mechanical,3,pass,pass,pass,unknown,unknown,,-9.79677368148527e-16,,,true,,rxn_ccbf116176ca
SF2+ + O2 -> SF2+ + O2,Ion-neutral elastic scattering,ion,elastic,mechanical,3,pass,pass,pass,unknown,unknown,,0.0,,,true,,rxn_34a6db88b418
SF2+ + O2F -> SF2+ + O2F,Ion-neutral elastic scattering,ion,elastic,mechanical,3,pass,unknown,unknown,unknown,unknown,,,,,true,,rxn_aefe4bc2aa38
SF2+ + SF3 -> SF2+ + SF3,Ion-neutral elastic scattering,ion,elastic,mechanical,3,pass,pass,pass,unknown,unknown,,0.0,,,true,,rxn_ef6017e95c1e
SF2+ + SF4 -> SF2+ + SF4,Ion-neutral elastic scattering,ion,elastic,mechanical,3,pass,pass,pass,unknown,unknown,,0.0,,,true,,rxn_026bd102d3cf
SF2+ + SF5 -> SF2+ + SF5,Ion-neutral elastic scattering,ion,elastic,mechanical,3,pass,pass,pass,unknown,unknown,,-2.4491934203713174e-16,,,true,,rxn_ea5e91fc70c6
SF2+ + SF6 -> SF2+ + SF6,Ion-neutral elastic scattering,ion,elastic,mechanical,3,pass,pass,pass,unknown,unknown,,2.4491934203713174e-16,,,true,,rxn_ed0e8057fcc2
SF2- + Ar -> SF2- + Ar,Ion-neutral elastic scattering,ion,elastic,mechanical,3,pass,pass,pass,unknown,unknown,,0.0,,,true,,rxn_3c796d45e5fe
SF2- + F -> SF2- + F,Ion-neutral elastic scattering,ion,elastic,mechanical,3,pass,pass,pass,unknown,unknown,,2.4491934203713174e-16,,,true,,rxn_cf4e3e229ac4
SF2- + O -> SF2- + O,Ion-neutral elastic scattering,ion,elastic,mechanical,3,pass,pass,pass,unknown,unknown,,-2.4491934203713174e-16,,,true,,rxn_0a6fb0cde859
SF2- + O2 -> SF2- + O2,Ion-neutral elastic scattering,ion,elastic,mechanical,3,pass,pass,pass,unknown,unknown,,0.0,,,true,,rxn_c78963b08ff8
SF2- + O2F -> SF2- + O2F,Ion-neutral elastic scattering,ion,elastic,mechanical,3,pass,unknown,unknown,unknown,unknown,,,,,true,,rxn_5ea7d62be348
SF2- + SF3 -> SF2- + SF3,Ion-neutral elastic scattering,ion,elastic,mechanical,3,pass,pass,pass,unknown,unknown,,-2.4491934203713174e-16,,,true,,rxn_7c007973f3ff
SF2- + SF4 -> SF2- + SF4,Ion-neutral elastic scattering,ion,elastic,mechanical,3,pass,pass,pass,unknown,unknown,,2.4491934203713174e-16,,,true,,rxn_9fba5b005919
SF2- + SF5 -> SF2- + SF5,Ion-neutral elastic scattering,ion,elastic,mechanical,3,pass,pass,pass,unknown,unknown,,0.0,,,true,,rxn_45113043a7dc
SF2- + SF6 -> SF2- + SF6,Ion-neutral elastic scattering,ion,elastic,mechanical,3,pass,pass,pass,unknown,unknown,,0.0,,,true,,rxn_fd586ccd85d7
SF3+ + Ar -> SF3+ + Ar,Ion-neutral elastic scattering,ion,elastic,mechanical,3,pass,pass,pass,unknown,unknown,,0.0,,,true,,rxn_6637f6a624c1
SF3+ + F -> SF3+ + F,Ion-neutral elastic scattering,ion,elastic,mechanical,3,pass,pass,pass,unknown,unknown,,0.0,,,true,,rxn_99476425ada3
SF3+ + O -> SF3+ + O,Ion-neutral elastic scattering,ion,elastic,mechanical,3,pass,pass,pass,unknown,unknown,,4.898386840742635e-16,,,true,,rxn_44aeb654a1ba
SF3+ + O2 -> SF3+ + O2,Ion-neutral elastic scattering,ion,elastic,mechanical,3,pass,pass,pass,unknown,unknown,,0.0,,,true,,rxn_06744e5fdd55
SF3+ + O2F -> SF3+ + O2F,Ion-neutral elastic scattering,ion,elastic,mechanical,3,pass,unknown,unknown,unknown,unknown,,,,,true,,rxn_9fb26f93c623
SF3+ + SF2 -> SF3+ + SF2,Ion-neutral elastic scattering,ion,elastic,mechanical,3,pass,pass,pass,unknown,unknown,,0.0,,,true,,rxn_d4057f06dc67
SF3+ + SF4 -> SF3+ + SF4,Ion-neutral elastic scattering,ion,elastic,mechanical,3,pass,pass,pass,unknown,unknown,,0.0,,,true,,rxn_210b5bd98587
SF3+ + SF5 -> SF3+ + SF5,Ion-neutral elastic scattering,ion,elastic,mechanical,3,pass,pass,pass,unknown,unknown,,-2.4491934203713174e-16,,,true,,rxn_e3a6456f5a08
SF3+ + SF6 -> SF3+ + SF6,Ion-neutral elastic scattering,ion,elastic,mechanical,3,pass,pass,pass,unknown,unknown,,2.4491934203713174e-16,,,true,,rxn_7033c78c59c3
SF3- + Ar -> SF3- + Ar,Ion-neutral elastic scattering,ion,elastic,mechanical,3,pass,pass,pass,unknown,unknown,,0.0,,,true,,rxn_406bc7facdb4
SF3- + F -> SF3- + F,Ion-neutral elastic scattering,ion,elastic,mechanical,3,pass,pass,pass,unknown,unknown,,0.0,,,true,,rxn_f9962b366abb
SF3- + O -> SF3- + O,Ion-neutral elastic scattering,ion,elastic,mechanical,3,pass,pass,pass,unknown,unknown,,-9.79677368148527e-16,,,true,,rxn_642deece4a49
SF3- + O2 -> SF3- + O2,Ion-neutral elastic scattering,ion,elastic,mechanical,3,pass,pass,pass,unknown,unknown,,0.0,,,true,,rxn_3c0ac6cbb779
SF3- + O2F -> SF3- + O2F,Ion-neutral elastic scattering,ion,elastic,mechanical,3,pass,unknown,unknown,unknown,unknown,,,,,true,,rxn_7b8760b18fa4
SF3- + SF2 -> SF3- + SF2,Ion-neutral elastic scattering,ion,elastic,mechanical,3,pass,pass,pass,unknown,unknown,,9.79677368148527e-16,,,true,,rxn_a1753aad2fde
SF3- + SF4 -> SF3- + SF4,Ion-neutral elastic scattering,ion,elastic,mechanical,3,pass,pass,pass,unknown,unknown,,-9.79677368148527e-16,,,true,,rxn_5b04205c406d
SF3- + SF5 -> SF3- + SF5,Ion-neutral elastic scattering,ion,elastic,mechanical,3,pass,pass,pass,unknown,unknown,,-2.4491934203713174e-16,,,true,,rxn_14f5fca0d4bd
SF3- + SF6 -> SF3- + SF6,Ion-neutral elastic scattering,ion,elastic,mechanical,3,pass,pass,pass,unknown,unknown,,2.4491934203713174e-16,,,true,,rxn_fd7a5731ce56
SF4+ + O2F -> SF4+ + O2F,Ion-neutral elastic scattering,ion,elastic,mechanical,3,pass,unknown,unknown,unknown,unknown,,,,,true,,rxn_8b16fd518211
SF4+ + SF2 -> SF4+ + SF2,Ion-neutral elastic scattering,ion,elastic,mechanical,3,pass,pass,pass,unknown,unknown,,0.0,,,true,,rxn_bd5f23a8e0e7
SF4+ + SF3 -> SF4+ + SF3,Ion-neutral elastic scattering,ion,elastic,mechanical,3,pass,pass,pass,unknown,unknown,,0.0,,,true,,rxn_e511871d7676
SF4- + O2F -> SF4- + O2F,Ion-neutral elastic scattering,ion,elastic,mechanical,3,pass,unknown,unknown,unknown,unknown,,,,,true,,rxn_e5a5da105600
SF4- + SF2 -> SF4- + SF2,Ion-neutral elastic scattering,ion,elastic,mechanical,3,pass,pass,pass,unknown,unknown,,2.4491934203713174e-16,,,true,,rxn_8fe2deaf49bc
SF4- + SF3 -> SF4- + SF3,Ion-neutral elastic scattering,ion,elastic,mechanical,3,pass,pass,pass,unknown,unknown,,-2.4491934203713174e-16,,,true,,rxn_1f2159fa4176
SF5+ + O2F -> SF5+ + O2F,Ion-neutral elastic scattering,ion,elastic,mechanical,3,pass,unknown,unknown,unknown,unknown,,,,,true,,rxn_fdaa8c73dbe3
SF5+ + SF2 -> SF5+ + SF2,Ion-neutral elastic scattering,ion,elastic,mechanical,3,pass,pass,pass,unknown,unknown,,0.0,,,true,,rxn_359836c725f4
SF5+ + SF3 -> SF5+ + SF3,Ion-neutral elastic scattering,ion,elastic,mechanical,3,pass,pass,pass,unknown,unknown,,2.4491934203713174e-16,,,true,,rxn_5c3939732f5e
SF5- + O2F -> SF5- + O2F,Ion-neutral elastic scattering,ion,elastic,mechanical,3,pass,unknown,unknown,unknown,unknown,,,,,true,,rxn_3d9aa5135782
SF5- + SF2 -> SF5- + SF2,Ion-neutral elastic scattering,ion,elastic,mechanical,3,pass,pass,pass,unknown,unknown,,-2.4491934203713174e-16,,,true,,rxn_1b336618d128
SF5- + SF3 -> SF5- + SF3,Ion-neutral elastic scattering,ion,elastic,mechanical,3,pass,pass,pass,unknown,unknown,,2.2042740783341856e-15,,,true,,rxn_a2d2cc0aa931
SF6+ + O2F -> SF6+ + O2F,Ion-neutral elastic scattering,ion,elastic,mechanical,3,pass,unknown,unknown,unknown,unknown,,,,,true,,rxn_648a4444db08
SF6+ + SF2 -> SF6+ + SF2,Ion-neutral elastic scattering,ion,elastic,mechanical,3,pass,unknown,unknown,unknown,unknown,,,,,true,,rxn_4a1cff55856d
SF6+ + SF3 -> SF6+ + SF3,Ion-neutral elastic scattering,ion,elastic,mechanical,3,pass,unknown,unknown,unknown,unknown,,,,,true,,rxn_e17cd286818e
SF6- + O2F -> SF6- + O2F,Ion-neutral elastic scattering,ion,elastic,mechanical,3,pass,unknown,unknown,unknown,unknown,,,,,true,,rxn_bb4d96d3fb49
SF6- + SF2 -> SF6- + SF2,Ion-neutral elastic scattering,ion,elastic,mechanical,3,pass,pass,pass,unknown,unknown,,2.4491934203713174e-16,,,true,,rxn_72bddc863f29
SF6- + SF3 -> SF6- + SF3,Ion-neutral elastic scattering,ion,elastic,mechanical,3,pass,pass,pass,unknown,unknown,,-2.4491934203713174e-16,,,true,,rxn_209a65edfdbf
SOF3+ + Ar -> SOF3+ + Ar,Ion-neutral elastic scattering,ion,elastic,mechanical,3,pass,unknown,unknown,unknown,unknown,,,,,true,,rxn_dbbaaf0bb9e4
SOF3+ + F -> SOF3+ + F,Ion-neutral elastic scattering,ion,elastic,mechanical,3,pass,unknown,unknown,unknown,unknown,,,,,true,,rxn_5645fe3d9512
SOF3+ + O -> SOF3+ + O,Ion-neutral elastic scattering,ion,elastic,mechanical,3,pass,unknown,unknown,unknown,unknown,,,,,true,,rxn_5b0a6eeebea9
SOF3+ + O2 -> SOF3+ + O2,Ion-neutral elastic scattering,ion,elastic,mechanical,3,pass,unknown,unknown,unknown,unknown,,,,,true,,rxn_097bdb6ebca9
SOF3+ + O2F -> SOF3+ + O2F,Ion-neutral elastic scattering,ion,elastic,mechanical,3,pass,unknown,unknown,unknown,unknown,,,,,true,,rxn_2f55eb451472
SOF3+ + SF2 -> SOF3+ + SF2,Ion-neutral elastic scattering,ion,elastic,mechanical,3,pass,unknown,unknown,unknown,unknown,,,,,true,,rxn_d9797a459100
SOF3+ + SF3 -> SOF3+ + SF3,Ion-neutral elastic scattering,ion,elastic,mechanical,3,pass,unknown,unknown,unknown,unknown,,,,,true,,rxn_b2132fd3f19f
SOF3+ + SF4 -> SOF3+ + SF4,Ion-neutral elastic scattering,ion,elastic,mechanical,3,pass,unknown,unknown,unknown,unknown,,,,,true,,rxn_5db3f9d52e7e
SOF3+ + SF5 -> SOF3+ + SF5,Ion-neutral elastic scattering,ion,elastic,mechanical,3,pass,unknown,unknown,unknown,unknown,,,,,true,,rxn_28c1bba195d0
SOF3+ + SF6 -> SOF3+ + SF6,Ion-neutral elastic scattering,ion,elastic,mechanical,3,pass,unknown,unknown,unknown,unknown,,,,,true,,rxn_608c13b7d441
SOF3- + Ar -> SOF3- + Ar,Ion-neutral elastic scattering,ion,elastic,mechanical,3,pass,unknown,unknown,unknown,unknown,,,,,true,,rxn_86a9114a1a8f
SOF3- + F -> SOF3- + F,Ion-neutral elastic scattering,ion,elastic,mechanical,3,pass,unknown,unknown,unknown,unknown,,,,,true,,rxn_48755a3bccc3
SOF3- + O -> SOF3- + O,Ion-neutral elastic scattering,ion,elastic,mechanical,3,pass,unknown,unknown,unknown,unknown,,,,,true,,rxn_886c3afa0aa3
SOF3- + O2 -> SOF3- + O2,Ion-neutral elastic scattering,ion,elastic,mechanical,3,pass,unknown,unknown,unknown,unknown,,,,,true,,rxn_bb315ed436d6
SOF3- + O2F -> SOF3- + O2F,Ion-neutral elastic scattering,ion,elastic,mechanical,3,pass,unknown,unknown,unknown,unknown,,,,,true,,rxn_e4085403cb7b
SOF3- + SF2 -> SOF3- + SF2,Ion-neutral elastic scattering,ion,elastic,mechanical,3,pass,unknown,unknown,unknown,unknown,,,,,true,,rxn_437284542429
SOF3- + SF3 -> SOF3- + SF3,Ion-neutral elastic scattering,ion,elastic,mechanical,3,pass,unknown,unknown,unknown,unknown,,,,,true,,rxn_514344511bc1
SOF3- + SF4 -> SOF3- + SF4,Ion-neutral elastic scattering,ion,elastic,mechanical,3,pass,unknown,unknown,unknown,unknown,,,,,true,,rxn_5bb2b94bc708
SOF3- + SF5 -> SOF3- + SF5,Ion-neutral elastic scattering,ion,elastic,mechanical,3,pass,unknown,unknown,unknown,unknown,,,,,true,,rxn_7431d9422bc9
SOF3- + SF6 -> SOF3- + SF6,Ion-neutral elastic scattering,ion,elastic,mechanical,3,pass,unknown,unknown,unknown,unknown,,,,,true,,rxn_2d554db7b208
SOF4+ + Ar -> SOF4+ + Ar,Ion-neutral elastic scattering,ion,elastic,mechanical,3,pass,unknown,unknown,unknown,unknown,,,,,true,,rxn_79c8953d1584
SOF4+ + F -> SOF4+ + F,Ion-neutral elastic scattering,ion,elastic,mechanical,3,pass,unknown,unknown,unknown,unknown,,,,,true,,rxn_5b78e7d47b4c
SOF4+ + O -> SOF4+ + O,Ion-neutral elastic scattering,ion,elastic,mechanical,3,pass,unknown,unknown,unknown,unknown,,,,,true,,rxn_fb1414d3f259
SOF4+ + O2 -> SOF4+ + O2,Ion-neutral elastic scattering,ion,elastic,mechanical,3,pass,unknown,unknown,unknown,unknown,,,,,true,,rxn_e570bdecc59c
SOF4+ + O2F -> SOF4+ + O2F,Ion-neutral elastic scattering,ion,elastic,mechanical,3,pass,unknown,unknown,unknown,unknown,,,,,true,,rxn_5851072588b8
SOF4+ + SF2 -> SOF4+ + SF2,Ion-neutral elastic scattering,ion,elastic,mechanical,3,pass,unknown,unknown,unknown,unknown,,,,,true,,rxn_3ab1e9be5c42
SOF4+ + SF3 -> SOF4+ + SF3,Ion-neutral elastic scattering,ion,elastic,mechanical,3,pass,unknown,unknown,unknown,unknown,,,,,true,,rxn_42a973656011
SOF4+ + SF4 -> SOF4+ + SF4,Ion-neutral elastic scattering,ion,elastic,mechanical,3,pass,unknown,unknown,unknown,unknown,,,,,true,,rxn_5871111191ed
SOF4+ + SF5 -> SOF4+ + SF5,Ion-neutral elastic scattering,ion,elastic,mechanical,3,pass,unknown,unknown,unknown,unknown,,,,,true,,rxn_7bd59bca9c87
SOF4+ + SF6 -> SOF4+ + SF6,Ion-neutral elastic scattering,ion,elastic,mechanical,3,pass,unknown,unknown,unknown,unknown,,,,,true,,rxn_3e035d11a1d4
SOF4- + Ar -> SOF4- + Ar,Ion-neutral elastic scattering,ion,elastic,mechanical,3,pass,unknown,unknown,unknown,unknown,,,,,true,,rxn_fcfcd12571d0
SOF4- + F -> SOF4- + F,Ion-neutral elastic scattering,ion,elastic,mechanical,3,pass,unknown,unknown,unknown,unknown,,,,,true,,rxn_d2eb05ea776c
SOF4- + O -> SOF4- + O,Ion-neutral elastic scattering,ion,elastic,mechanical,3,pass,unknown,unknown,unknown,unknown,,,,,true,,rxn_5615898c9988
SOF4- + O2 -> SOF4- + O2,Ion-neutral elastic scattering,ion,elastic,mechanical,3,pass,unknown,unknown,unknown,unknown,,,,,true,,rxn_1af85d23d698
SOF4- + O2F -> SOF4- + O2F,Ion-neutral elastic scattering,ion,elastic,mechanical,3,pass,unknown,unknown,unknown,unknown,,,,,true,,rxn_38c2963345a1
SOF4- + SF2 -> SOF4- + SF2,Ion-neutral elastic scattering,ion,elastic,mechanical,3,pass,unknown,unknown,unknown,unknown,,,,,true,,rxn_631731539eb2
SOF4- + SF3 -> SOF4- + SF3,Ion-neutral elastic scattering,ion,elastic,mechanical,3,pass,unknown,unknown,unknown,unknown,,,,,true,,rxn_0fc580e9c659
SOF4- + SF4 -> SOF4- + SF4,Ion-neutral elastic scattering,ion,elastic,mechanical,3,pass,unknown,unknown,unknown,unknown,,,,,true,,rxn_4a33f74d4ee8
SOF4- + SF5 -> SOF4- + SF5,Ion-neutral elastic scattering,ion,elastic,mechanical,3,pass,unknown,unknown,unknown,unknown,,,,,true,,rxn_920b78454a7c
SOF4- + SF6 -> SOF4- + SF6,Ion-neutral elastic scattering,ion,elastic,mechanical,3,pass,unknown,unknown,unknown,unknown,,,,,true,,rxn_461d7ee33f69
SOF5+ + Ar -> SOF5+ + Ar,Ion-neutral elastic scattering,ion,elastic,mechanical,3,pass,unknown,unknown,unknown,unknown,,,,,true,,rxn_0164466736de
SOF5+ + F -> SOF5+ + F,Ion-neutral elastic scattering,ion,elastic,mechanical,3,pass,unknown,unknown,unknown,unknown,,,,,true,,rxn_cc4080723844
SOF5+ + O -> SOF5+ + O,Ion-neutral elastic scattering,ion,elastic,mechanical,3,pass,unknown,unknown,unknown,unknown,,,,,true,,rxn_1a691ce2a36c
SOF5+ + O2 -> SOF5+ + O2,Ion-neutral elastic scattering,ion,elastic,mechanical,3,pass,unknown,unknown,unknown,unknown,,,,,true,,rxn_21955d823567
SOF5+ + O2F -> SOF5+ + O2F,Ion-neutral elastic scattering,ion,elastic,mechanical,3,pass,unknown,unknown,unknown,unknown,,,,,true,,rxn_63a173094178
SOF5+ + SF2 -> SOF5+ + SF2,Ion-neutral elastic scattering,ion,elastic,mechanical,3,pass,unknown,unknown,unknown,unknown,,,,,true,,rxn_3832f2092722
SOF5+ + SF3 -> SOF5+ + SF3,Ion-neutral elastic scattering,ion,elastic,mechanical,3,pass,unknown,unknown,unknown,unknown,,,,,true,,rxn_4da0352a3af6
SOF5+ + SF4 -> SOF5+ + SF4,Ion-neutral elastic scattering,ion,elastic,mechanical,3,pass,unknown,unknown,unknown,unknown,,,,,true,,rxn_cb1d17dc639f
SOF5+ + SF5 -> SOF5+ + SF5,Ion-neutral elastic scattering,ion,elastic,mechanical,3,pass,unknown,unknown,unknown,unknown,,,,,true,,rxn_797f75c07959
SOF5+ + SF6 -> SOF5+ + SF6,Ion-neutral elastic scattering,ion,elastic,mechanical,3,pass,unknown,unknown,unknown,unknown,,,,,true,,rxn_7f8ec87b421d
SOF5- + Ar -> SOF5- + Ar,Ion-neutral elastic scattering,ion,elastic,mechanical,3,pass,unknown,unknown,unknown,unknown,,,,,true,,rxn_47c6db297428
SOF5- + F -> SOF5- + F,Ion-neutral elastic scattering,ion,elastic,mechanical,3,pass,unknown,unknown,unknown,unknown,,,,,true,,rxn_850c71fac8c3
SOF5- + O -> SOF5- + O,Ion-neutral elastic scattering,ion,elastic,mechanical,3,pass,unknown,unknown,unknown,unknown,,,,,true,,rxn_fd1492ab8fd5
SOF5- + O2 -> SOF5- + O2,Ion-neutral elastic scattering,ion,elastic,mechanical,3,pass,unknown,unknown,unknown,unknown,,,,,true,,rxn_e1a0a04a2c9b
SOF5- + O2F -> SOF5- + O2F,Ion-neutral elastic scattering,ion,elastic,mechanical,3,pass,unknown,unknown,unknown,unknown,,,,,true,,rxn_24717ab3f262
SOF5- + SF2 -> SOF5- + SF2,Ion-neutral elastic scattering,ion,elastic,mechanical,3,pass,unknown,unknown,unknown,unknown,,,,,true,,rxn_98b634b7d399
SOF5- + SF3 -> SOF5- + SF3,Ion-neutral elastic scattering,ion,elastic,mechanical,3,pass,unknown,unknown,unknown,unknown,,,,,true,,rxn_60bdccb7e09e
SOF5- + SF4 -> SOF5- + SF4,Ion-neutral elastic scattering,ion,elastic,mechanical,3,pass,unknown,unknown,unknown,unknown,,,,,true,,rxn_cdf97916c4f7
SOF5- + SF5 -> SOF5- + SF5,Ion-neutral elastic scattering,ion,elastic,mechanical,3,pass,unknown,unknown,unknown,unknown,,,,,true,,rxn_5eec642f007d
SOF5- + SF6 -> SOF5- + SF6,Ion-neutral elastic scattering,ion,elastic,mechanical,3,pass,unknown,unknown,unknown,unknown,,,,,true,,rxn_b53c897d3626
F+ + Ar -> F+ + Ar(m),Ion-induced excitation,ion,ion_induced_excitation,mechanical,3,pass,unknown,unknown,unknown,unknown,,,,,true,,rxn_6ac634aa59dc
F+ + Ar -> F+ + Ar(r),Ion-induced excitation,ion,ion_induced_excitation,mechanical,3,pass,unknown,unknown,unknown,unknown,,,,,true,,rxn_d5599fe1815c
F+ + O2 -> F+ + O2(v),Ion-induced excitation,ion,ion_induced_excitation,mechanical,3,pass,unknown,unknown,unknown,unknown,,,,,true,,rxn_b6ab8e3455a0
F+ + O2 -> F+ + O2*,Ion-induced excitation,ion,ion_induced_excitation,mechanical,3,pass,unknown,unknown,unknown,unknown,,,,,true,,rxn_4aa4ce170861
F+ + SF6 -> F+ + SF6(v),Ion-induced excitation,ion,ion_induced_excitation,mechanical,3,pass,unknown,unknown,unknown,unknown,,,,,true,,rxn_bbb3dbc721f5
F+ + SF6 -> F+ + SF6*,Ion-induced excitation,ion,ion_induced_excitation,mechanical,3,pass,unknown,unknown,unknown,unknown,,,,,true,,rxn_735c7e10830c
F2+ + Ar -> F2+ + Ar(m),Ion-induced excitation,ion,ion_induced_excitation,mechanical,3,pass,unknown,unknown,unknown,unknown,,,,,true,,rxn_2ca3d1a41761
F2+ + Ar -> F2+ + Ar(r),Ion-induced excitation,ion,ion_induced_excitation,mechanical,3,pass,unknown,unknown,unknown,unknown,,,,,true,,rxn_ab8465968383
F2+ + O2 -> F2+ + O2(v),Ion-induced excitation,ion,ion_induced_excitation,mechanical,3,pass,unknown,unknown,unknown,unknown,,,,,true,,rxn_bdfbac002deb
F2+ + O2 -> F2+ + O2*,Ion-induced excitation,ion,ion_induced_excitation,mechanical,3,pass,unknown,unknown,unknown,unknown,,,,,true,,rxn_4ab54231a597
F2+ + SF6 -> F2+ + SF6(v),Ion-induced excitation,ion,ion_induced_excitation,mechanical,3,pass,unknown,unknown,unknown,unknown,,,,,true,,rxn_d03f6e05118c
F2+ + SF6 -> F2+ + SF6*,Ion-induced excitation,ion,ion_induced_excitation,mechanical,3,pass,unknown,unknown,unknown,unknown,,,,,true,,rxn_27c603aff4fb
O2F+ + Ar -> O2F+ + Ar(m),Ion-induced excitation,ion,ion_induced_excitation,mechanical,3,pass,unknown,unknown,unknown,unknown,,,,,true,,rxn_22dfd1dc0fad
O2F+ + Ar -> O2F+ + Ar(r),Ion-induced excitation,ion,ion_induced_excitation,mechanical,3,pass,unknown,unknown,unknown,unknown,,,,,true,,rxn_dbc3f85f8472
O2F+ + O2 -> O2F+ + O2(v),Ion-induced excitation,ion,ion_induced_excitation,mechanical,3,pass,unknown,unknown,unknown,unknown,,,,,true,,rxn_350092bb78ef
O2F+ + O2 -> O2F+ + O2*,Ion-induced excitation,ion,ion_induced_excitation,mechanical,3,pass,unknown,unknown,unknown,unknown,,,,,true,,rxn_502907eb23a6
O2F+ + SF6 -> O2F+ + SF6(v),Ion-induced excitation,ion,ion_induced_excitation,mechanical,3,pass,unknown,unknown,unknown,unknown,,,,,true,,rxn_f6bc4e9459a4
O2F+ + SF6 -> O2F+ + SF6*,Ion-induced excitation,ion,ion_induced_excitation,mechanical,3,pass,unknown,unknown,unknown,unknown,,,,,true,,rxn_fb01fa87e085
O2F- + Ar -> O2F- + Ar(m),Ion-induced excitation,ion,ion_induced_excitation,mechanical,3,pass,unknown,unknown,unknown,unknown,,,,,true,,rxn_857b11ac835e
O2F- + Ar -> O2F- + Ar(r),Ion-induced excitation,ion,ion_induced_excitation,mechanical,3,pass,unknown,unknown,unknown,unknown,,,,,true,,rxn_42254e7aaba3
O2F- + O2 -> O2F- + O2(v),Ion-induced excitation,ion,ion_induced_excitation,mechanical,3,pass,unknown,unknown,unknown,unknown,,,,,true,,rxn_30a4080d9aa0
O2F- + O2 -> O2F- + O2*,Ion-induced excitation,ion,ion_induced_excitation,mechanical,3,pass,unknown,unknown,unknown,unknown,,,,,true,,rxn_657534a2f8a2
O2F- + SF6 -> O2F- + SF6(v),Ion-induced excitation,ion,ion_induced_excitation,mechanical,3,pass,unknown,unknown,unknown,unknown,,,,,true,,rxn_3c781a9230a5
O2F- + SF6 -> O2F- + SF6*,Ion-induced excitation,ion,ion_induced_excitation,mechanical,3,pass,unknown,unknown,unknown,unknown,,,,,true,,rxn_5e49a3176935
OF+ + Ar -> OF+ + Ar(m),Ion-induced excitation,ion,ion_induced_excitation,mechanical,3,pass,unknown,unknown,unknown,unknown,,,,,true,,rxn_e4ffef46ea0b
OF+ + Ar -> OF+ + Ar(r),Ion-induced excitation,ion,ion_induced_excitation,mechanical,3,pass,unknown,unknown,unknown,unknown,,,,,true,,rxn_165186e74e5c
OF+ + O2 -> OF+ + O2(v),Ion-induced excitation,ion,ion_induced_excitation,mechanical,3,pass,unknown,unknown,unknown,unknown,,,,,true,,rxn_c6a2e3da14c6
OF+ + O2 -> OF+ + O2*,Ion-induced excitation,ion,ion_induced_excitation,mechanical,3,pass,unknown,unknown,unknown,unknown,,,,,true,,rxn_49517335959c
OF+ + SF6 -> OF+ + SF6(v),Ion-induced excitation,ion,ion_induced_excitation,mechanical,3,pass,unknown,unknown,unknown,unknown,,,,,true,,rxn_8f7f2cf325be
OF+ + SF6 -> OF+ + SF6*,Ion-induced excitation,ion,ion_induced_excitation,mechanical,3,pass,unknown,unknown,unknown,unknown,,,,,true,,rxn_24d1a7afc326
OF- + Ar -> OF- + Ar(m),Ion-induced excitation,ion,ion_induced_excitation,mechanical,3,pass,unknown,unknown,unknown,unknown,,,,,true,,rxn_01b28a36478e
OF- + Ar -> OF- + Ar(r),Ion-induced excitation,ion,ion_induced_excitation,mechanical,3,pass,unknown,unknown,unknown,unknown,,,,,true,,rxn_3931a2910385
OF- + O2 -> OF- + O2(v),Ion-induced excitation,ion,ion_induced_excitation,mechanical,3,pass,unknown,unknown,unknown,unknown,,,,,true,,rxn_bfce43ae0282
OF- + O2 -> OF- + O2*,Ion-induced excitation,ion,ion_induced_excitation,mechanical,3,pass,unknown,unknown,unknown,unknown,,,,,true,,rxn_0eff256bce55
OF- + SF6 -> OF- + SF6(v),Ion-induced excitation,ion,ion_induced_excitation,mechanical,3,pass,unknown,unknown,unknown,unknown,,,,,true,,rxn_2f6e3a9a849d
OF- + SF6 -> OF- + SF6*,Ion-induced excitation,ion,ion_induced_excitation,mechanical,3,pass,unknown,unknown,unknown,unknown,,,,,true,,rxn_ee1279147ad0
SF2+ + Ar -> SF2+ + Ar(m),Ion-induced excitation,ion,ion_induced_excitation,mechanical,3,pass,unknown,unknown,unknown,unknown,,,,,true,,rxn_501630882ce6
SF2+ + Ar -> SF2+ + Ar(r),Ion-induced excitation,ion,ion_induced_excitation,mechanical,3,pass,unknown,unknown,unknown,unknown,,,,,true,,rxn_3ba8d3ba68bc
SF2+ + O2 -> SF2+ + O2(v),Ion-induced excitation,ion,ion_induced_excitation,mechanical,3,pass,unknown,unknown,unknown,unknown,,,,,true,,rxn_89b2def5c77f
SF2+ + O2 -> SF2+ + O2*,Ion-induced excitation,ion,ion_induced_excitation,mechanical,3,pass,unknown,unknown,unknown,unknown,,,,,true,,rxn_49926700a43f
SF2+ + SF6 -> SF2+ + SF6(v),Ion-induced excitation,ion,ion_induced_excitation,mechanical,3,pass,unknown,unknown,unknown,unknown,,,,,true,,rxn_4a5e5fd6ef88
SF2+ + SF6 -> SF2+ + SF6*,Ion-induced excitation,ion,ion_induced_excitation,mechanical,3,pass,unknown,unknown,unknown,unknown,,,,,true,,rxn_57e0996e64ec
SF2- + Ar -> SF2- + Ar(m),Ion-induced excitation,ion,ion_induced_excitation,mechanical,3,pass,unknown,unknown,unknown,unknown,,,,,true,,rxn_9cbf02884547
SF2- + Ar -> SF2- + Ar(r),Ion-induced excitation,ion,ion_induced_excitation,mechanical,3,pass,unknown,unknown,unknown,unknown,,,,,true,,rxn_be6d0727cf01
SF2- + O2 -> SF2- + O2(v),Ion-induced excitation,ion,ion_induced_excitation,mechanical,3,pass,unknown,unknown,unknown,unknown,,,,,true,,rxn_e9a15c65ea36
SF2- + O2 -> SF2- + O2*,Ion-induced excitation,ion,ion_induced_excitation,mechanical,3,pass,unknown,unknown,unknown,unknown,,,,,true,,rxn_d1c7b848c494
SF2- + SF6 -> SF2- + SF6(v),Ion-induced excitation,ion,ion_induced_excitation,mechanical,3,pass,unknown,unknown,unknown,unknown,,,,,true,,rxn_77f2477c874d
SF2- + SF6 -> SF2- + SF6*,Ion-induced excitation,ion,ion_induced_excitation,mechanical,3,pass,unknown,unknown,unknown,unknown,,,,,true,,rxn_bbc14a2675f3
SF3+ + Ar -> SF3+ + Ar(m),Ion-induced excitation,ion,ion_induced_excitation,mechanical,3,pass,unknown,unknown,unknown,unknown,,,,,true,,rxn_d44a0b2750b7
SF3+ + Ar -> SF3+ + Ar(r),Ion-induced excitation,ion,ion_induced_excitation,mechanical,3,pass,unknown,unknown,unknown,unknown,,,,,true,,rxn_627cfee7ce57
SF3+ + O2 -> SF3+ + O2(v),Ion-induced excitation,ion,ion_induced_excitation,mechanical,3,pass,unknown,unknown,unknown,unknown,,,,,true,,rxn_2a8a87bb1a95
SF3+ + O2 -> SF3+ + O2*,Ion-induced excitation,ion,ion_induced_excitation,mechanical,3,pass,unknown,unknown,unknown,unknown,,,,,true,,rxn_ee72dad53f37
SF3+ + SF6 -> SF3+ + SF6(v),Ion-induced excitation,ion,ion_induced_excitation,mechanical,3,pass,unknown,unknown,unknown,unknown,,,,,true,,rxn_fe1e73bc2af8
SF3+ + SF6 -> SF3+ + SF6*,Ion-induced excitation,ion,ion_induced_excitation,mechanical,3,pass,unknown,unknown,unknown,unknown,,,,,true,,rxn_14c6e8369d3b
SF3- + Ar -> SF3- + Ar(m),Ion-induced excitation,ion,ion_induced_excitation,mechanical,3,pass,unknown,unknown,unknown,unknown,,,,,true,,rxn_7421a8789c17
SF3- + Ar -> SF3- + Ar(r),Ion-induced excitation,ion,ion_induced_excitation,mechanical,3,pass,unknown,unknown,unknown,unknown,,,,,true,,rxn_3c3f0ba3429f
SF3- + O2 -> SF3- + O2(v),Ion-induced excitation,ion,ion_induced_excitation,mechanical,3,pass,unknown,unknown,unknown,unknown,,,,,true,,rxn_cbf60801e062
SF3- + O2 -> SF3- + O2*,Ion-induced excitation,ion,ion_induced_excitation,mechanical,3,pass,unknown,unknown,unknown,unknown,,,,,true,,rxn_fc790ef48ba4
SF3- + SF6 -> SF3- + SF6(v),Ion-induced excitation,ion,ion_induced_excitation,mechanical,3,pass,unknown,unknown,unknown,unknown,,,,,true,,rxn_5468111c9164
SF3- + SF6 -> SF3- + SF6*,Ion-induced excitation,ion,ion_induced_excitation,mechanical,3,pass,unknown,unknown,unknown,unknown,,,,,true,,rxn_b5c6b23153fb
SOF3+ + Ar -> SOF3+ + Ar(m),Ion-induced excitation,ion,ion_induced_excitation,mechanical,3,pass,unknown,unknown,unknown,unknown,,,,,true,,rxn_a55c4cc75bf9
SOF3+ + Ar -> SOF3+ + Ar(r),Ion-induced excitation,ion,ion_induced_excitation,mechanical,3,pass,unknown,unknown,unknown,unknown,,,,,true,,rxn_58ef191863da
SOF3+ + O2 -> SOF3+ + O2(v),Ion-induced excitation,ion,ion_induced_excitation,mechanical,3,pass,unknown,unknown,unknown,unknown,,,,,true,,rxn_2e6ce721375c
SOF3+ + O2 -> SOF3+ + O2*,Ion-induced excitation,ion,ion_induced_excitation,mechanical,3,pass,unknown,unknown,unknown,unknown,,,,,true,,rxn_30b0e5aee412
SOF3+ + SF6 -> SOF3+ + SF6(v),Ion-induced excitation,ion,ion_induced_excitation,mechanical,3,pass,unknown,unknown,unknown,unknown,,,,,true,,rxn_041982c6956e
SOF3+ + SF6 -> SOF3+ + SF6*,Ion-induced excitation,ion,ion_induced_excitation,mechanical,3,pass,unknown,unknown,unknown,unknown,,,,,true,,rxn_a67f868e85c4
SOF3- + Ar -> SOF3- + Ar(m),Ion-induced excitation,ion,ion_induced_excitation,mechanical,3,pass,unknown,unknown,unknown,unknown,,,,,true,,rxn_99a30c47dec5
SOF3- + Ar -> SOF3- + Ar(r),Ion-induced excitation,ion,ion_induced_excitation,mechanical,3,pass,unknown,unknown,unknown,unknown,,,,,true,,rxn_187a41e1e8a2
SOF3- + O2 -> SOF3- + O2(v),Ion-induced excitation,ion,ion_induced_excitation,mechanical,3,pass,unknown,unknown,unknown,unknown,,,,,true,,rxn_eba633bc2aba
SOF3- + O2 -> SOF3- + O2*,Ion-induced excitation,ion,ion_induced_excitation,mechanical,3,pass,unknown,unknown,unknown,unknown,,,,,true,,rxn_832d3f44f5d6
SOF3- + SF6 -> SOF3- + SF6(v),Ion-induced excitation,ion,ion_induced_excitation,mechanical,3,pass,unknown,unknown,unknown,unknown,,,,,true,,rxn_222ed355a066
SOF3- + SF6 -> SOF3- + SF6*,Ion-induced excitation,ion,ion_induced_excitation,mechanical,3,pass,unknown,unknown,unknown,unknown,,,,,true,,rxn_0f70c044530a
SOF4+ + Ar -> SOF4+ + Ar(m),Ion-induced excitation,ion,ion_induced_excitation,mechanical,3,pass,unknown,unknown,unknown,unknown,,,,,true,,rxn_e472d23d7aeb
SOF4+ + Ar -> SOF4+ + Ar(r),Ion-induced excitation,ion,ion_induced_excitation,mechanical,3,pass,unknown,unknown,unknown,unknown,,,,,true,,rxn_0de05c7496ca
SOF4+ + O2 -> SOF4+ + O2(v),Ion-induced excitation,ion,ion_induced_excitation,mechanical,3,pass,unknown,unknown,unknown,unknown,,,,,true,,rxn_1848204bb646
SOF4+ + O2 -> SOF4+ + O2*,Ion-induced excitation,ion,ion_induced_excitation,mechanical,3,pass,unknown,unknown,unknown,unknown,,,,,true,,rxn_9bd72c4808a0
SOF4+ + SF6 -> SOF4+ + SF6(v),Ion-induced excitation,ion,ion_induced_excitation,mechanical,3,pass,unknown,unknown,unknown,unknown,,,,,true,,rxn_2f312092012b
SOF4+ + SF6 -> SOF4+ + SF6*,Ion-induced excitation,ion,ion_induced_excitation,mechanical,3,pass,unknown,unknown,unknown,unknown,,,,,true,,rxn_f3199fe29f88
SOF4- + Ar -> SOF4- + Ar(m),Ion-induced excitation,ion,ion_induced_excitation,mechanical,3,pass,unknown,unknown,unknown,unknown,,,,,true,,rxn_3a3c0039fe4f
SOF4- + Ar -> SOF4- + Ar(r),Ion-induced excitation,ion,ion_induced_excitation,mechanical,3,pass,unknown,unknown,unknown,unknown,,,,,true,,rxn_5dd2f7b24f62
SOF4- + O2 -> SOF4- + O2(v),Ion-induced excitation,ion,ion_induced_excitation,mechanical,3,pass,unknown,unknown,unknown,unknown,,,,,true,,rxn_01365de12879
SOF4- + O2 -> SOF4- + O2*,Ion-induced excitation,ion,ion_induced_excitation,mechanical,3,pass,unknown,unknown,unknown,unknown,,,,,true,,rxn_7bdd78b933a2
SOF4- + SF6 -> SOF4- + SF6(v),Ion-induced excitation,ion,ion_induced_excitation,mechanical,3,pass,unknown,unknown,unknown,unknown,,,,,true,,rxn_6d5dac904714
SOF4- + SF6 -> SOF4- + SF6*,Ion-induced excitation,ion,ion_induced_excitation,mechanical,3,pass,unknown,unknown,unknown,unknown,,,,,true,,rxn_d912a2e4c728
SOF5+ + Ar -> SOF5+ + Ar(m),Ion-induced excitation,ion,ion_induced_excitation,mechanical,3,pass,unknown,unknown,unknown,unknown,,,,,true,,rxn_b551b61836ee
SOF5+ + Ar -> SOF5+ + Ar(r),Ion-induced excitation,ion,ion_induced_excitation,mechanical,3,pass,unknown,unknown,unknown,unknown,,,,,true,,rxn_12a905a13c69
SOF5+ + O2 -> SOF5+ + O2(v),Ion-induced excitation,ion,ion_induced_excitation,mechanical,3,pass,unknown,unknown,unknown,unknown,,,,,true,,rxn_0ef22140c8fe
SOF5+ + O2 -> SOF5+ + O2*,Ion-induced excitation,ion,ion_induced_excitation,mechanical,3,pass,unknown,unknown,unknown,unknown,,,,,true,,rxn_f197be1f016f
SOF5+ + SF6 -> SOF5+ + SF6(v),Ion-induced excitation,ion,ion_induced_excitation,mechanical,3,pass,unknown,unknown,unknown,unknown,,,,,true,,rxn_385f53757c11
SOF5+ + SF6 -> SOF5+ + SF6*,Ion-induced excitation,ion,ion_induced_excitation,mechanical,3,pass,unknown,unknown,unknown,unknown,,,,,true,,rxn_ce3cd0f22031
SOF5- + Ar -> SOF5- + Ar(m),Ion-induced excitation,ion,ion_induced_excitation,mechanical,3,pass,unknown,unknown,unknown,unknown,,,,,true,,rxn_1817cc65ebf9
SOF5- + Ar -> SOF5- + Ar(r),Ion-induced excitation,ion,ion_induced_excitation,mechanical,3,pass,unknown,unknown,unknown,unknown,,,,,true,,rxn_575893bd1d21
SOF5- + O2 -> SOF5- + O2(v),Ion-induced excitation,ion,ion_induced_excitation,mechanical,3,pass,unknown,unknown,unknown,unknown,,,,,true,,rxn_688ec7b4637a
SOF5- + O2 -> SOF5- + O2*,Ion-induced excitation,ion,ion_induced_excitation,mechanical,3,pass,unknown,unknown,unknown,unknown,,,,,true,,rxn_9ff73b5084cf
SOF5- + SF6 -> SOF5- + SF6(v),Ion-induced excitation,ion,ion_induced_excitation,mechanical,3,pass,unknown,unknown,unknown,unknown,,,,,true,,rxn_5cf51d1b02f6
SOF5- + SF6 -> SOF5- + SF6*,Ion-induced excitation,ion,ion_induced_excitation,mechanical,3,pass,unknown,unknown,unknown,unknown,,,,,true,,rxn_81af9277be31
F+ + O2 -> OF+ + O,Ligand transfer,ion,ligand_transfer,mechanical,3,pass,unknown,unknown,unknown,unknown,,,,,true,,rxn_1bb541d7fd36
F+ + SF6 -> F2+ + SF5,Ligand transfer,ion,ligand_transfer,mechanical,3,pass,pass,unknown,unknown,unknown,,,,,true,,rxn_c7ac38f107b1
SF2+ + O2 -> SF+ + O2F,Ligand transfer,ion,ligand_transfer,mechanical,3,pass,unknown,unknown,unknown,unknown,,,,,true,,rxn_deaf9843e9a7
SF2+ + SF6 -> SF3+ + SF5,Ligand transfer,ion,ligand_transfer,mechanical,3,pass,pass,pass,unknown,unknown,,-0.044564212870302766,,,true,,rxn_fe11991d2247
SF2- + O2 -> SF- + O2F,Ligand transfer,ion,ligand_transfer,mechanical,3,pass,unknown,unknown,unknown,unknown,,,,,true,,rxn_3e86a5ee0040
SF2- + SF6 -> SF3- + SF5,Ligand transfer,ion,ligand_transfer,mechanical,3,pass,pass,pass,unknown,unknown,,-0.7920014000722315,,,true,,rxn_a2fe38f8455b
Ar+ + ArF- -> 2 Ar + F,Ion-ion mutual neutralization,ion,mutual_neutralization,mechanical,3,pass,unknown,unknown,unknown,unknown,,,,,true,,rxn_95d330f145b0
Ar+ + O2F- -> Ar + O2F,Ion-ion mutual neutralization,ion,mutual_neutralization,mechanical,3,pass,unknown,unknown,unknown,unknown,,,,,true,,rxn_e03633d7e36b
Ar+ + OF- -> Ar + OF,Ion-ion mutual neutralization,ion,mutual_neutralization,mechanical,3,pass,unknown,unknown,unknown,unknown,,,,,true,,rxn_7181fe16817d
Ar+ + SF2- -> Ar + SF2,Ion-ion mutual neutralization,ion,mutual_neutralization,mechanical,3,pass,pass,pass,unknown,unknown,,-14.679305195362769,,,true,,rxn_5d59b63edf78
Ar+ + SF3- -> Ar + SF3,Ion-ion mutual neutralization,ion,mutual_neutralization,mechanical,3,pass,pass,pass,unknown,unknown,,-12.966891493564107,,,true,,rxn_a76c6b8e443f
Ar+ + SOF3- -> Ar + SOF3,Ion-ion mutual neutralization,ion,mutual_neutralization,mechanical,3,pass,unknown,unknown,unknown,unknown,,,,,true,,rxn_e22cae35f8c6
Ar+ + SOF4- -> Ar + SOF4,Ion-ion mutual neutralization,ion,mutual_neutralization,mechanical,3,pass,unknown,unknown,unknown,unknown,,,,,true,,rxn_476e04c0ae80
Ar+ + SOF5- -> Ar + SOF5,Ion-ion mutual neutralization,ion,mutual_neutralization,mechanical,3,pass,unknown,unknown,unknown,unknown,,,,,true,,rxn_04b747161e1c
ArF+ + Ar- -> 2 Ar + F,Ion-ion mutual neutralization,ion,mutual_neutralization,mechanical,3,pass,fail,unknown,unknown,unknown,,,,,true,,rxn_9e604538d14a
ArF+ + ArF- -> 2 Ar + 2 F,Ion-ion mutual neutralization,ion,mutual_neutralization,mechanical,3,pass,unknown,unknown,unknown,unknown,,,,,true,,rxn_1cf5f73ffe65
ArF+ + F- -> Ar + 2 F,Ion-ion mutual neutralization,ion,mutual_neutralization,mechanical,3,pass,unknown,unknown,unknown,unknown,,,,,true,,rxn_84db5733757b
ArF+ + F2- -> Ar + F + F2,Ion-ion mutual neutralization,ion,mutual_neutralization,mechanical,3,pass,unknown,unknown,unknown,unknown,,,,,true,,rxn_1fcb1ad29f13
ArF+ + O- -> Ar + F + O,Ion-ion mutual neutralization,ion,mutual_neutralization,mechanical,3,pass,unknown,unknown,unknown,unknown,,,,,true,,rxn_06ca6a08a37b
ArF+ + O2- -> Ar + F + O2,Ion-ion mutual neutralization,ion,mutual_neutralization,mechanical,3,pass,unknown,unknown,unknown,unknown,,,,,true,,rxn_c446c730241a
ArF+ + O2F- -> Ar + F + O2F,Ion-ion mutual neutralization,ion,mutual_neutralization,mechanical,3,pass,unknown,unknown,unknown,unknown,,,,,true,,rxn_5a77345e3c32
ArF+ + OF- -> Ar + F + OF,Ion-ion mutual neutralization,ion,mutual_neutralization,mechanical,3,pass,unknown,unknown,unknown,unknown,,,,,true,,rxn_1b9174caf868
ArF+ + SF2- -> Ar + F + SF2,Ion-ion mutual neutralization,ion,mutual_neutralization,mechanical,3,pass,unknown,unknown,unknown,unknown,,,,,true,,rxn_9006021688dd
ArF+ + SF3- -> Ar + F + SF3,Ion-ion mutual neutralization,ion,mutual_neutralization,mechanical,3,pass,unknown,unknown,unknown,unknown,,,,,true,,rxn_d142e883519c
ArF+ + SF4- -> Ar + F + SF4,Ion-ion mutual neutralization,ion,mutual_neutralization,mechanical,3,pass,unknown,unknown,unknown,unknown,,,,,true,,rxn_ffe1658e310f
ArF+ + SF5- -> Ar + F + SF5,Ion-ion mutual neutralization,ion,mutual_neutralization,mechanical,3,pass,unknown,unknown,unknown,unknown,,,,,true,,rxn_ebee9c6684b8
ArF+ + SF6- -> Ar + F + SF6,Ion-ion mutual neutralization,ion,mutual_neutralization,mechanical,3,pass,unknown,unknown,unknown,unknown,,,,,true,,rxn_195a276fcb5d
ArF+ + SOF3- -> Ar + F + SOF3,Ion-ion mutual neutralization,ion,mutual_neutralization,mechanical,3,pass,unknown,unknown,unknown,unknown,,,,,true,,rxn_950b17e0d0d7
ArF+ + SOF4- -> Ar + F + SOF4,Ion-ion mutual neutralization,ion,mutual_neutralization,mechanical,3,pass,unknown,unknown,unknown,unknown,,,,,true,,rxn_d48578af75a8
ArF+ + SOF5- -> Ar + F + SOF5,Ion-ion mutual neutralization,ion,mutual_neutralization,mechanical,3,pass,unknown,unknown,unknown,unknown,,,,,true,,rxn_82797e602c5d
F+ + Ar- -> Ar + F,Ion-ion mutual neutralization,ion,mutual_neutralization,mechanical,3,pass,fail,unknown,unknown,unknown,,,,,true,,rxn_9ca5b9bf6eab
F+ + ArF- -> Ar + 2 F,Ion-ion mutual neutralization,ion,mutual_neutralization,mechanical,3,pass,unknown,unknown,unknown,unknown,,,,,true,,rxn_ba3675aa20ad
F+ + F- -> 2 F,Ion-ion mutual neutralization,ion,mutual_neutralization,mechanical,3,pass,pass,pass,pass,pass,-14.021752450628354,-14.073970505468914,,rate_coefficient,true,,rxn_2ec3305f897c
F+ + F2- -> F + F2,Ion-ion mutual neutralization,ion,mutual_neutralization,mechanical,3,pass,pass,unknown,pass,pass,,,,rate_coefficient,true,,rxn_74d2bb79156b
F+ + O- -> F + O,Ion-ion mutual neutralization,ion,mutual_neutralization,mechanical,3,pass,pass,pass,unknown,unknown,-15.962304725314178,-15.965744282056622,,,true,,rxn_d0e84d59d9e7
F+ + O2- -> F + O2,Ion-ion mutual neutralization,ion,mutual_neutralization,mechanical,3,pass,pass,unknown,unknown,unknown,,,,,true,,rxn_cf80f178763c
F+ + O2F- -> F + O2F,Ion-ion mutual neutralization,ion,mutual_neutralization,mechanical,3,pass,unknown,unknown,unknown,unknown,,,,,true,,rxn_3ef4c07b3019
F+ + OF- -> F + OF,Ion-ion mutual neutralization,ion,mutual_neutralization,mechanical,3,pass,unknown,unknown,unknown,unknown,,,,,true,,rxn_f0a2883603c8
F+ + SF2- -> F + SF2,Ion-ion mutual neutralization,ion,mutual_neutralization,mechanical,3,pass,pass,pass,pass,pass,,-16.38492184172276,,rate_coefficient,true,,rxn_f920d0e503ed
F+ + SF3- -> F + SF3,Ion-ion mutual neutralization,ion,mutual_neutralization,mechanical,3,pass,pass,pass,pass,pass,,-14.672508139924101,,rate_coefficient,true,,rxn_8006a199d9f5
F+ + SF4- -> F + SF4,Ion-ion mutual neutralization,ion,mutual_neutralization,mechanical,3,pass,pass,pass,pass,pass,,-16.135727889813513,,rate_coefficient,true,,rxn_b90ad78a9116
F+ + SF5- -> F + SF5,Ion-ion mutual neutralization,ion,mutual_neutralization,mechanical,3,pass,pass,pass,pass,pass,,-13.700511231446697,,rate_coefficient,true,,rxn_a78a3c2953cf
F+ + SF6- -> F + SF6,Ion-ion mutual neutralization,ion,mutual_neutralization,mechanical,3,pass,pass,pass,pass,pass,,-16.175341948010615,,rate_coefficient,true,,rxn_55506108b5a8
F+ + SOF3- -> F + SOF3,Ion-ion mutual neutralization,ion,mutual_neutralization,mechanical,3,pass,unknown,unknown,unknown,unknown,,,,,true,,rxn_5958a6a1d935
F+ + SOF4- -> F + SOF4,Ion-ion mutual neutralization,ion,mutual_neutralization,mechanical,3,pass,unknown,unknown,unknown,unknown,,,,,true,,rxn_6e434635dc6d
F+ + SOF5- -> F + SOF5,Ion-ion mutual neutralization,ion,mutual_neutralization,mechanical,3,pass,unknown,unknown,unknown,unknown,,,,,true,,rxn_3b2265d6940c
F2+ + Ar- -> Ar + F2,Ion-ion mutual neutralization,ion,mutual_neutralization,mechanical,3,pass,fail,unknown,unknown,unknown,,,,,true,,rxn_00929261496b
F2+ + ArF- -> Ar + F + F2,Ion-ion mutual neutralization,ion,mutual_neutralization,mechanical,3,pass,unknown,unknown,unknown,unknown,,,,,true,,rxn_d9c8eecd60d0
F2+ + F- -> F + F2,Ion-ion mutual neutralization,ion,mutual_neutralization,mechanical,3,pass,pass,unknown,pass,pass,,,,rate_coefficient,true,,rxn_0b9d841cf67a
F2+ + F2- -> 2 F2,Ion-ion mutual neutralization,ion,mutual_neutralization,mechanical,3,pass,pass,unknown,pass,pass,,,,rate_coefficient,true,,rxn_e7843d54f24a
F2+ + O- -> O + F2,Ion-ion mutual neutralization,ion,mutual_neutralization,mechanical,3,pass,pass,unknown,unknown,unknown,,,,,true,,rxn_013a283b0cd5
F2+ + O2- -> F2 + O2,Ion-ion mutual neutralization,ion,mutual_neutralization,mechanical,3,pass,pass,unknown,unknown,unknown,,,,,true,,rxn_0f18415ffb52
F2+ + O2F- -> O2F + F2,Ion-ion mutual neutralization,ion,mutual_neutralization,mechanical,3,pass,unknown,unknown,unknown,unknown,,,,,true,,rxn_4ee97115ae60
F2+ + OF- -> OF + F2,Ion-ion mutual neutralization,ion,mutual_neutralization,mechanical,3,pass,unknown,unknown,unknown,unknown,,,,,true,,rxn_7f8a25c7fd94
F2+ + SF2- -> SF2 + F2,Ion-ion mutual neutralization,ion,mutual_neutralization,mechanical,3,pass,pass,unknown,pass,pass,,,,rate_coefficient,true,,rxn_fd35a7b3ab93
F2+ + SF3- -> SF3 + F2,Ion-ion mutual neutralization,ion,mutual_neutralization,mechanical,3,pass,pass,unknown,pass,pass,,,,rate_coefficient,true,,rxn_6d002b0003e9
F2+ + SF4- -> SF4 + F2,Ion-ion mutual neutralization,ion,mutual_neutralization,mechanical,3,pass,pass,unknown,pass,pass,,,,rate_coefficient,true,,rxn_458ee78a06c2
F2+ + SF5- -> SF5 + F2,Ion-ion mutual neutralization,ion,mutual_neutralization,mechanical,3,pass,pass,unknown,pass,pass,,,,rate_coefficient,true,,rxn_c2213d0624ee
F2+ + SF6- -> F2 + SF6,Ion-ion mutual neutralization,ion,mutual_neutralization,mechanical,3,pass,pass,unknown,pass,pass,,,,rate_coefficient,true,,rxn_5962a13c0068
F2+ + SOF3- -> SOF3 + F2,Ion-ion mutual neutralization,ion,mutual_neutralization,mechanical,3,pass,unknown,unknown,unknown,unknown,,,,,true,,rxn_f93eee4454d7
F2+ + SOF4- -> F2 + SOF4,Ion-ion mutual neutralization,ion,mutual_neutralization,mechanical,3,pass,unknown,unknown,unknown,unknown,,,,,true,,rxn_0bce1cfd40b6
F2+ + SOF5- -> SOF5 + F2,Ion-ion mutual neutralization,ion,mutual_neutralization,mechanical,3,pass,unknown,unknown,unknown,unknown,,,,,true,,rxn_ea0f48d3c351
O+ + ArF- -> Ar + F + O,Ion-ion mutual neutralization,ion,mutual_neutralization,mechanical,3,pass,unknown,unknown,unknown,unknown,,,,,true,,rxn_ad9071ea27de
O+ + O2F- -> O2F + O,Ion-ion mutual neutralization,ion,mutual_neutralization,mechanical,3,pass,unknown,unknown,unknown,unknown,,,,,true,,rxn_9bb3356a3405
O+ + OF- -> O + OF,Ion-ion mutual neutralization,ion,mutual_neutralization,mechanical,3,pass,unknown,unknown,unknown,unknown,,,,,true,,rxn_28816bd4c04c
O+ + SF2- -> O + SF2,Ion-ion mutual neutralization,ion,mutual_neutralization,mechanical,3,pass,pass,unknown,unknown,unknown,,,,,true,,rxn_67da09fafe7d
O+ + SF3- -> O + SF3,Ion-ion mutual neutralization,ion,mutual_neutralization,mechanical,3,pass,pass,unknown,unknown,unknown,,,,,true,,rxn_bf3ca21d182e
O+ + SOF3- -> O + SOF3,Ion-ion mutual neutralization,ion,mutual_neutralization,mechanical,3,pass,unknown,unknown,unknown,unknown,,,,,true,,rxn_2dccb2972bdd
O+ + SOF4- -> O + SOF4,Ion-ion mutual neutralization,ion,mutual_neutralization,mechanical,3,pass,unknown,unknown,unknown,unknown,,,,,true,,rxn_0ac0a55421bc
O+ + SOF5- -> O + SOF5,Ion-ion mutual neutralization,ion,mutual_neutralization,mechanical,3,pass,unknown,unknown,unknown,unknown,,,,,true,,rxn_ad318c8c2d68
O2+ + ArF- -> Ar + F + O2,Ion-ion mutual neutralization,ion,mutual_neutralization,mechanical,3,pass,unknown,unknown,unknown,unknown,,,,,true,,rxn_e03db4eea618
O2+ + O2F- -> O2F + O2,Ion-ion mutual neutralization,ion,mutual_neutralization,mechanical,3,pass,unknown,unknown,unknown,unknown,,,,,true,,rxn_3bd8e8d43993
O2+ + OF- -> OF + O2,Ion-ion mutual neutralization,ion,mutual_neutralization,mechanical,3,pass,unknown,unknown,unknown,unknown,,,,,true,,rxn_daab8ec0fc79
O2+ + SF2- -> SF2 + O2,Ion-ion mutual neutralization,ion,mutual_neutralization,mechanical,3,pass,pass,unknown,unknown,unknown,,,,,true,,rxn_a0bd543cbfd4
O2+ + SF3- -> SF3 + O2,Ion-ion mutual neutralization,ion,mutual_neutralization,mechanical,3,pass,pass,unknown,unknown,unknown,,,,,true,,rxn_fcde3162db79
O2+ + SOF3- -> SOF3 + O2,Ion-ion mutual neutralization,ion,mutual_neutralization,mechanical,3,pass,unknown,unknown,unknown,unknown,,,,,true,,rxn_2fe1ae3dc33d
O2+ + SOF4- -> O2 + SOF4,Ion-ion mutual neutralization,ion,mutual_neutralization,mechanical,3,pass,unknown,unknown,unknown,unknown,,,,,true,,rxn_7c4952cd692b
O2+ + SOF5- -> SOF5 + O2,Ion-ion mutual neutralization,ion,mutual_neutralization,mechanical,3,pass,unknown,unknown,unknown,unknown,,,,,true,,rxn_14008ec56873
O2F+ + Ar- -> Ar + O2F,Ion-ion mutual neutralization,ion,mutual_neutralization,mechanical,3,pass,fail,unknown,unknown,unknown,,,,,true,,rxn_5f137e1a6bd8
O2F+ + ArF- -> Ar + F + O2F,Ion-ion mutual neutralization,ion,mutual_neutralization,mechanical,3,pass,unknown,unknown,unknown,unknown,,,,,true,,rxn_8fb52db5919c
O2F+ + F- -> F + O2F,Ion-ion mutual neutralization,ion,mutual_neutralization,mechanical,3,pass,unknown,unknown,unknown,unknown,,,,,true,,rxn_2146fb1b689b
O2F+ + F2- -> O2F + F2,Ion-ion mutual neutralization,ion,mutual_neutralization,mechanical,3,pass,unknown,unknown,unknown,unknown,,,,,true,,rxn_4a50a594f9fc
O2F+ + O- -> O2F + O,Ion-ion mutual neutralization,ion,mutual_neutralization,mechanical,3,pass,unknown,unknown,unknown,unknown,,,,,true,,rxn_0b32a005eab8
O2F+ + O2- -> O2F + O2,Ion-ion mutual neutralization,ion,mutual_neutralization,mechanical,3,pass,unknown,unknown,unknown,unknown,,,,,true,,rxn_e870e8ead60e
O2F+ + O2F- -> 2 O2F,Ion-ion mutual neutralization,ion,mutual_neutralization,mechanical,3,pass,unknown,unknown,unknown,unknown,,,,,true,,rxn_837b937f7180
O2F+ + OF- -> O2F + OF,Ion-ion mutual neutralization,ion,mutual_neutralization,mechanical,3,pass,unknown,unknown,unknown,unknown,,,,,true,,rxn_614e4e2462e5
O2F+ + SF2- -> O2F + SF2,Ion-ion mutual neutralization,ion,mutual_neutralization,mechanical,3,pass,unknown,unknown,unknown,unknown,,,,,true,,rxn_0a50f62978e3
O2F+ + SF3- -> O2F + SF3,Ion-ion mutual neutralization,ion,mutual_neutralization,mechanical,3,pass,unknown,unknown,unknown,unknown,,,,,true,,rxn_4a08c3942596
O2F+ + SF4- -> O2F + SF4,Ion-ion mutual neutralization,ion,mutual_neutralization,mechanical,3,pass,unknown,unknown,unknown,unknown,,,,,true,,rxn_f170454e9745
O2F+ + SF5- -> O2F + SF5,Ion-ion mutual neutralization,ion,mutual_neutralization,mechanical,3,pass,unknown,unknown,unknown,unknown,,,,,true,,rxn_b0a42f81ce24
O2F+ + SF6- -> O2F + SF6,Ion-ion mutual neutralization,ion,mutual_neutralization,mechanical,3,pass,unknown,unknown,unknown,unknown,,,,,true,,rxn_188f4babda56
O2F+ + SOF3- -> O2F + SOF3,Ion-ion mutual neutralization,ion,mutual_neutralization,mechanical,3,pass,unknown,unknown,unknown,unknown,,,,,true,,rxn_b1336a0e785f
O2F+ + SOF4- -> O2F + SOF4,Ion-ion mutual neutralization,ion,mutual_neutralization,mechanical,3,pass,unknown,unknown,unknown,unknown,,,,,true,,rxn_7fc3eb250f3f
O2F+ + SOF5- -> O2F + SOF5,Ion-ion mutual neutralization,ion,mutual_neutralization,mechanical,3,pass,unknown,unknown,unknown,unknown,,,,,true,,rxn_0d3fd370b32d
OF+ + Ar- -> Ar + OF,Ion-ion mutual neutralization,ion,mutual_neutralization,mechanical,3,pass,fail,unknown,unknown,unknown,,,,,true,,rxn_9dc3978d7332
OF+ + ArF- -> Ar + F + OF,Ion-ion mutual neutralization,ion,mutual_neutralization,mechanical,3,pass,unknown,unknown,unknown,unknown,,,,,true,,rxn_396073595c26
OF+ + F- -> F + OF,Ion-ion mutual neutralization,ion,mutual_neutralization,mechanical,3,pass,unknown,unknown,unknown,unknown,,,,,true,,rxn_880d67f8c8cb
OF+ + F2- -> OF + F2,Ion-ion mutual neutralization,ion,mutual_neutralization,mechanical,3,pass,unknown,unknown,unknown,unknown,,,,,true,,rxn_b1fc30edecb7
OF+ + O- -> O + OF,Ion-ion mutual neutralization,ion,mutual_neutralization,mechanical,3,pass,unknown,unknown,unknown,unknown,,,,,true,,rxn_c9097ecdf912
OF+ + O2- -> OF + O2,Ion-ion mutual neutralization,ion,mutual_neutralization,mechanical,3,pass,unknown,unknown,unknown,unknown,,,,,true,,rxn_e3ac6560730b
OF+ + O2F- -> O2F + OF,Ion-ion mutual neutralization,ion,mutual_neutralization,mechanical,3,pass,unknown,unknown,unknown,unknown,,,,,true,,rxn_aba09430f8c2
OF+ + OF- -> 2 OF,Ion-ion mutual neutralization,ion,mutual_neutralization,mechanical,3,pass,unknown,unknown,unknown,unknown,,,,,true,,rxn_de33cb2706ea
OF+ + SF2- -> OF + SF2,Ion-ion mutual neutralization,ion,mutual_neutralization,mechanical,3,pass,unknown,unknown,unknown,unknown,,,,,true,,rxn_b0e395896d67
OF+ + SF3- -> OF + SF3,Ion-ion mutual neutralization,ion,mutual_neutralization,mechanical,3,pass,unknown,unknown,unknown,unknown,,,,,true,,rxn_969212434caf
OF+ + SF4- -> OF + SF4,Ion-ion mutual neutralization,ion,mutual_neutralization,mechanical,3,pass,unknown,unknown,unknown,unknown,,,,,true,,rxn_d2fe90c5623b
OF+ + SF5- -> OF + SF5,Ion-ion mutual neutralization,ion,mutual_neutralization,mechanical,3,pass,unknown,unknown,unknown,unknown,,,,,true,,rxn_baaed37e218f
OF+ + SF6- -> OF + SF6,Ion-ion mutual neutralization,ion,mutual_neutralization,mechanical,3,pass,unknown,unknown,unknown,unknown,,,,,true,,rxn_c8f7143400ce
OF+ + SOF3- -> OF + SOF3,Ion-ion mutual neutralization,ion,mutual_neutralization,mechanical,3,pass,unknown,unknown,unknown,unknown,,,,,true,,rxn_13301ee261a8
OF+ + SOF4- -> OF + SOF4,Ion-ion mutual neutralization,ion,mutual_neutralization,mechanical,3,pass,unknown,unknown,unknown,unknown,,,,,true,,rxn_65e0bc85cd95
OF+ + SOF5- -> OF + SOF5,Ion-ion mutual neutralization,ion,mutual_neutralization,mechanical,3,pass,unknown,unknown,unknown,unknown,,,,,true,,rxn_4d37c5f2562f
SF2+ + Ar- -> Ar + SF2,Ion-ion mutual neutralization,ion,mutual_neutralization,mechanical,3,pass,fail,unknown,unknown,unknown,,,,,true,,rxn_31408ab9bb6f
SF2+ + ArF- -> Ar + F + SF2,Ion-ion mutual neutralization,ion,mutual_neutralization,mechanical,3,pass,unknown,unknown,unknown,unknown,,,,,true,,rxn_fe83172f1676
SF2+ + F- -> F + SF2,Ion-ion mutual neutralization,ion,mutual_neutralization,mechanical,3,pass,pass,pass,pass,pass,,-6.923278968523053,,rate_coefficient,true,,rxn_f7e95cb217af
SF2+ + F2- -> SF2 + F2,Ion-ion mutual neutralization,ion,mutual_neutralization,mechanical,3,pass,pass,unknown,pass,pass,,,,rate_coefficient,true,,rxn_bfb98218e86c
SF2+ + O- -> O + SF2,Ion-ion mutual neutralization,ion,mutual_neutralization,mechanical,3,pass,pass,pass,unknown,unknown,,-8.815052745110764,,,true,,rxn_83226d127d6a
SF2+ + O2- -> SF2 + O2,Ion-ion mutual neutralization,ion,mutual_neutralization,mechanical,3,pass,pass,unknown,unknown,unknown,,,,,true,,rxn_6046249d862f
SF2+ + O2F- -> O2F + SF2,Ion-ion mutual neutralization,ion,mutual_neutralization,mechanical,3,pass,unknown,unknown,unknown,unknown,,,,,true,,rxn_0d998e5058da
SF2+ + OF- -> OF + SF2,Ion-ion mutual neutralization,ion,mutual_neutralization,mechanical,3,pass,unknown,unknown,unknown,unknown,,,,,true,,rxn_ebfa6bed47a7
SF2+ + SF2- -> 2 SF2,Ion-ion mutual neutralization,ion,mutual_neutralization,mechanical,3,pass,pass,pass,pass,pass,,-9.234230304776903,,rate_coefficient,true,,rxn_13a4b0133cd3
SF2+ + SF3- -> SF2 + SF3,Ion-ion mutual neutralization,ion,mutual_neutralization,mechanical,3,pass,pass,pass,pass,pass,,-7.521816602978245,,rate_coefficient,true,,rxn_ddfda0ed8088
SF2+ + SF4- -> SF2 + SF4,Ion-ion mutual neutralization,ion,mutual_neutralization,mechanical,3,pass,pass,pass,pass,pass,,-8.985036352867652,,rate_coefficient,true,,rxn_fefeac88ae77
SF2+ + SF5- -> SF2 + SF5,Ion-ion mutual neutralization,ion,mutual_neutralization,mechanical,3,pass,pass,pass,pass,pass,,-6.549819694500838,,rate_coefficient,true,,rxn_2a12c9fab297
SF2+ + SF6- -> SF2 + SF6,Ion-ion mutual neutralization,ion,mutual_neutralization,mechanical,3,pass,pass,pass,pass,pass,,-9.024650411064759,,rate_coefficient,true,,rxn_ada290859cd4
SF2+ + SOF3- -> SF2 + SOF3,Ion-ion mutual neutralization,ion,mutual_neutralization,mechanical,3,pass,unknown,unknown,unknown,unknown,,,,,true,,rxn_b25551538d2d
SF2+ + SOF4- -> SF2 + SOF4,Ion-ion mutual neutralization,ion,mutual_neutralization,mechanical,3,pass,unknown,unknown,unknown,unknown,,,,,true,,rxn_6f1a56c3b404
SF2+ + SOF5- -> SF2 + SOF5,Ion-ion mutual neutralization,ion,mutual_neutralization,mechanical,3,pass,unknown,unknown,unknown,unknown,,,,,true,,rxn_4c1efffddbf8
SF3+ + Ar- -> Ar + SF3,Ion-ion mutual neutralization,ion,mutual_neutralization,mechanical,3,pass,fail,unknown,unknown,unknown,,,,,true,,rxn_7f0c7d33be56
SF3+ + ArF- -> Ar + F + SF3,Ion-ion mutual neutralization,ion,mutual_neutralization,mechanical,3,pass,unknown,unknown,unknown,unknown,,,,,true,,rxn_b3b61388ce04
SF3+ + F- -> F + SF3,Ion-ion mutual neutralization,ion,mutual_neutralization,mechanical,3,pass,pass,pass,pass,pass,,-5.958302453926323,,rate_coefficient,true,,rxn_e992c583f0be
SF3+ + F2- -> SF3 + F2,Ion-ion mutual neutralization,ion,mutual_neutralization,mechanical,3,pass,pass,unknown,pass,pass,,,,rate_coefficient,true,,rxn_5d82af3be268
SF3+ + O- -> O + SF3,Ion-ion mutual neutralization,ion,mutual_neutralization,mechanical,3,pass,pass,pass,unknown,unknown,,-7.850076230514033,,,true,,rxn_58cf4a3c8637
SF3+ + O2- -> SF3 + O2,Ion-ion mutual neutralization,ion,mutual_neutralization,mechanical,3,pass,pass,unknown,unknown,unknown,,,,,true,,rxn_f681f2452f94
SF3+ + O2F- -> O2F + SF3,Ion-ion mutual neutralization,ion,mutual_neutralization,mechanical,3,pass,unknown,unknown,unknown,unknown,,,,,true,,rxn_10f82d881cbf
SF3+ + OF- -> OF + SF3,Ion-ion mutual neutralization,ion,mutual_neutralization,mechanical,3,pass,unknown,unknown,unknown,unknown,,,,,true,,rxn_ebe185dbc7ab
SF3+ + SF2- -> SF2 + SF3,Ion-ion mutual neutralization,ion,mutual_neutralization,mechanical,3,pass,pass,pass,pass,pass,,-8.269253790180173,,rate_coefficient,true,,rxn_7199250410bc
SF3+ + SF3- -> 2 SF3,Ion-ion mutual neutralization,ion,mutual_neutralization,mechanical,3,pass,pass,pass,pass,pass,,-6.556840088381511,,rate_coefficient,true,,rxn_b18de08a976c
SF3+ + SF4- -> SF3 + SF4,Ion-ion mutual neutralization,ion,mutual_neutralization,mechanical,3,pass,pass,pass,pass,pass,,-8.02005983827092,,rate_coefficient,true,,rxn_5a2d5433dddb
SF3+ + SF5- -> SF3 + SF5,Ion-ion mutual neutralization,ion,mutual_neutralization,mechanical,3,pass,pass,pass,pass,pass,,-5.584843179904105,,rate_coefficient,true,,rxn_c900b497a659
SF3+ + SF6- -> SF3 + SF6,Ion-ion mutual neutralization,ion,mutual_neutralization,mechanical,3,pass,pass,pass,pass,pass,,-8.059673896468025,,rate_coefficient,true,,rxn_f4d6da194f1e
SF3+ + SOF3- -> SF3 + SOF3,Ion-ion mutual neutralization,ion,mutual_neutralization,mechanical,3,pass,unknown,unknown,unknown,unknown,,,,,true,,rxn_56da2771c059
SF3+ + SOF4- -> SF3 + SOF4,Ion-ion mutual neutralization,ion,mutual_neutralization,mechanical,3,pass,unknown,unknown,unknown,unknown,,,,,true,,rxn_25d91b0f9bb6
SF3+ + SOF5- -> SF3 + SOF5,Ion-ion mutual neutralization,ion,mutual_neutralization,mechanical,3,pass,unknown,unknown,unknown,unknown,,,,,true,,rxn_d678854cea4f
SF4+ + ArF- -> Ar + F + SF4,Ion-ion mutual neutralization,ion,mutual_neutralization,mechanical,3,pass,unknown,unknown,unknown,unknown,,,,,true,,rxn_dad759647ab3
SF4+ + O2F- -> O2F + SF4,Ion-ion mutual neutralization,ion,mutual_neutralization,mechanical,3,pass,unknown,unknown,unknown,unknown,,,,,true,,rxn_4534c6d8dbd0
SF4+ + OF- -> OF + SF4,Ion-ion mutual neutralization,ion,mutual_neutralization,mechanical,3,pass,unknown,unknown,unknown,unknown,,,,,true,,rxn_0fa9dfd42a28
SF4+ + SF2- -> SF2 + SF4,Ion-ion mutual neutralization,ion,mutual_neutralization,mechanical,3,pass,pass,pass,pass,pass,,-11.075467217703414,,rate_coefficient,true,,rxn_81f8db5f90ee
SF4+ + SF3- -> SF3 + SF4,Ion-ion mutual neutralization,ion,mutual_neutralization,mechanical,3,pass,pass,pass,pass,pass,,-9.363053515904756,,rate_coefficient,true,,rxn_e7a11d8aa9ab
SF4+ + SOF3- -> SF4 + SOF3,Ion-ion mutual neutralization,ion,mutual_neutralization,mechanical,3,pass,unknown,unknown,unknown,unknown,,,,,true,,rxn_80d053732bf2
SF4+ + SOF4- -> SF4 + SOF4,Ion-ion mutual neutralization,ion,mutual_neutralization,mechanical,3,pass,unknown,unknown,unknown,unknown,,,,,true,,rxn_1c9345bb0870
SF4+ + SOF5- -> SF4 + SOF5,Ion-ion mutual neutralization,ion,mutual_neutralization,mechanical,3,pass,unknown,unknown,unknown,unknown,,,,,true,,rxn_634349926eef
SF5+ + ArF- -> Ar + F + SF5,Ion-ion mutual neutralization,ion,mutual_neutralization,mechanical,3,pass,unknown,unknown,unknown,unknown,,,,,true,,rxn_ee43f74c63f2
SF5+ + O2F- -> O2F + SF5,Ion-ion mutual neutralization,ion,mutual_neutralization,mechanical,3,pass,unknown,unknown,unknown,unknown,,,,,true,,rxn_14ffbf103551
SF5+ + OF- -> OF + SF5,Ion-ion mutual neutralization,ion,mutual_neutralization,mechanical,3,pass,unknown,unknown,unknown,unknown,,,,,true,,rxn_16c79e302861
SF5+ + SF2- -> SF2 + SF5,Ion-ion mutual neutralization,ion,mutual_neutralization,mechanical,3,pass,pass,pass,pass,pass,,-10.136169144965372,,rate_coefficient,true,,rxn_6f148a715564
SF5+ + SF3- -> SF3 + SF5,Ion-ion mutual neutralization,ion,mutual_neutralization,mechanical,3,pass,pass,pass,pass,pass,,-8.423755443166712,,rate_coefficient,true,,rxn_56879539a045
SF5+ + SOF3- -> SF5 + SOF3,Ion-ion mutual neutralization,ion,mutual_neutralization,mechanical,3,pass,unknown,unknown,unknown,unknown,,,,,true,,rxn_5616683ca7eb
SF5+ + SOF4- -> SF5 + SOF4,Ion-ion mutual neutralization,ion,mutual_neutralization,mechanical,3,pass,unknown,unknown,unknown,unknown,,,,,true,,rxn_a3bf5539ee74
SF5+ + SOF5- -> SF5 + SOF5,Ion-ion mutual neutralization,ion,mutual_neutralization,mechanical,3,pass,unknown,unknown,unknown,unknown,,,,,true,,rxn_e157ad4c7272
SF6+ + ArF- -> Ar + F + SF6,Ion-ion mutual neutralization,ion,mutual_neutralization,mechanical,3,pass,unknown,unknown,unknown,unknown,,,,,true,,rxn_ecf691bd3257
SF6+ + O2F- -> O2F + SF6,Ion-ion mutual neutralization,ion,mutual_neutralization,mechanical,3,pass,unknown,unknown,unknown,unknown,,,,,true,,rxn_5aa931bf804f
SF6+ + OF- -> OF + SF6,Ion-ion mutual neutralization,ion,mutual_neutralization,mechanical,3,pass,unknown,unknown,unknown,unknown,,,,,true,,rxn_f4dab2f39400
SF6+ + SF2- -> SF2 + SF6,Ion-ion mutual neutralization,ion,mutual_neutralization,mechanical,3,pass,unknown,unknown,unknown,unknown,,,,,true,,rxn_4fc85c56954c
SF6+ + SF3- -> SF3 + SF6,Ion-ion mutual neutralization,ion,mutual_neutralization,mechanical,3,pass,unknown,unknown,unknown,unknown,,,,,true,,rxn_bfc500e56e24
SF6+ + SOF3- -> SOF3 + SF6,Ion-ion mutual neutralization,ion,mutual_neutralization,mechanical,3,pass,unknown,unknown,unknown,unknown,,,,,true,,rxn_657a70576cda
SF6+ + SOF4- -> SF6 + SOF4,Ion-ion mutual neutralization,ion,mutual_neutralization,mechanical,3,pass,unknown,unknown,unknown,unknown,,,,,true,,rxn_26aacfe47b9f
SF6+ + SOF5- -> SOF5 + SF6,Ion-ion mutual neutralization,ion,mutual_neutralization,mechanical,3,pass,unknown,unknown,unknown,unknown,,,,,true,,rxn_0a9811ff0df5
SOF3+ + Ar- -> Ar + SOF3,Ion-ion mutual neutralization,ion,mutual_neutralization,mechanical,3,pass,fail,unknown,unknown,unknown,,,,,true,,rxn_4ec1484878ae
SOF3+ + ArF- -> Ar + F + SOF3,Ion-ion mutual neutralization,ion,mutual_neutralization,mechanical,3,pass,unknown,unknown,unknown,unknown,,,,,true,,rxn_8d9ac7676d46
SOF3+ + F- -> F + SOF3,Ion-ion mutual neutralization,ion,mutual_neutralization,mechanical,3,pass,unknown,unknown,unknown,unknown,,,,,true,,rxn_4790a9e14e36
SOF3+ + F2- -> SOF3 + F2,Ion-ion mutual neutralization,ion,mutual_neutralization,mechanical,3,pass,unknown,unknown,unknown,unknown,,,,,true,,rxn_bbffd9af8d43
SOF3+ + O- -> O + SOF3,Ion-ion mutual neutralization,ion,mutual_neutralization,mechanical,3,pass,unknown,unknown,unknown,unknown,,,,,true,,rxn_9c44980f7127
SOF3+ + O2- -> SOF3 + O2,Ion-ion mutual neutralization,ion,mutual_neutralization,mechanical,3,pass,unknown,unknown,unknown,unknown,,,,,true,,rxn_e9e951f8b9d3
SOF3+ + O2F- -> O2F + SOF3,Ion-ion mutual neutralization,ion,mutual_neutralization,mechanical,3,pass,unknown,unknown,unknown,unknown,,,,,true,,rxn_790429c678e4
SOF3+ + OF- -> OF + SOF3,Ion-ion mutual neutralization,ion,mutual_neutralization,mechanical,3,pass,unknown,unknown,unknown,unknown,,,,,true,,rxn_686d61d8dcf3
SOF3+ + SF2- -> SF2 + SOF3,Ion-ion mutual neutralization,ion,mutual_neutralization,mechanical,3,pass,unknown,unknown,unknown,unknown,,,,,true,,rxn_969a21ec9607
SOF3+ + SF3- -> SF3 + SOF3,Ion-ion mutual neutralization,ion,mutual_neutralization,mechanical,3,pass,unknown,unknown,unknown,unknown,,,,,true,,rxn_dff7b87bd799
SOF3+ + SF4- -> SF4 + SOF3,Ion-ion mutual neutralization,ion,mutual_neutralization,mechanical,3,pass,unknown,unknown,unknown,unknown,,,,,true,,rxn_e48078e4368f
SOF3+ + SF5- -> SF5 + SOF3,Ion-ion mutual neutralization,ion,mutual_neutralization,mechanical,3,pass,unknown,unknown,unknown,unknown,,,,,true,,rxn_bfc9324e1740
SOF3+ + SF6- -> SOF3 + SF6,Ion-ion mutual neutralization,ion,mutual_neutralization,mechanical,3,pass,unknown,unknown,unknown,unknown,,,,,true,,rxn_8107fe35be22
SOF3+ + SOF3- -> 2 SOF3,Ion-ion mutual neutralization,ion,mutual_neutralization,mechanical,3,pass,unknown,unknown,unknown,unknown,,,,,true,,rxn_803b20044bbf
SOF3+ + SOF4- -> SOF3 + SOF4,Ion-ion mutual neutralization,ion,mutual_neutralization,mechanical,3,pass,unknown,unknown,unknown,unknown,,,,,true,,rxn_161439c1e81b
SOF3+ + SOF5- -> SOF3 + SOF5,Ion-ion mutual neutralization,ion,mutual_neutralization,mechanical,3,pass,unknown,unknown,unknown,unknown,,,,,true,,rxn_ac32e8385d46
SOF4+ + Ar- -> Ar + SOF4,Ion-ion mutual neutralization,ion,mutual_neutralization,mechanical,3,pass,fail,unknown,unknown,unknown,,,,,true,,rxn_41b78d47df28
SOF4+ + ArF- -> Ar + F + SOF4,Ion-ion mutual neutralization,ion,mutual_neutralization,mechanical,3,pass,unknown,unknown,unknown,unknown,,,,,true,,rxn_b08489ea682a
SOF4+ + F- -> F + SOF4,Ion-ion mutual neutralization,ion,mutual_neutralization,mechanical,3,pass,unknown,unknown,unknown,unknown,,,,,true,,rxn_b1db214157ff
SOF4+ + F2- -> F2 + SOF4,Ion-ion mutual neutralization,ion,mutual_neutralization,mechanical,3,pass,unknown,unknown,unknown,unknown,,,,,true,,rxn_efbac002d32f
SOF4+ + O- -> O + SOF4,Ion-ion mutual neutralization,ion,mutual_neutralization,mechanical,3,pass,unknown,unknown,unknown,unknown,,,,,true,,rxn_2e1bf0f82c0e
SOF4+ + O2- -> O2 + SOF4,Ion-ion mutual neutralization,ion,mutual_neutralization,mechanical,3,pass,unknown,unknown,unknown,unknown,,,,,true,,rxn_5b91806ca132
SOF4+ + O2F- -> O2F + SOF4,Ion-ion mutual neutralization,ion,mutual_neutralization,mechanical,3,pass,unknown,unknown,unknown,unknown,,,,,true,,rxn_c0a09830ed55
SOF4+ + OF- -> OF + SOF4,Ion-ion mutual neutralization,ion,mutual_neutralization,mechanical,3,pass,unknown,unknown,unknown,unknown,,,,,true,,rxn_c5ef92d3f3f6
SOF4+ + SF2- -> SF2 + SOF4,Ion-ion mutual neutralization,ion,mutual_neutralization,mechanical,3,pass,unknown,unknown,unknown,unknown,,,,,true,,rxn_3eccba292574
SOF4+ + SF3- -> SF3 + SOF4,Ion-ion mutual neutralization,ion,mutual_neutralization,mechanical,3,pass,unknown,unknown,unknown,unknown,,,,,true,,rxn_d735fff27fc4
SOF4+ + SF4- -> SF4 + SOF4,Ion-ion mutual neutralization,ion,mutual_neutralization,mechanical,3,pass,unknown,unknown,unknown,unknown,,,,,true,,rxn_1dadee47020a
SOF4+ + SF5- -> SF5 + SOF4,Ion-ion mutual neutralization,ion,mutual_neutralization,mechanical,3,pass,unknown,unknown,unknown,unknown,,,,,true,,rxn_5e52d3e91a37
SOF4+ + SF6- -> SF6 + SOF4,Ion-ion mutual neutralization,ion,mutual_neutralization,mechanical,3,pass,unknown,unknown,unknown,unknown,,,,,true,,rxn_bcde09d3c63a
SOF4+ + SOF3- -> SOF3 + SOF4,Ion-ion mutual neutralization,ion,mutual_neutralization,mechanical,3,pass,unknown,unknown,unknown,unknown,,,,,true,,rxn_19abf4a6e9b7
SOF4+ + SOF4- -> 2 SOF4,Ion-ion mutual neutralization,ion,mutual_neutralization,mechanical,3,pass,unknown,unknown,unknown,unknown,,,,,true,,rxn_24d5ab97fec8
SOF4+ + SOF5- -> SOF5 + SOF4,Ion-ion mutual neutralization,ion,mutual_neutralization,mechanical,3,pass,unknown,unknown,unknown,unknown,,,,,true,,rxn_b60087cfee7f
SOF5+ + Ar- -> Ar + SOF5,Ion-ion mutual neutralization,ion,mutual_neutralization,mechanical,3,pass,fail,unknown,unknown,unknown,,,,,true,,rxn_2c47e3f0c252
SOF5+ + ArF- -> Ar + F + SOF5,Ion-ion mutual neutralization,ion,mutual_neutralization,mechanical,3,pass,unknown,unknown,unknown,unknown,,,,,true,,rxn_cc0910531bfa
SOF5+ + F- -> F + SOF5,Ion-ion mutual neutralization,ion,mutual_neutralization,mechanical,3,pass,unknown,unknown,unknown,unknown,,,,,true,,rxn_28edf389c3db
SOF5+ + F2- -> SOF5 + F2,Ion-ion mutual neutralization,ion,mutual_neutralization,mechanical,3,pass,unknown,unknown,unknown,unknown,,,,,true,,rxn_f2590b888f50
SOF5+ + O- -> O + SOF5,Ion-ion mutual neutralization,ion,mutual_neutralization,mechanical,3,pass,unknown,unknown,unknown,unknown,,,,,true,,rxn_a89e4d220b9a
SOF5+ + O2- -> SOF5 + O2,Ion-ion mutual neutralization,ion,mutual_neutralization,mechanical,3,pass,unknown,unknown,unknown,unknown,,,,,true,,rxn_81ed55b9501f
SOF5+ + O2F- -> O2F + SOF5,Ion-ion mutual neutralization,ion,mutual_neutralization,mechanical,3,pass,unknown,unknown,unknown,unknown,,,,,true,,rxn_db910481f57f
SOF5+ + OF- -> OF + SOF5,Ion-ion mutual neutralization,ion,mutual_neutralization,mechanical,3,pass,unknown,unknown,unknown,unknown,,,,,true,,rxn_be810f84c178
SOF5+ + SF2- -> SF2 + SOF5,Ion-ion mutual neutralization,ion,mutual_neutralization,mechanical,3,pass,unknown,unknown,unknown,unknown,,,,,true,,rxn_82e818327aef
SOF5+ + SF3- -> SF3 + SOF5,Ion-ion mutual neutralization,ion,mutual_neutralization,mechanical,3,pass,unknown,unknown,unknown,unknown,,,,,true,,rxn_f4119051c3c7
SOF5+ + SF4- -> SF4 + SOF5,Ion-ion mutual neutralization,ion,mutual_neutralization,mechanical,3,pass,unknown,unknown,unknown,unknown,,,,,true,,rxn_ae399caf261d
SOF5+ + SF5- -> SF5 + SOF5,Ion-ion mutual neutralization,ion,mutual_neutralization,mechanical,3,pass,unknown,unknown,unknown,unknown,,,,,true,,rxn_10313fc0aec8
SOF5+ + SF6- -> SOF5 + SF6,Ion-ion mutual neutralization,ion,mutual_neutralization,mechanical,3,pass,unknown,unknown,unknown,unknown,,,,,true,,rxn_ff14e2911c1f
SOF5+ + SOF3- -> SOF3 + SOF5,Ion-ion mutual neutralization,ion,mutual_neutralization,mechanical,3,pass,unknown,unknown,unknown,unknown,,,,,true,,rxn_107230e0ead9
SOF5+ + SOF4- -> SOF5 + SOF4,Ion-ion mutual neutralization,ion,mutual_neutralization,mechanical,3,pass,unknown,unknown,unknown,unknown,,,,,true,,rxn_233c4f6790ec
SOF5+ + SOF5- -> 2 SOF5,Ion-ion mutual neutralization,ion,mutual_neutralization,mechanical,3,pass,unknown,unknown,unknown,unknown,,,,,true,,rxn_f58566a772ca
F2+ + Ar -> F+ + Ar + F,Projectile-ion dissociation,ion,projectile_dissociation,mechanical,3,pass,pass,unknown,unknown,unknown,,,,,true,,rxn_89e04b6ebc8e
F2+ + F -> F+ + 2 F,Projectile-ion dissociation,ion,projectile_dissociation,mechanical,3,pass,pass,unknown,unknown,unknown,,,,,true,,rxn_69b487eb4389
F2+ + F2 -> F+ + F + F2,Projectile-ion dissociation,ion,projectile_dissociation,mechanical,3,pass,pass,unknown,unknown,unknown,,,,,true,,rxn_4595b2e45c6a
F2+ + O -> F+ + F + O,Projectile-ion dissociation,ion,projectile_dissociation,mechanical,3,pass,pass,unknown,unknown,unknown,,,,,true,,rxn_21134c9d71a5
F2+ + O2 -> F+ + F + O2,Projectile-ion dissociation,ion,projectile_dissociation,mechanical,3,pass,pass,unknown,unknown,unknown,,,,,true,,rxn_eb1e8d88d6f4
F2+ + O2F -> F+ + F + O2F,Projectile-ion dissociation,ion,projectile_dissociation,mechanical,3,pass,unknown,unknown,unknown,unknown,,,,,true,,rxn_5ac1c96eae3e
F2+ + SF2 -> F+ + F + SF2,Projectile-ion dissociation,ion,projectile_dissociation,mechanical,3,pass,pass,unknown,unknown,unknown,,,,,true,,rxn_f6f312788b34
F2+ + SF3 -> F+ + F + SF3,Projectile-ion dissociation,ion,projectile_dissociation,mechanical,3,pass,pass,unknown,unknown,unknown,,,,,true,,rxn_91a77a1c3592
F2+ + SF4 -> F+ + F + SF4,Projectile-ion dissociation,ion,projectile_dissociation,mechanical,3,pass,pass,unknown,unknown,unknown,,,,,true,,rxn_2b0d385e7cc8
F2+ + SF5 -> F+ + F + SF5,Projectile-ion dissociation,ion,projectile_dissociation,mechanical,3,pass,pass,unknown,unknown,unknown,,,,,true,,rxn_fd9e3cf91570
F2+ + SF6 -> F+ + F + SF6,Projectile-ion dissociation,ion,projectile_dissociation,mechanical,3,pass,pass,unknown,unknown,unknown,,,,,true,,rxn_d885ba04f1df
O2F+ + Ar -> F+ + Ar + O2,Projectile-ion dissociation,ion,projectile_dissociation,mechanical,3,pass,unknown,unknown,unknown,unknown,,,,,true,,rxn_5c0b998df0f0
O2F+ + Ar -> OF+ + Ar + O,Projectile-ion dissociation,ion,projectile_dissociation,mechanical,3,pass,unknown,unknown,unknown,unknown,,,,,true,,rxn_597aaabba8b6
O2F+ + F -> F+ + F + O2,Projectile-ion dissociation,ion,projectile_dissociation,mechanical,3,pass,unknown,unknown,unknown,unknown,,,,,true,,rxn_b59bf3a4c7ef
O2F+ + F -> OF+ + F + O,Projectile-ion dissociation,ion,projectile_dissociation,mechanical,3,pass,unknown,unknown,unknown,unknown,,,,,true,,rxn_15b68cda7754
O2F+ + O -> F+ + O + O2,Projectile-ion dissociation,ion,projectile_dissociation,mechanical,3,pass,unknown,unknown,unknown,unknown,,,,,true,,rxn_694202318c87
O2F+ + O -> OF+ + 2 O,Projectile-ion dissociation,ion,projectile_dissociation,mechanical,3,pass,unknown,unknown,unknown,unknown,,,,,true,,rxn_3c12c6177276
O2F+ + O2 -> F+ + 2 O2,Projectile-ion dissociation,ion,projectile_dissociation,mechanical,3,pass,unknown,unknown,unknown,unknown,,,,,true,,rxn_03595097f235
O2F+ + O2 -> OF+ + O + O2,Projectile-ion dissociation,ion,projectile_dissociation,mechanical,3,pass,unknown,unknown,unknown,unknown,,,,,true,,rxn_31dc75700f72
O2F+ + O2F -> F+ + O2F + O2,Projectile-ion dissociation,ion,projectile_dissociation,mechanical,3,pass,unknown,unknown,unknown,unknown,,,,,true,,rxn_25f7776f9dbe
O2F+ + O2F -> OF+ + O2F + O,Projectile-ion dissociation,ion,projectile_dissociation,mechanical,3,pass,unknown,unknown,unknown,unknown,,,,,true,,rxn_45ac84e45172
O2F+ + SF2 -> F+ + SF2 + O2,Projectile-ion dissociation,ion,projectile_dissociation,mechanical,3,pass,unknown,unknown,unknown,unknown,,,,,true,,rxn_93e9dfd65fe0
O2F+ + SF2 -> OF+ + O + SF2,Projectile-ion dissociation,ion,projectile_dissociation,mechanical,3,pass,unknown,unknown,unknown,unknown,,,,,true,,rxn_a3946c0ad5b9
O2F+ + SF3 -> F+ + SF3 + O2,Projectile-ion dissociation,ion,projectile_dissociation,mechanical,3,pass,unknown,unknown,unknown,unknown,,,,,true,,rxn_89c683b901ea
O2F+ + SF3 -> OF+ + O + SF3,Projectile-ion dissociation,ion,projectile_dissociation,mechanical,3,pass,unknown,unknown,unknown,unknown,,,,,true,,rxn_a51a79bb1048
O2F+ + SF4 -> F+ + SF4 + O2,Projectile-ion dissociation,ion,projectile_dissociation,mechanical,3,pass,unknown,unknown,unknown,unknown,,,,,true,,rxn_1709c0daf728
O2F+ + SF4 -> OF+ + O + SF4,Projectile-ion dissociation,ion,projectile_dissociation,mechanical,3,pass,unknown,unknown,unknown,unknown,,,,,true,,rxn_f299d47d974b
O2F+ + SF5 -> F+ + SF5 + O2,Projectile-ion dissociation,ion,projectile_dissociation,mechanical,3,pass,unknown,unknown,unknown,unknown,,,,,true,,rxn_a641ea37f4c4
O2F+ + SF5 -> OF+ + O + SF5,Projectile-ion dissociation,ion,projectile_dissociation,mechanical,3,pass,unknown,unknown,unknown,unknown,,,,,true,,rxn_13f56599871e
O2F+ + SF6 -> F+ + O2 + SF6,Projectile-ion dissociation,ion,projectile_dissociation,mechanical,3,pass,unknown,unknown,unknown,unknown,,,,,true,,rxn_513566dda5f1
O2F+ + SF6 -> OF+ + O + SF6,Projectile-ion dissociation,ion,projectile_dissociation,mechanical,3,pass,unknown,unknown,unknown,unknown,,,,,true,,rxn_81933c260a5d
O2F- + Ar -> F- + Ar + O2,Projectile-ion dissociation,ion,projectile_dissociation,mechanical,3,pass,unknown,unknown,unknown,unknown,,,,,true,,rxn_9c27b42c4b07
O2F- + Ar -> OF- + Ar + O,Projectile-ion dissociation,ion,projectile_dissociation,mechanical,3,pass,unknown,unknown,unknown,unknown,,,,,true,,rxn_ecb371a296f6
O2F- + F -> F- + F + O2,Projectile-ion dissociation,ion,projectile_dissociation,mechanical,3,pass,unknown,unknown,unknown,unknown,,,,,true,,rxn_7d90ae446152
O2F- + F -> OF- + F + O,Projectile-ion dissociation,ion,projectile_dissociation,mechanical,3,pass,unknown,unknown,unknown,unknown,,,,,true,,rxn_7ad4f74cbc1f
O2F- + O -> F- + O + O2,Projectile-ion dissociation,ion,projectile_dissociation,mechanical,3,pass,unknown,unknown,unknown,unknown,,,,,true,,rxn_7f48af975d9f
O2F- + O -> OF- + 2 O,Projectile-ion dissociation,ion,projectile_dissociation,mechanical,3,pass,unknown,unknown,unknown,unknown,,,,,true,,rxn_004c444c5ea0
O2F- + O2 -> F- + 2 O2,Projectile-ion dissociation,ion,projectile_dissociation,mechanical,3,pass,unknown,unknown,unknown,unknown,,,,,true,,rxn_7526d7106234
O2F- + O2 -> OF- + O + O2,Projectile-ion dissociation,ion,projectile_dissociation,mechanical,3,pass,unknown,unknown,unknown,unknown,,,,,true,,rxn_bcb987c30ad8
O2F- + O2F -> F- + O2F + O2,Projectile-ion dissociation,ion,projectile_dissociation,mechanical,3,pass,unknown,unknown,unknown,unknown,,,,,true,,rxn_04d0d57bb21a
O2F- + O2F -> OF- + O2F + O,Projectile-ion dissociation,ion,projectile_dissociation,mechanical,3,pass,unknown,unknown,unknown,unknown,,,,,true,,rxn_7f9f64094da3
O2F- + SF2 -> F- + SF2 + O2,Projectile-ion dissociation,ion,projectile_dissociation,mechanical,3,pass,unknown,unknown,unknown,unknown,,,,,true,,rxn_4ef8ce19ff6f
O2F- + SF2 -> OF- + O + SF2,Projectile-ion dissociation,ion,projectile_dissociation,mechanical,3,pass,unknown,unknown,unknown,unknown,,,,,true,,rxn_6c4314f3225c
O2F- + SF3 -> F- + SF3 + O2,Projectile-ion dissociation,ion,projectile_dissociation,mechanical,3,pass,unknown,unknown,unknown,unknown,,,,,true,,rxn_ed152b110427
O2F- + SF3 -> OF- + O + SF3,Projectile-ion dissociation,ion,projectile_dissociation,mechanical,3,pass,unknown,unknown,unknown,unknown,,,,,true,,rxn_4ac161ec0f9e
O2F- + SF4 -> F- + SF4 + O2,Projectile-ion dissociation,ion,projectile_dissociation,mechanical,3,pass,unknown,unknown,unknown,unknown,,,,,true,,rxn_78dd359b49f7
O2F- + SF4 -> OF- + O + SF4,Projectile-ion dissociation,ion,projectile_dissociation,mechanical,3,pass,unknown,unknown,unknown,unknown,,,,,true,,rxn_b7f2805b53dc
O2F- + SF5 -> F- + SF5 + O2,Projectile-ion dissociation,ion,projectile_dissociation,mechanical,3,pass,unknown,unknown,unknown,unknown,,,,,true,,rxn_3ccbb3948f05
O2F- + SF5 -> OF- + O + SF5,Projectile-ion dissociation,ion,projectile_dissociation,mechanical,3,pass,unknown,unknown,unknown,unknown,,,,,true,,rxn_43c13100fe73
O2F- + SF6 -> F- + O2 + SF6,Projectile-ion dissociation,ion,projectile_dissociation,mechanical,3,pass,unknown,unknown,unknown,unknown,,,,,true,,rxn_d034cff75301
O2F- + SF6 -> OF- + O + SF6,Projectile-ion dissociation,ion,projectile_dissociation,mechanical,3,pass,unknown,unknown,unknown,unknown,,,,,true,,rxn_d4d00530e6be
OF+ + Ar -> O+ + Ar + F,Projectile-ion dissociation,ion,projectile_dissociation,mechanical,3,pass,unknown,unknown,unknown,unknown,,,,,true,,rxn_e3f75a5b769d
OF+ + F -> O+ + 2 F,Projectile-ion dissociation,ion,projectile_dissociation,mechanical,3,pass,unknown,unknown,unknown,unknown,,,,,true,,rxn_29acf52669c7
OF+ + O -> O+ + F + O,Projectile-ion dissociation,ion,projectile_dissociation,mechanical,3,pass,unknown,unknown,unknown,unknown,,,,,true,,rxn_3303a9736b6d
OF+ + O2 -> O+ + F + O2,Projectile-ion dissociation,ion,projectile_dissociation,mechanical,3,pass,unknown,unknown,unknown,unknown,,,,,true,,rxn_08fb3dad353e
OF+ + O2F -> O+ + F + O2F,Projectile-ion dissociation,ion,projectile_dissociation,mechanical,3,pass,unknown,unknown,unknown,unknown,,,,,true,,rxn_476880977b7d
OF+ + OF -> O+ + F + OF,Projectile-ion dissociation,ion,projectile_dissociation,mechanical,3,pass,unknown,unknown,unknown,unknown,,,,,true,,rxn_55d115ae1baf
OF+ + SF2 -> O+ + F + SF2,Projectile-ion dissociation,ion,projectile_dissociation,mechanical,3,pass,unknown,unknown,unknown,unknown,,,,,true,,rxn_7bffe6f3fc73
OF+ + SF3 -> O+ + F + SF3,Projectile-ion dissociation,ion,projectile_dissociation,mechanical,3,pass,unknown,unknown,unknown,unknown,,,,,true,,rxn_b3c57a887b2e
OF+ + SF4 -> O+ + F + SF4,Projectile-ion dissociation,ion,projectile_dissociation,mechanical,3,pass,unknown,unknown,unknown,unknown,,,,,true,,rxn_d4758b1e3fda
OF+ + SF5 -> O+ + F + SF5,Projectile-ion dissociation,ion,projectile_dissociation,mechanical,3,pass,unknown,unknown,unknown,unknown,,,,,true,,rxn_220de33a5f75
OF+ + SF6 -> O+ + F + SF6,Projectile-ion dissociation,ion,projectile_dissociation,mechanical,3,pass,unknown,unknown,unknown,unknown,,,,,true,,rxn_67890e406381
OF- + Ar -> O- + Ar + F,Projectile-ion dissociation,ion,projectile_dissociation,mechanical,3,pass,unknown,unknown,unknown,unknown,,,,,true,,rxn_93348ff31bee
OF- + F -> O- + 2 F,Projectile-ion dissociation,ion,projectile_dissociation,mechanical,3,pass,unknown,unknown,unknown,unknown,,,,,true,,rxn_9c657e638ce4
OF- + O -> O- + F + O,Projectile-ion dissociation,ion,projectile_dissociation,mechanical,3,pass,unknown,unknown,unknown,unknown,,,,,true,,rxn_c791a6a3095c
OF- + O2 -> O- + F + O2,Projectile-ion dissociation,ion,projectile_dissociation,mechanical,3,pass,unknown,unknown,unknown,unknown,,,,,true,,rxn_1179362eae8c
OF- + O2F -> O- + F + O2F,Projectile-ion dissociation,ion,projectile_dissociation,mechanical,3,pass,unknown,unknown,unknown,unknown,,,,,true,,rxn_93f19c6c1141
OF- + OF -> O- + F + OF,Projectile-ion dissociation,ion,projectile_dissociation,mechanical,3,pass,unknown,unknown,unknown,unknown,,,,,true,,rxn_cfd7ed65fb88
OF- + SF2 -> O- + F + SF2,Projectile-ion dissociation,ion,projectile_dissociation,mechanical,3,pass,unknown,unknown,unknown,unknown,,,,,true,,rxn_8f535fdfb6ad
OF- + SF3 -> O- + F + SF3,Projectile-ion dissociation,ion,projectile_dissociation,mechanical,3,pass,unknown,unknown,unknown,unknown,,,,,true,,rxn_7ad157152784
OF- + SF4 -> O- + F + SF4,Projectile-ion dissociation,ion,projectile_dissociation,mechanical,3,pass,unknown,unknown,unknown,unknown,,,,,true,,rxn_b07ed39ae7cf
OF- + SF5 -> O- + F + SF5,Projectile-ion dissociation,ion,projectile_dissociation,mechanical,3,pass,unknown,unknown,unknown,unknown,,,,,true,,rxn_1ee74f805302
OF- + SF6 -> O- + F + SF6,Projectile-ion dissociation,ion,projectile_dissociation,mechanical,3,pass,unknown,unknown,unknown,unknown,,,,,true,,rxn_8857cf48224e
SF2+ + Ar -> S+ + Ar + F2,Projectile-ion dissociation,ion,projectile_dissociation,mechanical,3,pass,pass,pass,unknown,unknown,,5.582469853247613,,,true,,rxn_ebbc0505bf08
SF2+ + Ar -> SF+ + Ar + F,Projectile-ion dissociation,ion,projectile_dissociation,mechanical,3,pass,pass,pass,unknown,unknown,,3.3174230137147167,,,true,,rxn_0afee718abb1
SF2+ + F -> S+ + F + F2,Projectile-ion dissociation,ion,projectile_dissociation,mechanical,3,pass,pass,pass,unknown,unknown,,5.5824698532476145,,,true,,rxn_bb2f8ef50e1a
SF2+ + F -> SF+ + 2 F,Projectile-ion dissociation,ion,projectile_dissociation,mechanical,3,pass,pass,pass,unknown,unknown,,3.3174230137147163,,,true,,rxn_667c4a3056ff
SF2+ + O -> S+ + O + F2,Projectile-ion dissociation,ion,projectile_dissociation,mechanical,3,pass,pass,pass,unknown,unknown,,5.5824698532476145,,,true,,rxn_ace3c20d8a26
SF2+ + O -> SF+ + F + O,Projectile-ion dissociation,ion,projectile_dissociation,mechanical,3,pass,pass,pass,unknown,unknown,,3.3174230137147154,,,true,,rxn_fed99371594f
SF2+ + O2 -> S+ + F2 + O2,Projectile-ion dissociation,ion,projectile_dissociation,mechanical,3,pass,pass,pass,unknown,unknown,,5.5824698532476145,,,true,,rxn_34d333f31200
SF2+ + O2 -> SF+ + F + O2,Projectile-ion dissociation,ion,projectile_dissociation,mechanical,3,pass,pass,pass,unknown,unknown,,3.3174230137147167,,,true,,rxn_29dd3f3d722e
SF2+ + O2F -> S+ + O2F + F2,Projectile-ion dissociation,ion,projectile_dissociation,mechanical,3,pass,unknown,unknown,unknown,unknown,,,,,true,,rxn_e5613b7bd641
SF2+ + O2F -> SF+ + F + O2F,Projectile-ion dissociation,ion,projectile_dissociation,mechanical,3,pass,unknown,unknown,unknown,unknown,,,,,true,,rxn_a4a892fb39b2
SF2+ + SF2 -> S+ + SF2 + F2,Projectile-ion dissociation,ion,projectile_dissociation,mechanical,3,pass,pass,pass,unknown,unknown,,5.5824698532476145,,,true,,rxn_e4c6451a3f95
SF2+ + SF2 -> SF+ + F + SF2,Projectile-ion dissociation,ion,projectile_dissociation,mechanical,3,pass,pass,pass,unknown,unknown,,3.3174230137147154,,,true,,rxn_b8268853b696
SF2+ + SF3 -> S+ + SF3 + F2,Projectile-ion dissociation,ion,projectile_dissociation,mechanical,3,pass,pass,pass,unknown,unknown,,5.5824698532476145,,,true,,rxn_fde5d58741bb
SF2+ + SF3 -> SF+ + F + SF3,Projectile-ion dissociation,ion,projectile_dissociation,mechanical,3,pass,pass,pass,unknown,unknown,,3.3174230137147163,,,true,,rxn_c7eb7e5b8a59
SF2+ + SF4 -> S+ + SF4 + F2,Projectile-ion dissociation,ion,projectile_dissociation,mechanical,3,pass,pass,pass,unknown,unknown,,5.5824698532476145,,,true,,rxn_b24f48a1557c
SF2+ + SF4 -> SF+ + F + SF4,Projectile-ion dissociation,ion,projectile_dissociation,mechanical,3,pass,pass,pass,unknown,unknown,,3.3174230137147163,,,true,,rxn_9f569a040264
SF2+ + SF5 -> S+ + SF5 + F2,Projectile-ion dissociation,ion,projectile_dissociation,mechanical,3,pass,pass,pass,unknown,unknown,,5.5824698532476145,,,true,,rxn_4b68d0aa4087
SF2+ + SF5 -> SF+ + F + SF5,Projectile-ion dissociation,ion,projectile_dissociation,mechanical,3,pass,pass,pass,unknown,unknown,,3.3174230137147167,,,true,,rxn_bb6607c21031
SF2+ + SF6 -> S+ + F2 + SF6,Projectile-ion dissociation,ion,projectile_dissociation,mechanical,3,pass,pass,pass,unknown,unknown,,5.5824698532476145,,,true,,rxn_5e0aa8e6cf2e
SF2+ + SF6 -> SF+ + F + SF6,Projectile-ion dissociation,ion,projectile_dissociation,mechanical,3,pass,pass,pass,unknown,unknown,,3.3174230137147154,,,true,,rxn_d345f88e2fef
SF2- + Ar -> S- + Ar + F2,Projectile-ion dissociation,ion,projectile_dissociation,mechanical,3,pass,pass,unknown,unknown,unknown,,,,,true,,rxn_bc861cc72e1d
SF2- + Ar -> SF- + Ar + F,Projectile-ion dissociation,ion,projectile_dissociation,mechanical,3,pass,unknown,unknown,unknown,unknown,,,,,true,,rxn_820b5134e15c
SF2- + F -> S- + F + F2,Projectile-ion dissociation,ion,projectile_dissociation,mechanical,3,pass,pass,unknown,unknown,unknown,,,,,true,,rxn_3b5dbceb835b
SF2- + F -> SF- + 2 F,Projectile-ion dissociation,ion,projectile_dissociation,mechanical,3,pass,unknown,unknown,unknown,unknown,,,,,true,,rxn_25928f324a4d
SF2- + O -> S- + O + F2,Projectile-ion dissociation,ion,projectile_dissociation,mechanical,3,pass,pass,unknown,unknown,unknown,,,,,true,,rxn_e7aeaeeef35c
SF2- + O -> SF- + F + O,Projectile-ion dissociation,ion,projectile_dissociation,mechanical,3,pass,unknown,unknown,unknown,unknown,,,,,true,,rxn_c79da28e108c
SF2- + O2 -> S- + F2 + O2,Projectile-ion dissociation,ion,projectile_dissociation,mechanical,3,pass,pass,unknown,unknown,unknown,,,,,true,,rxn_73a7c9931904
SF2- + O2 -> SF- + F + O2,Projectile-ion dissociation,ion,projectile_dissociation,mechanical,3,pass,unknown,unknown,unknown,unknown,,,,,true,,rxn_0416f956d9e0
SF2- + O2F -> S- + O2F + F2,Projectile-ion dissociation,ion,projectile_dissociation,mechanical,3,pass,unknown,unknown,unknown,unknown,,,,,true,,rxn_5cb68e06eeb1
SF2- + O2F -> SF- + F + O2F,Projectile-ion dissociation,ion,projectile_dissociation,mechanical,3,pass,unknown,unknown,unknown,unknown,,,,,true,,rxn_9488f6686869
SF2- + SF2 -> S- + SF2 + F2,Projectile-ion dissociation,ion,projectile_dissociation,mechanical,3,pass,pass,unknown,unknown,unknown,,,,,true,,rxn_18a5883e4b69
SF2- + SF2 -> SF- + F + SF2,Projectile-ion dissociation,ion,projectile_dissociation,mechanical,3,pass,unknown,unknown,unknown,unknown,,,,,true,,rxn_678617c718e2
SF2- + SF3 -> S- + SF3 + F2,Projectile-ion dissociation,ion,projectile_dissociation,mechanical,3,pass,pass,unknown,unknown,unknown,,,,,true,,rxn_2f824d55e34f
SF2- + SF3 -> SF- + F + SF3,Projectile-ion dissociation,ion,projectile_dissociation,mechanical,3,pass,unknown,unknown,unknown,unknown,,,,,true,,rxn_8d3bf5b570f4
SF2- + SF4 -> S- + SF4 + F2,Projectile-ion dissociation,ion,projectile_dissociation,mechanical,3,pass,pass,unknown,unknown,unknown,,,,,true,,rxn_a0e76e4dbbb3
SF2- + SF4 -> SF- + F + SF4,Projectile-ion dissociation,ion,projectile_dissociation,mechanical,3,pass,unknown,unknown,unknown,unknown,,,,,true,,rxn_b4851caf661f
SF2- + SF5 -> S- + SF5 + F2,Projectile-ion dissociation,ion,projectile_dissociation,mechanical,3,pass,pass,unknown,unknown,unknown,,,,,true,,rxn_5689f4b67cab
SF2- + SF5 -> SF- + F + SF5,Projectile-ion dissociation,ion,projectile_dissociation,mechanical,3,pass,unknown,unknown,unknown,unknown,,,,,true,,rxn_1b843b34144d
SF2- + SF6 -> S- + F2 + SF6,Projectile-ion dissociation,ion,projectile_dissociation,mechanical,3,pass,pass,unknown,unknown,unknown,,,,,true,,rxn_c8d349527465
SF2- + SF6 -> SF- + F + SF6,Projectile-ion dissociation,ion,projectile_dissociation,mechanical,3,pass,unknown,unknown,unknown,unknown,,,,,true,,rxn_bdd45bf03233
SF3+ + Ar -> SF+ + Ar + F2,Projectile-ion dissociation,ion,projectile_dissociation,mechanical,3,pass,pass,pass,unknown,unknown,,5.54026437484196,,,true,,rxn_e0fd78efd6e9
SF3+ + Ar -> SF2+ + Ar + F,Projectile-ion dissociation,ion,projectile_dissociation,mechanical,3,pass,pass,pass,unknown,unknown,,3.3816544082169844,,,true,,rxn_a81c07bcfa4f
SF3+ + F -> SF+ + F + F2,Projectile-ion dissociation,ion,projectile_dissociation,mechanical,3,pass,pass,pass,unknown,unknown,,5.5402643748419615,,,true,,rxn_178eadd3d76b
SF3+ + F -> SF2+ + 2 F,Projectile-ion dissociation,ion,projectile_dissociation,mechanical,3,pass,pass,pass,unknown,unknown,,3.3816544082169853,,,true,,rxn_d57a7e141ddf
SF3+ + O -> SF+ + O + F2,Projectile-ion dissociation,ion,projectile_dissociation,mechanical,3,pass,pass,pass,unknown,unknown,,5.5402643748419615,,,true,,rxn_0f33f83296ad
SF3+ + O -> SF2+ + F + O,Projectile-ion dissociation,ion,projectile_dissociation,mechanical,3,pass,pass,pass,unknown,unknown,,3.3816544082169826,,,true,,rxn_ef6f4a059040
SF3+ + O2 -> SF+ + F2 + O2,Projectile-ion dissociation,ion,projectile_dissociation,mechanical,3,pass,pass,pass,unknown,unknown,,5.5402643748419615,,,true,,rxn_4332f1977349
SF3+ + O2 -> SF2+ + F + O2,Projectile-ion dissociation,ion,projectile_dissociation,mechanical,3,pass,pass,pass,unknown,unknown,,3.3816544082169844,,,true,,rxn_f7859779b154
SF3+ + O2F -> SF+ + O2F + F2,Projectile-ion dissociation,ion,projectile_dissociation,mechanical,3,pass,unknown,unknown,unknown,unknown,,,,,true,,rxn_3c7a480be7ec
SF3+ + O2F -> SF2+ + F + O2F,Projectile-ion dissociation,ion,projectile_dissociation,mechanical,3,pass,unknown,unknown,unknown,unknown,,,,,true,,rxn_aa403930e565
SF3+ + SF2 -> SF+ + SF2 + F2,Projectile-ion dissociation,ion,projectile_dissociation,mechanical,3,pass,pass,pass,unknown,unknown,,5.5402643748419615,,,true,,rxn_e13acfdc5c72
SF3+ + SF2 -> SF2+ + F + SF2,Projectile-ion dissociation,ion,projectile_dissociation,mechanical,3,pass,pass,pass,unknown,unknown,,3.3816544082169853,,,true,,rxn_1f468244f03f
SF3+ + SF3 -> SF+ + SF3 + F2,Projectile-ion dissociation,ion,projectile_dissociation,mechanical,3,pass,pass,pass,unknown,unknown,,5.5402643748419615,,,true,,rxn_82cab54ebf7b
SF3+ + SF3 -> SF2+ + F + SF3,Projectile-ion dissociation,ion,projectile_dissociation,mechanical,3,pass,pass,pass,unknown,unknown,,3.381654408216984,,,true,,rxn_9f3b51b13d95
SF3+ + SF4 -> SF+ + SF4 + F2,Projectile-ion dissociation,ion,projectile_dissociation,mechanical,3,pass,pass,pass,unknown,unknown,,5.5402643748419615,,,true,,rxn_c735d79aadb6
SF3+ + SF4 -> SF2+ + F + SF4,Projectile-ion dissociation,ion,projectile_dissociation,mechanical,3,pass,pass,pass,unknown,unknown,,3.381654408216984,,,true,,rxn_65c6dcc4596b
SF3+ + SF5 -> SF+ + SF5 + F2,Projectile-ion dissociation,ion,projectile_dissociation,mechanical,3,pass,pass,pass,unknown,unknown,,5.5402643748419615,,,true,,rxn_1b21ba76d89f
SF3+ + SF5 -> SF2+ + F + SF5,Projectile-ion dissociation,ion,projectile_dissociation,mechanical,3,pass,pass,pass,unknown,unknown,,3.3816544082169844,,,true,,rxn_7df48f24f073
SF3+ + SF6 -> SF+ + F2 + SF6,Projectile-ion dissociation,ion,projectile_dissociation,mechanical,3,pass,pass,pass,unknown,unknown,,5.5402643748419615,,,true,,rxn_b3454e19b97e
SF3+ + SF6 -> SF2+ + F + SF6,Projectile-ion dissociation,ion,projectile_dissociation,mechanical,3,pass,pass,pass,unknown,unknown,,3.3816544082169835,,,true,,rxn_132b878bed3e
SF3- + Ar -> SF- + Ar + F2,Projectile-ion dissociation,ion,projectile_dissociation,mechanical,3,pass,unknown,unknown,unknown,unknown,,,,,true,,rxn_252b2c5b94bd
SF3- + Ar -> SF2- + Ar + F,Projectile-ion dissociation,ion,projectile_dissociation,mechanical,3,pass,pass,pass,unknown,unknown,,4.129091595418913,,,true,,rxn_ea16cc7f54f5
SF3- + F -> SF- + F + F2,Projectile-ion dissociation,ion,projectile_dissociation,mechanical,3,pass,unknown,unknown,unknown,unknown,,,,,true,,rxn_187f44cd5c27
SF3- + F -> SF2- + 2 F,Projectile-ion dissociation,ion,projectile_dissociation,mechanical,3,pass,pass,pass,unknown,unknown,,4.129091595418913,,,true,,rxn_f0565af385bb
SF3- + O -> SF- + O + F2,Projectile-ion dissociation,ion,projectile_dissociation,mechanical,3,pass,unknown,unknown,unknown,unknown,,,,,true,,rxn_1b0be66903a0
SF3- + O -> SF2- + F + O,Projectile-ion dissociation,ion,projectile_dissociation,mechanical,3,pass,pass,pass,unknown,unknown,,4.129091595418912,,,true,,rxn_6deea7db98c9
SF3- + O2 -> SF- + F2 + O2,Projectile-ion dissociation,ion,projectile_dissociation,mechanical,3,pass,unknown,unknown,unknown,unknown,,,,,true,,rxn_82b1d1bc3ee1
SF3- + O2 -> SF2- + F + O2,Projectile-ion dissociation,ion,projectile_dissociation,mechanical,3,pass,pass,pass,unknown,unknown,,4.129091595418913,,,true,,rxn_97ebbc14c69c
SF3- + O2F -> SF- + O2F + F2,Projectile-ion dissociation,ion,projectile_dissociation,mechanical,3,pass,unknown,unknown,unknown,unknown,,,,,true,,rxn_a21ef3f660ae
SF3- + O2F -> SF2- + F + O2F,Projectile-ion dissociation,ion,projectile_dissociation,mechanical,3,pass,unknown,unknown,unknown,unknown,,,,,true,,rxn_b3038c1983c1
SF3- + SF2 -> SF- + SF2 + F2,Projectile-ion dissociation,ion,projectile_dissociation,mechanical,3,pass,unknown,unknown,unknown,unknown,,,,,true,,rxn_cfe107972808
SF3- + SF2 -> SF2- + F + SF2,Projectile-ion dissociation,ion,projectile_dissociation,mechanical,3,pass,pass,pass,unknown,unknown,,4.129091595418912,,,true,,rxn_e5362242b2a8
SF3- + SF3 -> SF- + SF3 + F2,Projectile-ion dissociation,ion,projectile_dissociation,mechanical,3,pass,unknown,unknown,unknown,unknown,,,,,true,,rxn_47ee589648f8
SF3- + SF3 -> SF2- + F + SF3,Projectile-ion dissociation,ion,projectile_dissociation,mechanical,3,pass,pass,pass,unknown,unknown,,4.129091595418913,,,true,,rxn_52b0ed478f60
SF3- + SF4 -> SF- + SF4 + F2,Projectile-ion dissociation,ion,projectile_dissociation,mechanical,3,pass,unknown,unknown,unknown,unknown,,,,,true,,rxn_5f39263f6c2b
SF3- + SF4 -> SF2- + F + SF4,Projectile-ion dissociation,ion,projectile_dissociation,mechanical,3,pass,pass,pass,unknown,unknown,,4.129091595418913,,,true,,rxn_efb697564d74
SF3- + SF5 -> SF- + SF5 + F2,Projectile-ion dissociation,ion,projectile_dissociation,mechanical,3,pass,unknown,unknown,unknown,unknown,,,,,true,,rxn_8cb40e288160
SF3- + SF5 -> SF2- + F + SF5,Projectile-ion dissociation,ion,projectile_dissociation,mechanical,3,pass,pass,pass,unknown,unknown,,4.129091595418913,,,true,,rxn_e96586a1bb5d
SF3- + SF6 -> SF- + F2 + SF6,Projectile-ion dissociation,ion,projectile_dissociation,mechanical,3,pass,unknown,unknown,unknown,unknown,,,,,true,,rxn_e90ff17d2526
SF3- + SF6 -> SF2- + F + SF6,Projectile-ion dissociation,ion,projectile_dissociation,mechanical,3,pass,pass,pass,unknown,unknown,,4.129091595418912,,,true,,rxn_6caceba5b002
F2+ + O2 -> OF+ + OF,Ion-neutral reactive scattering,ion,reactive_scattering,mechanical,3,pass,unknown,unknown,unknown,unknown,,,,,true,,rxn_637bccdaaf99
SF2+ + O2 -> SOF+ + OF,Ion-neutral reactive scattering,ion,reactive_scattering,mechanical,3,pass,unknown,unknown,unknown,unknown,,,,,true,,rxn_c527d7ac4318
SF2- + O2 -> SOF- + OF,Ion-neutral reactive scattering,ion,reactive_scattering,mechanical,3,pass,unknown,unknown,unknown,unknown,,,,,true,,rxn_2714b6d53537
F+ + F -> F+ + F,Resonant charge exchange,ion,resonant_charge_exchange,mechanical,3,pass,pass,pass,unknown,unknown,0.0,-1.959354736297054e-15,,,true,,rxn_a2b4345f13c1
F2+ + F2 -> F2+ + F2,Resonant charge exchange,ion,resonant_charge_exchange,mechanical,3,pass,pass,pass,unknown,unknown,,,,,true,,rxn_0b81c17717b7
O2F+ + O2F -> O2F+ + O2F,Resonant charge exchange,ion,resonant_charge_exchange,mechanical,3,pass,unknown,pass,unknown,unknown,,,,,true,,rxn_70bda92aeea2
O2F- + O2F -> O2F- + O2F,Resonant charge exchange,ion,resonant_charge_exchange,mechanical,3,pass,unknown,pass,unknown,unknown,,,,,true,,rxn_ca8779121204
OF+ + OF -> OF+ + OF,Resonant charge exchange,ion,resonant_charge_exchange,mechanical,3,pass,unknown,pass,unknown,unknown,,,,,true,,rxn_96528c6b121f
OF- + OF -> OF- + OF,Resonant charge exchange,ion,resonant_charge_exchange,mechanical,3,pass,unknown,pass,unknown,unknown,,,,,true,,rxn_7e64dbdd6a5a
SF2+ + SF2 -> SF2+ + SF2,Resonant charge exchange,ion,resonant_charge_exchange,mechanical,3,pass,pass,pass,unknown,unknown,,0.0,,,true,,rxn_95bd805b6150
SF2- + SF2 -> SF2- + SF2,Resonant charge exchange,ion,resonant_charge_exchange,mechanical,3,pass,pass,pass,unknown,unknown,,-2.4491934203713174e-16,,,true,,rxn_07da2ca4b33f
SF3+ + SF3 -> SF3+ + SF3,Resonant charge exchange,ion,resonant_charge_exchange,mechanical,3,pass,pass,pass,unknown,unknown,,0.0,,,true,,rxn_9e2fb0ec739b
SF3- + SF3 -> SF3- + SF3,Resonant charge exchange,ion,resonant_charge_exchange,mechanical,3,pass,pass,pass,unknown,unknown,,-9.79677368148527e-16,,,true,,rxn_30438ef98b4d
SOF5+ + SOF5 -> SOF5+ + SOF5,Resonant charge exchange,ion,resonant_charge_exchange,mechanical,3,pass,unknown,pass,unknown,unknown,,,,,true,,rxn_846b2a855ad8
SOF5- + SOF5 -> SOF5- + SOF5,Resonant charge exchange,ion,resonant_charge_exchange,mechanical,3,pass,unknown,pass,unknown,unknown,,,,,true,,rxn_66dae4b5736d
Ar+ + S -> S+ + Ar,Charge exchange,ion,charge_exchange,mechanical,4,pass,pass,pass,unknown,unknown,,,,,true,,rxn_3c296b56869c
Ar+ + SF -> SF+ + Ar,Charge exchange,ion,charge_exchange,mechanical,4,pass,pass,pass,unknown,unknown,,-5.62931696533745,,,true,,rxn_dc32b510addc
Ar- + S -> S- + Ar,Charge exchange,ion,charge_exchange,mechanical,4,pass,fail,pass,unknown,unknown,,,,,true,,rxn_a732b568cdf4
Ar- + SF -> SF- + Ar,Charge exchange,ion,charge_exchange,mechanical,4,pass,fail,unknown,unknown,unknown,,,,,true,,rxn_db3809c2497a
F+ + S -> S+ + F,Charge exchange,ion,charge_exchange,mechanical,4,pass,pass,pass,unknown,unknown,,,,,true,,rxn_bb6fff17ce9c
F+ + SF -> SF+ + F,Charge exchange,ion,charge_exchange,mechanical,4,pass,pass,pass,unknown,unknown,,-7.334933611697447,,,true,,rxn_951198fd5d46
F- + S -> S- + F,Charge exchange,ion,charge_exchange,mechanical,4,pass,pass,pass,unknown,unknown,,,,,true,,rxn_995ca56f102f
F- + SF -> SF- + F,Charge exchange,ion,charge_exchange,mechanical,4,pass,unknown,unknown,unknown,unknown,,,,,true,,rxn_8c779bad559b
F2+ + S -> S+ + F2,Charge exchange,ion,charge_exchange,mechanical,4,pass,pass,unknown,unknown,unknown,,,,,true,,rxn_56576547d721
F2+ + SF -> SF+ + F2,Charge exchange,ion,charge_exchange,mechanical,4,pass,pass,unknown,unknown,unknown,,,,,true,,rxn_1d89877abf82
F2- + S -> S- + F2,Charge exchange,ion,charge_exchange,mechanical,4,pass,pass,unknown,unknown,unknown,,,,,true,,rxn_a964590b2c5d
F2- + SF -> SF- + F2,Charge exchange,ion,charge_exchange,mechanical,4,pass,unknown,unknown,unknown,unknown,,,,,true,,rxn_439b5fc4759d
O+ + S -> S+ + O,Charge exchange,ion,charge_exchange,mechanical,4,pass,pass,pass,unknown,unknown,,,,,true,,rxn_26ae646d0970
O+ + SF -> SF+ + O,Charge exchange,ion,charge_exchange,mechanical,4,pass,pass,unknown,unknown,unknown,,,,,true,,rxn_72ab70b493a9
O- + S -> S- + O,Charge exchange,ion,charge_exchange,mechanical,4,pass,pass,pass,unknown,unknown,,,,,true,,rxn_a0ca93067cc2
O- + SF -> SF- + O,Charge exchange,ion,charge_exchange,mechanical,4,pass,unknown,unknown,unknown,unknown,,,,,true,,rxn_40a877959d4f
O2+ + S -> S+ + O2,Charge exchange,ion,charge_exchange,mechanical,4,pass,pass,pass,unknown,unknown,,,,,true,,rxn_f8747d44dc0a
O2+ + SF -> SF+ + O2,Charge exchange,ion,charge_exchange,mechanical,4,pass,pass,unknown,unknown,unknown,,,,,true,,rxn_647520d8ee6c
O2- + S -> S- + O2,Charge exchange,ion,charge_exchange,mechanical,4,pass,pass,pass,unknown,unknown,,,,,true,,rxn_9ebc61a10146
O2- + SF -> SF- + O2,Charge exchange,ion,charge_exchange,mechanical,4,pass,unknown,unknown,unknown,unknown,,,,,true,,rxn_7e7cba6552c8
O2F+ + S -> S+ + O2F,Charge exchange,ion,charge_exchange,mechanical,4,pass,unknown,unknown,unknown,unknown,,,,,true,,rxn_25554306af83
O2F+ + SF -> SF+ + O2F,Charge exchange,ion,charge_exchange,mechanical,4,pass,unknown,unknown,unknown,unknown,,,,,true,,rxn_561a748d00ae
O2F- + S -> S- + O2F,Charge exchange,ion,charge_exchange,mechanical,4,pass,unknown,unknown,unknown,unknown,,,,,true,,rxn_66687429ce4a
O2F- + SF -> SF- + O2F,Charge exchange,ion,charge_exchange,mechanical,4,pass,unknown,unknown,unknown,unknown,,,,,true,,rxn_0fc3390f0bf8
OF+ + S -> S+ + OF,Charge exchange,ion,charge_exchange,mechanical,4,pass,unknown,unknown,unknown,unknown,,,,,true,,rxn_ebbb20f44f22
OF+ + SF -> SF+ + OF,Charge exchange,ion,charge_exchange,mechanical,4,pass,unknown,unknown,unknown,unknown,,,,,true,,rxn_c3c9b38d1276
OF- + S -> S- + OF,Charge exchange,ion,charge_exchange,mechanical,4,pass,unknown,unknown,unknown,unknown,,,,,true,,rxn_35ee87fd72b9
OF- + SF -> SF- + OF,Charge exchange,ion,charge_exchange,mechanical,4,pass,unknown,unknown,unknown,unknown,,,,,true,,rxn_81efd42da910
S+ + Ar -> Ar+ + S,Charge exchange,ion,charge_exchange,mechanical,4,pass,pass,pass,unknown,unknown,,,,,true,,rxn_4dc5ef0f7954
S+ + F -> F+ + S,Charge exchange,ion,charge_exchange,mechanical,4,pass,pass,pass,unknown,unknown,,,,,true,,rxn_2a7dbe59514b
S+ + O -> O+ + S,Charge exchange,ion,charge_exchange,mechanical,4,pass,pass,pass,unknown,unknown,,,,,true,,rxn_078cc42ee023
S+ + O2 -> O2+ + S,Charge exchange,ion,charge_exchange,mechanical,4,pass,pass,pass,unknown,unknown,,,,,true,,rxn_4d9cc0ff39c2
S+ + O2F -> O2F+ + S,Charge exchange,ion,charge_exchange,mechanical,4,pass,unknown,unknown,unknown,unknown,,,,,true,,rxn_bd6850aab18b
S+ + OF -> OF+ + S,Charge exchange,ion,charge_exchange,mechanical,4,pass,unknown,unknown,unknown,unknown,,,,,true,,rxn_3ad6a7fa4643
S+ + SF -> SF+ + S,Charge exchange,ion,charge_exchange,mechanical,4,pass,pass,unknown,unknown,unknown,,,,,true,,rxn_c593bcfe6d19
S+ + SF2 -> SF2+ + S,Charge exchange,ion,charge_exchange,mechanical,4,pass,pass,unknown,unknown,unknown,,,,,true,,rxn_5487aacfe0d2
S+ + SF3 -> SF3+ + S,Charge exchange,ion,charge_exchange,mechanical,4,pass,pass,pass,unknown,unknown,,,,,true,,rxn_faf8f991e912
S+ + SF4 -> SF4+ + S,Charge exchange,ion,charge_exchange,mechanical,4,pass,pass,pass,unknown,unknown,,,,,true,,rxn_b618fff5067a
S+ + SF5 -> SF5+ + S,Charge exchange,ion,charge_exchange,mechanical,4,pass,pass,pass,unknown,unknown,,,,,true,,rxn_ae71c34229df
S+ + SF6 -> SF6+ + S,Charge exchange,ion,charge_exchange,mechanical,4,pass,unknown,pass,unknown,unknown,,,,,true,,rxn_1b110923fce9
S- + Ar -> Ar- + S,Charge exchange,ion,charge_exchange,mechanical,4,pass,fail,pass,unknown,unknown,,,,,true,,rxn_d1c9c83266e2
S- + F -> F- + S,Charge exchange,ion,charge_exchange,mechanical,4,pass,pass,pass,unknown,unknown,,,,,true,,rxn_8d21877913d9
S- + O -> O- + S,Charge exchange,ion,charge_exchange,mechanical,4,pass,pass,pass,unknown,unknown,,,,,true,,rxn_8164cb71e89a
S- + O2 -> O2- + S,Charge exchange,ion,charge_exchange,mechanical,4,pass,pass,pass,unknown,unknown,,,,,true,,rxn_a0be19b0c5d2
S- + O2F -> O2F- + S,Charge exchange,ion,charge_exchange,mechanical,4,pass,unknown,unknown,unknown,unknown,,,,,true,,rxn_bb6ba690207f
S- + OF -> OF- + S,Charge exchange,ion,charge_exchange,mechanical,4,pass,unknown,unknown,unknown,unknown,,,,,true,,rxn_99ea503f44ab
S- + SF -> SF- + S,Charge exchange,ion,charge_exchange,mechanical,4,pass,unknown,unknown,unknown,unknown,,,,,true,,rxn_b93c6fc5e4d7
S- + SF2 -> SF2- + S,Charge exchange,ion,charge_exchange,mechanical,4,pass,pass,unknown,unknown,unknown,,,,,true,,rxn_e28f6858a688
S- + SF3 -> SF3- + S,Charge exchange,ion,charge_exchange,mechanical,4,pass,pass,pass,unknown,unknown,,,,,true,,rxn_091963f69826
S- + SF4 -> SF4- + S,Charge exchange,ion,charge_exchange,mechanical,4,pass,pass,pass,unknown,unknown,,,,,true,,rxn_57e94b80d370
S- + SF5 -> SF5- + S,Charge exchange,ion,charge_exchange,mechanical,4,pass,pass,pass,unknown,unknown,,,,,true,,rxn_271e28e52445
S- + SF6 -> SF6- + S,Charge exchange,ion,charge_exchange,mechanical,4,pass,pass,pass,unknown,unknown,,,,,true,,rxn_611d84d03c7f
SF+ + Ar -> Ar+ + SF,Charge exchange,ion,charge_exchange,mechanical,4,pass,pass,pass,unknown,unknown,,5.629316965337451,,,true,,rxn_bf2f829b04ee
SF+ + F -> F+ + SF,Charge exchange,ion,charge_exchange,mechanical,4,pass,pass,pass,unknown,unknown,,7.334933611697444,,,true,,rxn_34a598ea8fea
SF+ + O -> O+ + SF,Charge exchange,ion,charge_exchange,mechanical,4,pass,pass,unknown,unknown,unknown,,,,,true,,rxn_4f4fa6f951dd
SF+ + O2 -> O2+ + SF,Charge exchange,ion,charge_exchange,mechanical,4,pass,pass,unknown,unknown,unknown,,,,,true,,rxn_21a657a2d833
SF+ + O2F -> O2F+ + SF,Charge exchange,ion,charge_exchange,mechanical,4,pass,unknown,unknown,unknown,unknown,,,,,true,,rxn_a30bb9a48a0d
SF+ + OF -> OF+ + SF,Charge exchange,ion,charge_exchange,mechanical,4,pass,unknown,unknown,unknown,unknown,,,,,true,,rxn_becef7022a90
SF+ + S -> S+ + SF,Charge exchange,ion,charge_exchange,mechanical,4,pass,pass,unknown,unknown,unknown,,,,,true,,rxn_4fd975fd57b7
SF+ + SF2 -> SF2+ + SF,Charge exchange,ion,charge_exchange,mechanical,4,pass,pass,pass,unknown,unknown,,0.18424207475158705,,,true,,rxn_b67f2b0a4f9d
SF+ + SF3 -> SF3+ + SF,Charge exchange,ion,charge_exchange,mechanical,4,pass,pass,pass,unknown,unknown,,-0.7807344398451439,,,true,,rxn_a003ae43f010
SF+ + SF4 -> SF4+ + SF,Charge exchange,ion,charge_exchange,mechanical,4,pass,pass,pass,unknown,unknown,,2.0254789876781003,,,true,,rxn_0e7daa5e962f
SF+ + SF5 -> SF5+ + SF,Charge exchange,ion,charge_exchange,mechanical,4,pass,pass,pass,unknown,unknown,,1.086180914940057,,,true,,rxn_843d2250564e
SF+ + SF6 -> SF6+ + SF,Charge exchange,ion,charge_exchange,mechanical,4,pass,unknown,unknown,unknown,unknown,,,,,true,,rxn_3c2ca1564672
SF- + Ar -> Ar- + SF,Charge exchange,ion,charge_exchange,mechanical,4,pass,fail,unknown,unknown,unknown,,,,,true,,rxn_023381cef775
SF- + F -> F- + SF,Charge exchange,ion,charge_exchange,mechanical,4,pass,unknown,unknown,unknown,unknown,,,,,true,,rxn_d45d7051359d
SF- + O -> O- + SF,Charge exchange,ion,charge_exchange,mechanical,4,pass,unknown,unknown,unknown,unknown,,,,,true,,rxn_66921f0be515
SF- + O2 -> O2- + SF,Charge exchange,ion,charge_exchange,mechanical,4,pass,unknown,unknown,unknown,unknown,,,,,true,,rxn_a8e540e69e32
SF- + O2F -> O2F- + SF,Charge exchange,ion,charge_exchange,mechanical,4,pass,unknown,unknown,unknown,unknown,,,,,true,,rxn_67057721da80
SF- + OF -> OF- + SF,Charge exchange,ion,charge_exchange,mechanical,4,pass,unknown,unknown,unknown,unknown,,,,,true,,rxn_47ce7bec09c8
SF- + S -> S- + SF,Charge exchange,ion,charge_exchange,mechanical,4,pass,unknown,unknown,unknown,unknown,,,,,true,,rxn_72ad66d45dd9
SF- + SF2 -> SF2- + SF,Charge exchange,ion,charge_exchange,mechanical,4,pass,unknown,unknown,unknown,unknown,,,,,true,,rxn_98c82ac254eb
SF- + SF3 -> SF3- + SF,Charge exchange,ion,charge_exchange,mechanical,4,pass,unknown,unknown,unknown,unknown,,,,,true,,rxn_afa2bbf8603f
SF- + SF4 -> SF4- + SF,Charge exchange,ion,charge_exchange,mechanical,4,pass,unknown,unknown,unknown,unknown,,,,,true,,rxn_aca2aea521b7
SF- + SF5 -> SF5- + SF,Charge exchange,ion,charge_exchange,mechanical,4,pass,unknown,unknown,unknown,unknown,,,,,true,,rxn_392f31dec3d2
SF- + SF6 -> SF6- + SF,Charge exchange,ion,charge_exchange,mechanical,4,pass,unknown,unknown,unknown,unknown,,,,,true,,rxn_52e494511202
SF2+ + S -> S+ + SF2,Charge exchange,ion,charge_exchange,mechanical,4,pass,pass,unknown,unknown,unknown,,,,,true,,rxn_537a38e3ab01
SF2+ + SF -> SF+ + SF2,Charge exchange,ion,charge_exchange,mechanical,4,pass,pass,pass,unknown,unknown,,-0.1842420747515876,,,true,,rxn_8bbc24429648
SF2- + S -> S- + SF2,Charge exchange,ion,charge_exchange,mechanical,4,pass,pass,unknown,unknown,unknown,,,,,true,,rxn_7f7821f47f1e
SF2- + SF -> SF- + SF2,Charge exchange,ion,charge_exchange,mechanical,4,pass,unknown,unknown,unknown,unknown,,,,,true,,rxn_177849af4e90
SF3+ + S -> S+ + SF3,Charge exchange,ion,charge_exchange,mechanical,4,pass,pass,pass,unknown,unknown,,,,,true,,rxn_b813147b7f36
SF3+ + SF -> SF+ + SF3,Charge exchange,ion,charge_exchange,mechanical,4,pass,pass,pass,unknown,unknown,,0.7807344398451436,,,true,,rxn_b4d05375ef98
SF3- + S -> S- + SF3,Charge exchange,ion,charge_exchange,mechanical,4,pass,pass,pass,unknown,unknown,,,,,true,,rxn_95cdd0b8b2a6
SF3- + SF -> SF- + SF3,Charge exchange,ion,charge_exchange,mechanical,4,pass,unknown,unknown,unknown,unknown,,,,,true,,rxn_ef9e57b50008
SF4+ + S -> S+ + SF4,Charge exchange,ion,charge_exchange,mechanical,4,pass,pass,pass,unknown,unknown,,,,,true,,rxn_1983dfdcd9ff
SF4+ + SF -> SF+ + SF4,Charge exchange,ion,charge_exchange,mechanical,4,pass,pass,pass,unknown,unknown,,-2.0254789876780994,,,true,,rxn_a470f2bfe932
SF4- + S -> S- + SF4,Charge exchange,ion,charge_exchange,mechanical,4,pass,pass,pass,unknown,unknown,,,,,true,,rxn_87803672db7a
SF4- + SF -> SF- + SF4,Charge exchange,ion,charge_exchange,mechanical,4,pass,unknown,unknown,unknown,unknown,,,,,true,,rxn_852c6c46242a
SF5+ + S -> S+ + SF5,Charge exchange,ion,charge_exchange,mechanical,4,pass,pass,pass,unknown,unknown,,,,,true,,rxn_90768fd97f73
SF5+ + SF -> SF+ + SF5,Charge exchange,ion,charge_exchange,mechanical,4,pass,pass,pass,unknown,unknown,,-1.086180914940057,,,true,,rxn_ad6b25986758
SF5- + S -> S- + SF5,Charge exchange,ion,charge_exchange,mechanical,4,pass,pass,pass,unknown,unknown,,,,,true,,rxn_433dfed889a4
SF5- + SF -> SF- + SF5,Charge exchange,ion,charge_exchange,mechanical,4,pass,unknown,unknown,unknown,unknown,,,,,true,,rxn_0b7c0b92d202
SF6+ + S -> S+ + SF6,Charge exchange,ion,charge_exchange,mechanical,4,pass,unknown,pass,unknown,unknown,,,,,true,,rxn_e655607bcea9
SF6+ + SF -> SF+ + SF6,Charge exchange,ion,charge_exchange,mechanical,4,pass,unknown,unknown,unknown,unknown,,,,,true,,rxn_e5d23b70b957
SF6- + S -> S- + SF6,Charge exchange,ion,charge_exchange,mechanical,4,pass,pass,pass,unknown,unknown,,,,,true,,rxn_e7e0747b4202
SF6- + SF -> SF- + SF6,Charge exchange,ion,charge_exchange,mechanical,4,pass,unknown,unknown,unknown,unknown,,,,,true,,rxn_e1b746ad10a7
SOF+ + Ar -> Ar+ + SOF,Charge exchange,ion,charge_exchange,mechanical,4,pass,unknown,unknown,unknown,unknown,,,,,true,,rxn_d89ab53eb44e
SOF+ + F -> F+ + SOF,Charge exchange,ion,charge_exchange,mechanical,4,pass,unknown,unknown,unknown,unknown,,,,,true,,rxn_3e1b7ba09cdd
SOF+ + O -> O+ + SOF,Charge exchange,ion,charge_exchange,mechanical,4,pass,unknown,unknown,unknown,unknown,,,,,true,,rxn_9915ce1c5e29
SOF+ + O2 -> O2+ + SOF,Charge exchange,ion,charge_exchange,mechanical,4,pass,unknown,unknown,unknown,unknown,,,,,true,,rxn_78998420e846
SOF+ + O2F -> O2F+ + SOF,Charge exchange,ion,charge_exchange,mechanical,4,pass,unknown,unknown,unknown,unknown,,,,,true,,rxn_e60774c5de24
SOF+ + OF -> OF+ + SOF,Charge exchange,ion,charge_exchange,mechanical,4,pass,unknown,unknown,unknown,unknown,,,,,true,,rxn_f4f9d854fe51
SOF+ + S -> S+ + SOF,Charge exchange,ion,charge_exchange,mechanical,4,pass,unknown,unknown,unknown,unknown,,,,,true,,rxn_18e2a22d6529
SOF+ + SF -> SF+ + SOF,Charge exchange,ion,charge_exchange,mechanical,4,pass,unknown,unknown,unknown,unknown,,,,,true,,rxn_370731588272
SOF+ + SF2 -> SF2+ + SOF,Charge exchange,ion,charge_exchange,mechanical,4,pass,unknown,unknown,unknown,unknown,,,,,true,,rxn_e7bf43272f9b
SOF+ + SF3 -> SF3+ + SOF,Charge exchange,ion,charge_exchange,mechanical,4,pass,unknown,unknown,unknown,unknown,,,,,true,,rxn_39773454d3cb
SOF+ + SF4 -> SF4+ + SOF,Charge exchange,ion,charge_exchange,mechanical,4,pass,unknown,unknown,unknown,unknown,,,,,true,,rxn_a6e7dec6f3db
SOF+ + SF5 -> SF5+ + SOF,Charge exchange,ion,charge_exchange,mechanical,4,pass,unknown,unknown,unknown,unknown,,,,,true,,rxn_2e3ae661c749
SOF+ + SF6 -> SF6+ + SOF,Charge exchange,ion,charge_exchange,mechanical,4,pass,unknown,unknown,unknown,unknown,,,,,true,,rxn_94007dd90524
SOF- + Ar -> Ar- + SOF,Charge exchange,ion,charge_exchange,mechanical,4,pass,fail,unknown,unknown,unknown,,,,,true,,rxn_7caf3db96b90
SOF- + F -> F- + SOF,Charge exchange,ion,charge_exchange,mechanical,4,pass,unknown,unknown,unknown,unknown,,,,,true,,rxn_120f1a044a3e
SOF- + O -> O- + SOF,Charge exchange,ion,charge_exchange,mechanical,4,pass,unknown,unknown,unknown,unknown,,,,,true,,rxn_71b3f77aab4a
SOF- + O2 -> O2- + SOF,Charge exchange,ion,charge_exchange,mechanical,4,pass,unknown,unknown,unknown,unknown,,,,,true,,rxn_53646c06804e
SOF- + O2F -> O2F- + SOF,Charge exchange,ion,charge_exchange,mechanical,4,pass,unknown,unknown,unknown,unknown,,,,,true,,rxn_8cbf5f83f88c
SOF- + OF -> OF- + SOF,Charge exchange,ion,charge_exchange,mechanical,4,pass,unknown,unknown,unknown,unknown,,,,,true,,rxn_6978e380bb78
SOF- + S -> S- + SOF,Charge exchange,ion,charge_exchange,mechanical,4,pass,unknown,unknown,unknown,unknown,,,,,true,,rxn_9373cc8026ee
SOF- + SF -> SF- + SOF,Charge exchange,ion,charge_exchange,mechanical,4,pass,unknown,unknown,unknown,unknown,,,,,true,,rxn_189a86001654
SOF- + SF2 -> SF2- + SOF,Charge exchange,ion,charge_exchange,mechanical,4,pass,unknown,unknown,unknown,unknown,,,,,true,,rxn_66abeda02109
SOF- + SF3 -> SF3- + SOF,Charge exchange,ion,charge_exchange,mechanical,4,pass,unknown,unknown,unknown,unknown,,,,,true,,rxn_af2eaa2b39a9
SOF- + SF4 -> SF4- + SOF,Charge exchange,ion,charge_exchange,mechanical,4,pass,unknown,unknown,unknown,unknown,,,,,true,,rxn_79f046dac129
SOF- + SF5 -> SF5- + SOF,Charge exchange,ion,charge_exchange,mechanical,4,pass,unknown,unknown,unknown,unknown,,,,,true,,rxn_baa1a66b8d9d
SOF- + SF6 -> SF6- + SOF,Charge exchange,ion,charge_exchange,mechanical,4,pass,unknown,unknown,unknown,unknown,,,,,true,,rxn_3961a20c16e4
SOF3+ + S -> S+ + SOF3,Charge exchange,ion,charge_exchange,mechanical,4,pass,unknown,unknown,unknown,unknown,,,,,true,,rxn_984a5b0df051
SOF3+ + SF -> SF+ + SOF3,Charge exchange,ion,charge_exchange,mechanical,4,pass,unknown,unknown,unknown,unknown,,,,,true,,rxn_c627af5286d4
SOF3- + S -> S- + SOF3,Charge exchange,ion,charge_exchange,mechanical,4,pass,unknown,unknown,unknown,unknown,,,,,true,,rxn_1e5550aed40c
SOF3- + SF -> SF- + SOF3,Charge exchange,ion,charge_exchange,mechanical,4,pass,unknown,unknown,unknown,unknown,,,,,true,,rxn_c27d9c54e8f4
SOF4+ + S -> S+ + SOF4,Charge exchange,ion,charge_exchange,mechanical,4,pass,unknown,unknown,unknown,unknown,,,,,true,,rxn_9315ee9145f0
SOF4+ + SF -> SF+ + SOF4,Charge exchange,ion,charge_exchange,mechanical,4,pass,unknown,unknown,unknown,unknown,,,,,true,,rxn_670552ad5886
SOF4- + S -> S- + SOF4,Charge exchange,ion,charge_exchange,mechanical,4,pass,unknown,unknown,unknown,unknown,,,,,true,,rxn_0da1adaab564
SOF4- + SF -> SF- + SOF4,Charge exchange,ion,charge_exchange,mechanical,4,pass,unknown,unknown,unknown,unknown,,,,,true,,rxn_2e6fcff435d9
SOF5+ + S -> S+ + SOF5,Charge exchange,ion,charge_exchange,mechanical,4,pass,unknown,unknown,unknown,unknown,,,,,true,,rxn_f1e8fa5ca7ac
SOF5+ + SF -> SF+ + SOF5,Charge exchange,ion,charge_exchange,mechanical,4,pass,unknown,unknown,unknown,unknown,,,,,true,,rxn_d0a8039f4add
SOF5- + S -> S- + SOF5,Charge exchange,ion,charge_exchange,mechanical,4,pass,unknown,unknown,unknown,unknown,,,,,true,,rxn_a6c693b814c5
SOF5- + SF -> SF- + SOF5,Charge exchange,ion,charge_exchange,mechanical,4,pass,unknown,unknown,unknown,unknown,,,,,true,,rxn_76015ddda7b2
Ar+ + SF -> Ar+ + F + S,Collision-induced target dissociation,ion,collision_induced_dissociation,mechanical,4,pass,pass,unknown,unknown,unknown,,,,,true,,rxn_d011ce2393e7
Ar- + SF -> Ar- + F + S,Collision-induced target dissociation,ion,collision_induced_dissociation,mechanical,4,pass,fail,unknown,unknown,unknown,,,,,true,,rxn_911ff764749e
F+ + SF -> F+ + F + S,Collision-induced target dissociation,ion,collision_induced_dissociation,mechanical,4,pass,pass,unknown,unknown,unknown,,,,,true,,rxn_9fd49bcf2e3e
F- + SF -> F- + F + S,Collision-induced target dissociation,ion,collision_induced_dissociation,mechanical,4,pass,pass,unknown,unknown,unknown,,,,,true,,rxn_dc93f876ee66
F2+ + SF -> F2+ + F + S,Collision-induced target dissociation,ion,collision_induced_dissociation,mechanical,4,pass,pass,unknown,unknown,unknown,,,,,true,,rxn_aeced61521f7
F2- + SF -> F2- + F + S,Collision-induced target dissociation,ion,collision_induced_dissociation,mechanical,4,pass,pass,unknown,unknown,unknown,,,,,true,,rxn_1a0b85e3a1eb
O+ + SF -> O+ + F + S,Collision-induced target dissociation,ion,collision_induced_dissociation,mechanical,4,pass,pass,unknown,unknown,unknown,,,,,true,,rxn_bb7423f1b30d
O- + SF -> O- + F + S,Collision-induced target dissociation,ion,collision_induced_dissociation,mechanical,4,pass,pass,unknown,unknown,unknown,,,,,true,,rxn_04bcc46aa2b9
O2+ + SF -> O2+ + F + S,Collision-induced target dissociation,ion,collision_induced_dissociation,mechanical,4,pass,pass,unknown,unknown,unknown,,,,,true,,rxn_c5d47dcf35ad
O2- + SF -> O2- + F + S,Collision-induced target dissociation,ion,collision_induced_dissociation,mechanical,4,pass,pass,unknown,unknown,unknown,,,,,true,,rxn_e478dddadfd4
O2F+ + SF -> O2F+ + F + S,Collision-induced target dissociation,ion,collision_induced_dissociation,mechanical,4,pass,unknown,unknown,unknown,unknown,,,,,true,,rxn_30cc362a6372
O2F- + SF -> O2F- + F + S,Collision-induced target dissociation,ion,collision_induced_dissociation,mechanical,4,pass,unknown,unknown,unknown,unknown,,,,,true,,rxn_772113c81db0
OF+ + SF -> OF+ + F + S,Collision-induced target dissociation,ion,collision_induced_dissociation,mechanical,4,pass,unknown,unknown,unknown,unknown,,,,,true,,rxn_5e0cd488deef
OF- + SF -> OF- + F + S,Collision-induced target dissociation,ion,collision_induced_dissociation,mechanical,4,pass,unknown,unknown,unknown,unknown,,,,,true,,rxn_06582bf79110
S+ + SF -> S+ + F + S,Collision-induced target dissociation,ion,collision_induced_dissociation,mechanical,4,pass,pass,unknown,unknown,unknown,,,,,true,,rxn_88a72ea39670
S- + SF -> S- + F + S,Collision-induced target dissociation,ion,collision_induced_dissociation,mechanical,4,pass,pass,unknown,unknown,unknown,,,,,true,,rxn_ab556eac67f0
SF+ + SF -> SF+ + F + S,Collision-induced target dissociation,ion,collision_induced_dissociation,mechanical,4,pass,pass,unknown,unknown,unknown,,,,,true,,rxn_d6833dd51477
SF- + SF -> SF- + F + S,Collision-induced target dissociation,ion,collision_induced_dissociation,mechanical,4,pass,unknown,unknown,unknown,unknown,,,,,true,,rxn_24e9ee1435a6
SF2+ + SF -> SF2+ + F + S,Collision-induced target dissociation,ion,collision_induced_dissociation,mechanical,4,pass,pass,unknown,unknown,unknown,,,,,true,,rxn_4003af42f033
SF2- + SF -> SF2- + F + S,Collision-induced target dissociation,ion,collision_induced_dissociation,mechanical,4,pass,pass,unknown,unknown,unknown,,,,,true,,rxn_5ab2e20e885b
SF3+ + SF -> SF3+ + F + S,Collision-induced target dissociation,ion,collision_induced_dissociation,mechanical,4,pass,pass,unknown,unknown,unknown,,,,,true,,rxn_fafb9cfec281
SF3- + SF -> SF3- + F + S,Collision-induced target dissociation,ion,collision_induced_dissociation,mechanical,4,pass,pass,unknown,unknown,unknown,,,,,true,,rxn_0f9781efb3df
SF4+ + SF -> SF4+ + F + S,Collision-induced target dissociation,ion,collision_induced_dissociation,mechanical,4,pass,pass,unknown,unknown,unknown,,,,,true,,rxn_97a78a7852c1
SF4- + SF -> SF4- + F + S,Collision-induced target dissociation,ion,collision_induced_dissociation,mechanical,4,pass,pass,unknown,unknown,unknown,,,,,true,,rxn_afdc650653bd
SF5+ + SF -> SF5+ + F + S,Collision-induced target dissociation,ion,collision_induced_dissociation,mechanical,4,pass,pass,unknown,unknown,unknown,,,,,true,,rxn_c5d9bb1eaf43
SF5- + SF -> SF5- + F + S,Collision-induced target dissociation,ion,collision_induced_dissociation,mechanical,4,pass,pass,unknown,unknown,unknown,,,,,true,,rxn_3507f0e4ce42
SF6+ + SF -> SF6+ + F + S,Collision-induced target dissociation,ion,collision_induced_dissociation,mechanical,4,pass,unknown,unknown,unknown,unknown,,,,,true,,rxn_ae099d7ddba4
SF6- + SF -> SF6- + F + S,Collision-induced target dissociation,ion,collision_induced_dissociation,mechanical,4,pass,pass,unknown,unknown,unknown,,,,,true,,rxn_be98240bc22a
SOF+ + SF -> SOF+ + F + S,Collision-induced target dissociation,ion,collision_induced_dissociation,mechanical,4,pass,unknown,unknown,unknown,unknown,,,,,true,,rxn_2a4ff3dc04a3
SOF- + SF -> SOF- + F + S,Collision-induced target dissociation,ion,collision_induced_dissociation,mechanical,4,pass,unknown,unknown,unknown,unknown,,,,,true,,rxn_7c56d40e880e
SOF3+ + SF -> SOF3+ + F + S,Collision-induced target dissociation,ion,collision_induced_dissociation,mechanical,4,pass,unknown,unknown,unknown,unknown,,,,,true,,rxn_977ce35e0e22
SOF3- + SF -> SOF3- + F + S,Collision-induced target dissociation,ion,collision_induced_dissociation,mechanical,4,pass,unknown,unknown,unknown,unknown,,,,,true,,rxn_2ce59be635e3
SOF4+ + SF -> SOF4+ + F + S,Collision-induced target dissociation,ion,collision_induced_dissociation,mechanical,4,pass,unknown,unknown,unknown,unknown,,,,,true,,rxn_812a8dcbfcbb
SOF4- + SF -> SOF4- + F + S,Collision-induced target dissociation,ion,collision_induced_dissociation,mechanical,4,pass,unknown,unknown,unknown,unknown,,,,,true,,rxn_4aa0873d6fc0
SOF5+ + SF -> SOF5+ + F + S,Collision-induced target dissociation,ion,collision_induced_dissociation,mechanical,4,pass,unknown,unknown,unknown,unknown,,,,,true,,rxn_847ecb5d752a
SOF5- + SF -> SOF5- + F + S,Collision-induced target dissociation,ion,collision_induced_dissociation,mechanical,4,pass,unknown,unknown,unknown,unknown,,,,,true,,rxn_191d0151f163
Ar- + S -> Ar + S + e,Collisional electron detachment,ion,collisional_detachment,mechanical,4,pass,fail,unknown,unknown,unknown,,,,,true,,rxn_48d978fad0a6
Ar- + SF -> Ar + SF + e,Collisional electron detachment,ion,collisional_detachment,mechanical,4,pass,fail,unknown,unknown,unknown,,,,,true,,rxn_0ecb8e1d5a70
ArF- + S -> Ar + F + S + e,Collisional electron detachment,ion,collisional_detachment,mechanical,4,pass,unknown,unknown,unknown,unknown,,,,,true,,rxn_1685977729ea
ArF- + SF -> Ar + F + SF + e,Collisional electron detachment,ion,collisional_detachment,mechanical,4,pass,unknown,unknown,unknown,unknown,,,,,true,,rxn_7f7c58bb6a59
F- + S -> F + S + e,Collisional electron detachment,ion,collisional_detachment,mechanical,4,pass,pass,pass,pass,pass,3.401129274685823,,,rate_coefficient,true,,rxn_15caafbf2197
F- + SF -> F + SF + e,Collisional electron detachment,ion,collisional_detachment,mechanical,4,pass,pass,unknown,pass,pass,,,,rate_coefficient,true,,rxn_4e20bea46b3b
F2- + S -> S + F2 + e,Collisional electron detachment,ion,collisional_detachment,mechanical,4,pass,pass,unknown,pass,pass,,,,rate_coefficient,true,,rxn_5cbb5e126c77
F2- + SF -> SF + F2 + e,Collisional electron detachment,ion,collisional_detachment,mechanical,4,pass,pass,unknown,pass,pass,,,,rate_coefficient,true,,rxn_4a9f5334fc91
O- + S -> O + S + e,Collisional electron detachment,ion,collisional_detachment,mechanical,4,pass,pass,pass,unknown,unknown,1.4605770000000002,,,,true,,rxn_7d787b772ca3
O- + SF -> O + SF + e,Collisional electron detachment,ion,collisional_detachment,mechanical,4,pass,pass,unknown,unknown,unknown,,,,,true,,rxn_5076166c3d40
O2- + S -> S + O2 + e,Collisional electron detachment,ion,collisional_detachment,mechanical,4,pass,pass,unknown,unknown,unknown,,,,,true,,rxn_4dc9ada2aff0
O2- + SF -> SF + O2 + e,Collisional electron detachment,ion,collisional_detachment,mechanical,4,pass,pass,unknown,unknown,unknown,,,,,true,,rxn_149709775b8b
O2F- + S -> O2F + S + e,Collisional electron detachment,ion,collisional_detachment,mechanical,4,pass,unknown,unknown,unknown,unknown,,,,,true,,rxn_008c5c91d8e5
O2F- + SF -> O2F + SF + e,Collisional electron detachment,ion,collisional_detachment,mechanical,4,pass,unknown,unknown,unknown,unknown,,,,,true,,rxn_26909ad15306
OF- + S -> OF + S + e,Collisional electron detachment,ion,collisional_detachment,mechanical,4,pass,unknown,unknown,unknown,unknown,,,,,true,,rxn_6ea3ac205b88
OF- + SF -> OF + SF + e,Collisional electron detachment,ion,collisional_detachment,mechanical,4,pass,unknown,unknown,unknown,unknown,,,,,true,,rxn_669d85f4c6a7
S- + Ar -> Ar + S + e,Collisional electron detachment,ion,collisional_detachment,mechanical,4,pass,pass,unknown,unknown,unknown,,,,,true,,rxn_59a7bda3ed3c
S- + F -> F + S + e,Collisional electron detachment,ion,collisional_detachment,mechanical,4,pass,pass,unknown,unknown,unknown,,,,,true,,rxn_159e62ccbb23
S- + O -> O + S + e,Collisional electron detachment,ion,collisional_detachment,mechanical,4,pass,pass,unknown,unknown,unknown,,,,,true,,rxn_0a81ce882021
S- + O2 -> S + O2 + e,Collisional electron detachment,ion,collisional_detachment,mechanical,4,pass,pass,unknown,unknown,unknown,,,,,true,,rxn_e6791c2d9512
S- + O2F -> O2F + S + e,Collisional electron detachment,ion,collisional_detachment,mechanical,4,pass,unknown,unknown,unknown,unknown,,,,,true,,rxn_5d00da44f055
S- + OF -> OF + S + e,Collisional electron detachment,ion,collisional_detachment,mechanical,4,pass,pass,unknown,unknown,unknown,,,,,true,,rxn_e2cbfb6b4497
S- + S -> 2 S + e,Collisional electron detachment,ion,collisional_detachment,mechanical,4,pass,pass,unknown,unknown,unknown,,,,,true,,rxn_47e2d9c0d3ae
S- + SF -> S + SF + e,Collisional electron detachment,ion,collisional_detachment,mechanical,4,pass,pass,unknown,unknown,unknown,,,,,true,,rxn_351bacf949f3
S- + SF2 -> S + SF2 + e,Collisional electron detachment,ion,collisional_detachment,mechanical,4,pass,pass,unknown,unknown,unknown,,,,,true,,rxn_90c549d2a53a
S- + SF3 -> S + SF3 + e,Collisional electron detachment,ion,collisional_detachment,mechanical,4,pass,pass,unknown,unknown,unknown,,,,,true,,rxn_8e90fa3dc407
S- + SF4 -> S + SF4 + e,Collisional electron detachment,ion,collisional_detachment,mechanical,4,pass,pass,unknown,unknown,unknown,,,,,true,,rxn_8724f611a202
S- + SF5 -> S + SF5 + e,Collisional electron detachment,ion,collisional_detachment,mechanical,4,pass,pass,unknown,unknown,unknown,,,,,true,,rxn_ed7ac4b60a97
S- + SF6 -> S + SF6 + e,Collisional electron detachment,ion,collisional_detachment,mechanical,4,pass,pass,unknown,unknown,unknown,,,,,true,,rxn_225a78858cdb
SF- + Ar -> Ar + SF + e,Collisional electron detachment,ion,collisional_detachment,mechanical,4,pass,unknown,unknown,unknown,unknown,,,,,true,,rxn_76f0f4d2ed93
SF- + F -> F + SF + e,Collisional electron detachment,ion,collisional_detachment,mechanical,4,pass,unknown,unknown,unknown,unknown,,,,,true,,rxn_a7a0c03cde53
SF- + O -> O + SF + e,Collisional electron detachment,ion,collisional_detachment,mechanical,4,pass,unknown,unknown,unknown,unknown,,,,,true,,rxn_ee10031f266d
SF- + O2 -> SF + O2 + e,Collisional electron detachment,ion,collisional_detachment,mechanical,4,pass,unknown,unknown,unknown,unknown,,,,,true,,rxn_ae4c0dd8dcc7
SF- + O2F -> O2F + SF + e,Collisional electron detachment,ion,collisional_detachment,mechanical,4,pass,unknown,unknown,unknown,unknown,,,,,true,,rxn_536e5f758798
SF- + OF -> OF + SF + e,Collisional electron detachment,ion,collisional_detachment,mechanical,4,pass,unknown,unknown,unknown,unknown,,,,,true,,rxn_9344fa09dc1a
SF- + S -> S + SF + e,Collisional electron detachment,ion,collisional_detachment,mechanical,4,pass,unknown,unknown,unknown,unknown,,,,,true,,rxn_74b96c624b73
SF- + SF -> 2 SF + e,Collisional electron detachment,ion,collisional_detachment,mechanical,4,pass,unknown,unknown,unknown,unknown,,,,,true,,rxn_bfbfcfddd180
SF- + SF2 -> SF2 + SF + e,Collisional electron detachment,ion,collisional_detachment,mechanical,4,pass,unknown,unknown,unknown,unknown,,,,,true,,rxn_ea2a602fc706
SF- + SF3 -> SF3 + SF + e,Collisional electron detachment,ion,collisional_detachment,mechanical,4,pass,unknown,unknown,unknown,unknown,,,,,true,,rxn_2c1de90697c6
SF- + SF4 -> SF4 + SF + e,Collisional electron detachment,ion,collisional_detachment,mechanical,4,pass,unknown,unknown,unknown,unknown,,,,,true,,rxn_6f5e0c427c91
SF- + SF5 -> SF5 + SF + e,Collisional electron detachment,ion,collisional_detachment,mechanical,4,pass,unknown,unknown,unknown,unknown,,,,,true,,rxn_ad39a63ee1bb
SF- + SF6 -> SF + SF6 + e,Collisional electron detachment,ion,collisional_detachment,mechanical,4,pass,unknown,unknown,unknown,unknown,,,,,true,,rxn_bb1af8caaf4c
SF2- + S -> S + SF2 + e,Collisional electron detachment,ion,collisional_detachment,mechanical,4,pass,pass,unknown,pass,pass,,,,rate_coefficient,true,,rxn_81b7e1625fb2
SF2- + SF -> SF2 + SF + e,Collisional electron detachment,ion,collisional_detachment,mechanical,4,pass,pass,unknown,pass,pass,,,,rate_coefficient,true,,rxn_3ffab71335c1
SF3- + S -> S + SF3 + e,Collisional electron detachment,ion,collisional_detachment,mechanical,4,pass,pass,unknown,pass,pass,,,,rate_coefficient,true,,rxn_8c740241a7c8
SF3- + SF -> SF3 + SF + e,Collisional electron detachment,ion,collisional_detachment,mechanical,4,pass,pass,unknown,pass,pass,,,,rate_coefficient,true,,rxn_7cbefa759fa1
SF4- + S -> S + SF4 + e,Collisional electron detachment,ion,collisional_detachment,mechanical,4,pass,pass,unknown,pass,pass,,,,rate_coefficient,true,,rxn_c66bf8e40d4b
SF4- + SF -> SF4 + SF + e,Collisional electron detachment,ion,collisional_detachment,mechanical,4,pass,pass,unknown,pass,pass,,,,rate_coefficient,true,,rxn_542e47af0a04
SF5- + S -> S + SF5 + e,Collisional electron detachment,ion,collisional_detachment,mechanical,4,pass,pass,unknown,pass,pass,,,,rate_coefficient,true,,rxn_e2fc54d5ebaa
SF5- + SF -> SF5 + SF + e,Collisional electron detachment,ion,collisional_detachment,mechanical,4,pass,pass,unknown,pass,pass,,,,rate_coefficient,true,,rxn_39d4315decc8
SF6- + S -> S + SF6 + e,Collisional electron detachment,ion,collisional_detachment,mechanical,4,pass,pass,unknown,pass,pass,,,,rate_coefficient,true,,rxn_24ee38c92e44
SF6- + SF -> SF + SF6 + e,Collisional electron detachment,ion,collisional_detachment,mechanical,4,pass,pass,unknown,pass,pass,,,,rate_coefficient,true,,rxn_d23140bfeec2
SOF- + Ar -> Ar + SOF + e,Collisional electron detachment,ion,collisional_detachment,mechanical,4,pass,unknown,unknown,unknown,unknown,,,,,true,,rxn_63ae5e6ca642
SOF- + F -> F + SOF + e,Collisional electron detachment,ion,collisional_detachment,mechanical,4,pass,unknown,unknown,unknown,unknown,,,,,true,,rxn_4b50421086e0
SOF- + O -> O + SOF + e,Collisional electron detachment,ion,collisional_detachment,mechanical,4,pass,unknown,unknown,unknown,unknown,,,,,true,,rxn_f78ae02a4520
SOF- + O2 -> SOF + O2 + e,Collisional electron detachment,ion,collisional_detachment,mechanical,4,pass,unknown,unknown,unknown,unknown,,,,,true,,rxn_bc55cb0db780
SOF- + O2F -> O2F + SOF + e,Collisional electron detachment,ion,collisional_detachment,mechanical,4,pass,unknown,unknown,unknown,unknown,,,,,true,,rxn_dd96551fca72
SOF- + OF -> OF + SOF + e,Collisional electron detachment,ion,collisional_detachment,mechanical,4,pass,unknown,unknown,unknown,unknown,,,,,true,,rxn_a99f5d1260a7
SOF- + S -> S + SOF + e,Collisional electron detachment,ion,collisional_detachment,mechanical,4,pass,unknown,unknown,unknown,unknown,,,,,true,,rxn_75984cf14a8f
SOF- + SF -> SF + SOF + e,Collisional electron detachment,ion,collisional_detachment,mechanical,4,pass,unknown,unknown,unknown,unknown,,,,,true,,rxn_4ce537bfe519
SOF- + SF2 -> SF2 + SOF + e,Collisional electron detachment,ion,collisional_detachment,mechanical,4,pass,unknown,unknown,unknown,unknown,,,,,true,,rxn_d1f407be873f
SOF- + SF3 -> SF3 + SOF + e,Collisional electron detachment,ion,collisional_detachment,mechanical,4,pass,unknown,unknown,unknown,unknown,,,,,true,,rxn_e9593f343d73
SOF- + SF4 -> SF4 + SOF + e,Collisional electron detachment,ion,collisional_detachment,mechanical,4,pass,unknown,unknown,unknown,unknown,,,,,true,,rxn_fa2bd5cf9af6
SOF- + SF5 -> SF5 + SOF + e,Collisional electron detachment,ion,collisional_detachment,mechanical,4,pass,unknown,unknown,unknown,unknown,,,,,true,,rxn_57ef9963c30d
SOF- + SF6 -> SOF + SF6 + e,Collisional electron detachment,ion,collisional_detachment,mechanical,4,pass,unknown,unknown,unknown,unknown,,,,,true,,rxn_d6e322437ee8
SOF3- + S -> S + SOF3 + e,Collisional electron detachment,ion,collisional_detachment,mechanical,4,pass,unknown,unknown,unknown,unknown,,,,,true,,rxn_9f71e1b99d3c
SOF3- + SF -> SF + SOF3 + e,Collisional electron detachment,ion,collisional_detachment,mechanical,4,pass,unknown,unknown,unknown,unknown,,,,,true,,rxn_a8f8cf222456
SOF3- + SOF3 -> 2 SOF3 + e,Collisional electron detachment,ion,collisional_detachment,mechanical,4,pass,unknown,unknown,unknown,unknown,,,,,true,,rxn_e35aa4295ddd
SOF4- + S -> S + SOF4 + e,Collisional electron detachment,ion,collisional_detachment,mechanical,4,pass,unknown,unknown,unknown,unknown,,,,,true,,rxn_940432872970
SOF4- + SF -> SF + SOF4 + e,Collisional electron detachment,ion,collisional_detachment,mechanical,4,pass,unknown,unknown,unknown,unknown,,,,,true,,rxn_69954823d69d
SOF4- + SOF4 -> 2 SOF4 + e,Collisional electron detachment,ion,collisional_detachment,mechanical,4,pass,unknown,unknown,unknown,unknown,,,,,true,,rxn_0bc0044f6dfd
SOF5- + S -> S + SOF5 + e,Collisional electron detachment,ion,collisional_detachment,mechanical,4,pass,unknown,unknown,unknown,unknown,,,,,true,,rxn_1c4de52b0bbe
SOF5- + SF -> SF + SOF5 + e,Collisional electron detachment,ion,collisional_detachment,mechanical,4,pass,unknown,unknown,unknown,unknown,,,,,true,,rxn_795adee3a044
Ar+ + SF -> S+ + Ar + F,Dissociative charge transfer,ion,dissociative_charge_transfer,mechanical,4,pass,pass,pass,unknown,unknown,,-2.2054570787148124,,,true,,rxn_a15f08a07b1a
Ar- + SF -> S- + Ar + F,Dissociative charge transfer,ion,dissociative_charge_transfer,mechanical,4,pass,fail,unknown,unknown,unknown,,,,,true,,rxn_a7cf4073fd88
ArF+ + S -> S+ + Ar + F,Dissociative charge transfer,ion,dissociative_charge_transfer,mechanical,4,pass,unknown,unknown,unknown,unknown,,,,,true,,rxn_a05092181a38
ArF+ + SF -> SF+ + Ar + F,Dissociative charge transfer,ion,dissociative_charge_transfer,mechanical,4,pass,unknown,unknown,unknown,unknown,,,,,true,,rxn_53d78c1f89f1
ArF- + S -> S- + Ar + F,Dissociative charge transfer,ion,dissociative_charge_transfer,mechanical,4,pass,unknown,unknown,unknown,unknown,,,,,true,,rxn_f6fc4cba6a81
ArF- + SF -> SF- + Ar + F,Dissociative charge transfer,ion,dissociative_charge_transfer,mechanical,4,pass,unknown,unknown,unknown,unknown,,,,,true,,rxn_8fe0b83d146b
F+ + SF -> S+ + 2 F,Dissociative charge transfer,ion,dissociative_charge_transfer,mechanical,4,pass,pass,pass,unknown,unknown,,-3.911073725074808,,,true,,rxn_ca487638740f
F- + SF -> S- + 2 F,Dissociative charge transfer,ion,dissociative_charge_transfer,mechanical,4,pass,pass,unknown,unknown,unknown,,,,,true,,rxn_f4794f7e7c52
F2+ + SF -> S+ + F + F2,Dissociative charge transfer,ion,dissociative_charge_transfer,mechanical,4,pass,pass,unknown,unknown,unknown,,,,,true,,rxn_183dac4cf5bc
F2- + SF -> S- + F + F2,Dissociative charge transfer,ion,dissociative_charge_transfer,mechanical,4,pass,pass,unknown,unknown,unknown,,,,,true,,rxn_3377a0f79f91
O+ + SF -> S+ + F + O,Dissociative charge transfer,ion,dissociative_charge_transfer,mechanical,4,pass,pass,unknown,unknown,unknown,,,,,true,,rxn_e2301945cc41
O- + SF -> S- + F + O,Dissociative charge transfer,ion,dissociative_charge_transfer,mechanical,4,pass,pass,unknown,unknown,unknown,,,,,true,,rxn_ad8ce57a0536
O2+ + SF -> S+ + F + O2,Dissociative charge transfer,ion,dissociative_charge_transfer,mechanical,4,pass,pass,unknown,unknown,unknown,,,,,true,,rxn_bbc6f5f91fd8
O2- + SF -> S- + F + O2,Dissociative charge transfer,ion,dissociative_charge_transfer,mechanical,4,pass,pass,unknown,unknown,unknown,,,,,true,,rxn_d692b923013d
O2F+ + SF -> S+ + F + O2F,Dissociative charge transfer,ion,dissociative_charge_transfer,mechanical,4,pass,unknown,unknown,unknown,unknown,,,,,true,,rxn_e6a22a412dff
O2F- + SF -> S- + F + O2F,Dissociative charge transfer,ion,dissociative_charge_transfer,mechanical,4,pass,unknown,unknown,unknown,unknown,,,,,true,,rxn_7d0f6acf594d
OF+ + SF -> S+ + F + OF,Dissociative charge transfer,ion,dissociative_charge_transfer,mechanical,4,pass,unknown,unknown,unknown,unknown,,,,,true,,rxn_0b2918482e51
OF- + SF -> S- + F + OF,Dissociative charge transfer,ion,dissociative_charge_transfer,mechanical,4,pass,unknown,unknown,unknown,unknown,,,,,true,,rxn_39763c9932a8
S+ + SF -> S+ + F + S,Dissociative charge transfer,ion,dissociative_charge_transfer,mechanical,4,pass,pass,unknown,unknown,unknown,,,,,true,,rxn_46060864bfdb
S- + SF -> S- + F + S,Dissociative charge transfer,ion,dissociative_charge_transfer,mechanical,4,pass,pass,unknown,unknown,unknown,,,,,true,,rxn_c3d8a1d7c556
SF+ + SF -> S+ + F + SF,Dissociative charge transfer,ion,dissociative_charge_transfer,mechanical,4,pass,pass,pass,unknown,unknown,,3.4238598866226395,,,true,,rxn_e2ed8bb755c0
SF- + SF -> S- + F + SF,Dissociative charge transfer,ion,dissociative_charge_transfer,mechanical,4,pass,unknown,unknown,unknown,unknown,,,,,true,,rxn_365c564d56e7
SF2+ + SF -> S+ + F + SF2,Dissociative charge transfer,ion,dissociative_charge_transfer,mechanical,4,pass,pass,pass,unknown,unknown,,3.2396178118710504,,,true,,rxn_d6be6e3d0f99
SF2- + SF -> S- + F + SF2,Dissociative charge transfer,ion,dissociative_charge_transfer,mechanical,4,pass,pass,unknown,unknown,unknown,,,,,true,,rxn_ace8620504d9
SF3+ + SF -> S+ + F + SF3,Dissociative charge transfer,ion,dissociative_charge_transfer,mechanical,4,pass,pass,pass,unknown,unknown,,4.204594326467782,,,true,,rxn_6932ca5d72b6
SF3- + SF -> S- + F + SF3,Dissociative charge transfer,ion,dissociative_charge_transfer,mechanical,4,pass,pass,unknown,unknown,unknown,,,,,true,,rxn_e523f70aa55f
SF4+ + SF -> S+ + F + SF4,Dissociative charge transfer,ion,dissociative_charge_transfer,mechanical,4,pass,pass,pass,unknown,unknown,,1.398380898944538,,,true,,rxn_838c6be98b70
SF4- + SF -> S- + F + SF4,Dissociative charge transfer,ion,dissociative_charge_transfer,mechanical,4,pass,pass,unknown,unknown,unknown,,,,,true,,rxn_4db1d30e7b3d
SF5+ + SF -> S+ + F + SF5,Dissociative charge transfer,ion,dissociative_charge_transfer,mechanical,4,pass,pass,pass,unknown,unknown,,2.3376789716825805,,,true,,rxn_b15eb7cf0dce
SF5- + SF -> S- + F + SF5,Dissociative charge transfer,ion,dissociative_charge_transfer,mechanical,4,pass,pass,unknown,unknown,unknown,,,,,true,,rxn_b95397f6484e
SF6+ + SF -> S+ + F + SF6,Dissociative charge transfer,ion,dissociative_charge_transfer,mechanical,4,pass,unknown,unknown,unknown,unknown,,,,,true,,rxn_dfdebe3fd99e
SF6- + SF -> S- + F + SF6,Dissociative charge transfer,ion,dissociative_charge_transfer,mechanical,4,pass,pass,unknown,unknown,unknown,,,,,true,,rxn_632bab09c46a
SOF+ + SF -> S+ + F + SOF,Dissociative charge transfer,ion,dissociative_charge_transfer,mechanical,4,pass,unknown,unknown,unknown,unknown,,,,,true,,rxn_3969bd2c5bc6
SOF- + SF -> S- + F + SOF,Dissociative charge transfer,ion,dissociative_charge_transfer,mechanical,4,pass,unknown,unknown,unknown,unknown,,,,,true,,rxn_ff414c9546a4
SOF3+ + SF -> S+ + F + SOF3,Dissociative charge transfer,ion,dissociative_charge_transfer,mechanical,4,pass,unknown,unknown,unknown,unknown,,,,,true,,rxn_4350bd0c0a0f
SOF3- + SF -> S- + F + SOF3,Dissociative charge transfer,ion,dissociative_charge_transfer,mechanical,4,pass,unknown,unknown,unknown,unknown,,,,,true,,rxn_e192bfffa1a7
SOF4+ + SF -> S+ + F + SOF4,Dissociative charge transfer,ion,dissociative_charge_transfer,mechanical,4,pass,unknown,unknown,unknown,unknown,,,,,true,,rxn_bd883283df05
SOF4- + SF -> S- + F + SOF4,Dissociative charge transfer,ion,dissociative_charge_transfer,mechanical,4,pass,unknown,unknown,unknown,unknown,,,,,true,,rxn_e01a56ebdea0
SOF5+ + SF -> S+ + F + SOF5,Dissociative charge transfer,ion,dissociative_charge_transfer,mechanical,4,pass,unknown,unknown,unknown,unknown,,,,,true,,rxn_218f172559b2
SOF5- + SF -> S- + F + SOF5,Dissociative charge transfer,ion,dissociative_charge_transfer,mechanical,4,pass,unknown,unknown,unknown,unknown,,,,,true,,rxn_0275d30f0ef5
Ar+ + S -> Ar+ + S,Ion-neutral elastic scattering,ion,elastic,mechanical,4,pass,pass,pass,unknown,unknown,-4.440892098500626e-16,,,,true,,rxn_7535e7df9c95
Ar+ + SF -> Ar+ + SF,Ion-neutral elastic scattering,ion,elastic,mechanical,4,pass,pass,pass,unknown,unknown,,6.429132728474708e-16,,,true,,rxn_11e416926e75
Ar- + S -> Ar- + S,Ion-neutral elastic scattering,ion,elastic,mechanical,4,pass,fail,unknown,unknown,unknown,,,,,true,,rxn_422fc34a8483
Ar- + SF -> Ar- + SF,Ion-neutral elastic scattering,ion,elastic,mechanical,4,pass,fail,unknown,unknown,unknown,,,,,true,,rxn_ce8beb4ff96a
ArF+ + S -> ArF+ + S,Ion-neutral elastic scattering,ion,elastic,mechanical,4,pass,unknown,unknown,unknown,unknown,,,,,true,,rxn_cde96adf7aa7
ArF+ + SF -> ArF+ + SF,Ion-neutral elastic scattering,ion,elastic,mechanical,4,pass,unknown,unknown,unknown,unknown,,,,,true,,rxn_bef55d3b0163
ArF- + S -> ArF- + S,Ion-neutral elastic scattering,ion,elastic,mechanical,4,pass,unknown,unknown,unknown,unknown,,,,,true,,rxn_4decc8acd2bb
ArF- + SF -> ArF- + SF,Ion-neutral elastic scattering,ion,elastic,mechanical,4,pass,unknown,unknown,unknown,unknown,,,,,true,,rxn_f2fb4be2ea07
F+ + S -> F+ + S,Ion-neutral elastic scattering,ion,elastic,mechanical,4,pass,pass,pass,unknown,unknown,1.3322676295501878e-15,,,,true,,rxn_421672275dbe
F+ + SF -> F+ + SF,Ion-neutral elastic scattering,ion,elastic,mechanical,4,pass,pass,pass,unknown,unknown,,-1.193981792431017e-15,,,true,,rxn_9dab97c64014
F- + S -> F- + S,Ion-neutral elastic scattering,ion,elastic,mechanical,4,pass,pass,pass,unknown,unknown,0.0,,,,true,,rxn_d9d4d53fe8a4
F- + SF -> F- + SF,Ion-neutral elastic scattering,ion,elastic,mechanical,4,pass,pass,pass,unknown,unknown,,-2.1430442428249028e-16,,,true,,rxn_9d69649db8d4
F2+ + S -> F2+ + S,Ion-neutral elastic scattering,ion,elastic,mechanical,4,pass,pass,unknown,unknown,unknown,,,,,true,,rxn_baf031aa40b8
F2+ + SF -> F2+ + SF,Ion-neutral elastic scattering,ion,elastic,mechanical,4,pass,pass,unknown,unknown,unknown,,,,,true,,rxn_257d9521fff7
F2- + S -> F2- + S,Ion-neutral elastic scattering,ion,elastic,mechanical,4,pass,pass,unknown,unknown,unknown,,,,,true,,rxn_5e178d19dd92
F2- + SF -> F2- + SF,Ion-neutral elastic scattering,ion,elastic,mechanical,4,pass,pass,unknown,unknown,unknown,,,,,true,,rxn_9a164421dc53
O+ + S -> O+ + S,Ion-neutral elastic scattering,ion,elastic,mechanical,4,pass,pass,pass,unknown,unknown,1.3322676295501878e-15,,,,true,,rxn_e96c76a0d3b3
O+ + SF -> O+ + SF,Ion-neutral elastic scattering,ion,elastic,mechanical,4,pass,pass,unknown,unknown,unknown,,,,,true,,rxn_96f96e5815c2
O- + S -> O- + S,Ion-neutral elastic scattering,ion,elastic,mechanical,4,pass,pass,pass,unknown,unknown,0.0,,,,true,,rxn_f2fe3a1e284c
O- + SF -> O- + SF,Ion-neutral elastic scattering,ion,elastic,mechanical,4,pass,pass,pass,unknown,unknown,,1.5307458877320733e-16,,,true,,rxn_381e40b4a96f
O2+ + S -> O2+ + S,Ion-neutral elastic scattering,ion,elastic,mechanical,4,pass,pass,pass,unknown,unknown,-4.440892098500626e-16,,,,true,,rxn_66d3262f7d33
O2+ + SF -> O2+ + SF,Ion-neutral elastic scattering,ion,elastic,mechanical,4,pass,pass,unknown,unknown,unknown,,,,,true,,rxn_482368c4cfa4
O2- + S -> O2- + S,Ion-neutral elastic scattering,ion,elastic,mechanical,4,pass,pass,unknown,unknown,unknown,,,,,true,,rxn_73080b3f0b39
O2- + SF -> O2- + SF,Ion-neutral elastic scattering,ion,elastic,mechanical,4,pass,pass,unknown,unknown,unknown,,,,,true,,rxn_05256ff08d96
O2F+ + S -> O2F+ + S,Ion-neutral elastic scattering,ion,elastic,mechanical,4,pass,unknown,unknown,unknown,unknown,,,,,true,,rxn_6a1857f669cb
O2F+ + SF -> O2F+ + SF,Ion-neutral elastic scattering,ion,elastic,mechanical,4,pass,unknown,unknown,unknown,unknown,,,,,true,,rxn_2f7603b9924e
O2F- + S -> O2F- + S,Ion-neutral elastic scattering,ion,elastic,mechanical,4,pass,unknown,unknown,unknown,unknown,,,,,true,,rxn_d9fa35425e58
O2F- + SF -> O2F- + SF,Ion-neutral elastic scattering,ion,elastic,mechanical,4,pass,unknown,unknown,unknown,unknown,,,,,true,,rxn_ed8e80e8db01
OF+ + S -> OF+ + S,Ion-neutral elastic scattering,ion,elastic,mechanical,4,pass,unknown,unknown,unknown,unknown,,,,,true,,rxn_b5afabe6850c
OF+ + SF -> OF+ + SF,Ion-neutral elastic scattering,ion,elastic,mechanical,4,pass,unknown,unknown,unknown,unknown,,,,,true,,rxn_120fc81b1c51
OF- + S -> OF- + S,Ion-neutral elastic scattering,ion,elastic,mechanical,4,pass,unknown,unknown,unknown,unknown,,,,,true,,rxn_e9b57cf91103
OF- + SF -> OF- + SF,Ion-neutral elastic scattering,ion,elastic,mechanical,4,pass,unknown,unknown,unknown,unknown,,,,,true,,rxn_8034ea47f8d5
S+ + Ar -> S+ + Ar,Ion-neutral elastic scattering,ion,elastic,mechanical,4,pass,pass,pass,unknown,unknown,,0.0,,,true,,rxn_c6f253b6534b
S+ + F -> S+ + F,Ion-neutral elastic scattering,ion,elastic,mechanical,4,pass,pass,pass,unknown,unknown,,1.2245967101856587e-16,,,true,,rxn_78518b93b1bf
S+ + O -> S+ + O,Ion-neutral elastic scattering,ion,elastic,mechanical,4,pass,pass,pass,unknown,unknown,,-1.2245967101856587e-16,,,true,,rxn_bbeb1759d89d
S+ + O2 -> S+ + O2,Ion-neutral elastic scattering,ion,elastic,mechanical,4,pass,pass,pass,unknown,unknown,,0.0,,,true,,rxn_c3181505e9ba
S+ + O2F -> S+ + O2F,Ion-neutral elastic scattering,ion,elastic,mechanical,4,pass,unknown,unknown,unknown,unknown,,,,,true,,rxn_d0f4ba39e702
S+ + OF -> S+ + OF,Ion-neutral elastic scattering,ion,elastic,mechanical,4,pass,pass,pass,unknown,unknown,,1.2245967101856587e-16,,,true,,rxn_8a64f4dc2724
S+ + SF -> S+ + SF,Ion-neutral elastic scattering,ion,elastic,mechanical,4,pass,pass,pass,unknown,unknown,,6.429132728474708e-16,,,true,,rxn_3cde42c3d53e
S+ + SF2 -> S+ + SF2,Ion-neutral elastic scattering,ion,elastic,mechanical,4,pass,pass,pass,unknown,unknown,,-4.898386840742635e-16,,,true,,rxn_83cc2fbee592
S+ + SF3 -> S+ + SF3,Ion-neutral elastic scattering,ion,elastic,mechanical,4,pass,pass,pass,unknown,unknown,,0.0,,,true,,rxn_9cecd9dbc3ef
S+ + SF4 -> S+ + SF4,Ion-neutral elastic scattering,ion,elastic,mechanical,4,pass,pass,pass,unknown,unknown,,0.0,,,true,,rxn_01892a362ab0
S+ + SF5 -> S+ + SF5,Ion-neutral elastic scattering,ion,elastic,mechanical,4,pass,pass,pass,unknown,unknown,,0.0,,,true,,rxn_feef8c404360
S+ + SF6 -> S+ + SF6,Ion-neutral elastic scattering,ion,elastic,mechanical,4,pass,pass,pass,unknown,unknown,,0.0,,,true,,rxn_dce2be1877cd
S- + Ar -> S- + Ar,Ion-neutral elastic scattering,ion,elastic,mechanical,4,pass,pass,unknown,unknown,unknown,,,,,true,,rxn_a7e95d620bf5
S- + F -> S- + F,Ion-neutral elastic scattering,ion,elastic,mechanical,4,pass,pass,unknown,unknown,unknown,,,,,true,,rxn_e3ffdb527fe8
S- + O -> S- + O,Ion-neutral elastic scattering,ion,elastic,mechanical,4,pass,pass,unknown,unknown,unknown,,,,,true,,rxn_69f0655cb57c
S- + O2 -> S- + O2,Ion-neutral elastic scattering,ion,elastic,mechanical,4,pass,pass,unknown,unknown,unknown,,,,,true,,rxn_7e46c70411cf
S- + O2F -> S- + O2F,Ion-neutral elastic scattering,ion,elastic,mechanical,4,pass,unknown,unknown,unknown,unknown,,,,,true,,rxn_e2e91a3d6b22
S- + OF -> S- + OF,Ion-neutral elastic scattering,ion,elastic,mechanical,4,pass,pass,unknown,unknown,unknown,,,,,true,,rxn_3aa8e1a9f549
S- + SF -> S- + SF,Ion-neutral elastic scattering,ion,elastic,mechanical,4,pass,pass,unknown,unknown,unknown,,,,,true,,rxn_4cba9b141a2b
S- + SF2 -> S- + SF2,Ion-neutral elastic scattering,ion,elastic,mechanical,4,pass,pass,unknown,unknown,unknown,,,,,true,,rxn_5580a5f45156
S- + SF3 -> S- + SF3,Ion-neutral elastic scattering,ion,elastic,mechanical,4,pass,pass,unknown,unknown,unknown,,,,,true,,rxn_b3296969ebb1
S- + SF4 -> S- + SF4,Ion-neutral elastic scattering,ion,elastic,mechanical,4,pass,pass,unknown,unknown,unknown,,,,,true,,rxn_70c7bfeb61db
S- + SF5 -> S- + SF5,Ion-neutral elastic scattering,ion,elastic,mechanical,4,pass,pass,unknown,unknown,unknown,,,,,true,,rxn_09d11c34abb2
S- + SF6 -> S- + SF6,Ion-neutral elastic scattering,ion,elastic,mechanical,4,pass,pass,unknown,unknown,unknown,,,,,true,,rxn_40b71b121604
SF+ + Ar -> SF+ + Ar,Ion-neutral elastic scattering,ion,elastic,mechanical,4,pass,pass,pass,unknown,unknown,,0.0,,,true,,rxn_4e993fa98d0b
SF+ + F -> SF+ + F,Ion-neutral elastic scattering,ion,elastic,mechanical,4,pass,pass,pass,unknown,unknown,,1.2245967101856587e-16,,,true,,rxn_56bcac88773a
SF+ + O -> SF+ + O,Ion-neutral elastic scattering,ion,elastic,mechanical,4,pass,pass,pass,unknown,unknown,,-1.2245967101856587e-16,,,true,,rxn_15e7efc6c50b
SF+ + O2 -> SF+ + O2,Ion-neutral elastic scattering,ion,elastic,mechanical,4,pass,pass,pass,unknown,unknown,,0.0,,,true,,rxn_548f9b9f2a4e
SF+ + O2F -> SF+ + O2F,Ion-neutral elastic scattering,ion,elastic,mechanical,4,pass,unknown,unknown,unknown,unknown,,,,,true,,rxn_e4604f4af13f
SF+ + OF -> SF+ + OF,Ion-neutral elastic scattering,ion,elastic,mechanical,4,pass,pass,pass,unknown,unknown,,1.2245967101856587e-16,,,true,,rxn_16ea3e664ccb
SF+ + S -> SF+ + S,Ion-neutral elastic scattering,ion,elastic,mechanical,4,pass,pass,unknown,unknown,unknown,,,,,true,,rxn_902045c5bb0c
SF+ + SF2 -> SF+ + SF2,Ion-neutral elastic scattering,ion,elastic,mechanical,4,pass,pass,pass,unknown,unknown,,-4.898386840742635e-16,,,true,,rxn_5b27c2a7fbe6
SF+ + SF3 -> SF+ + SF3,Ion-neutral elastic scattering,ion,elastic,mechanical,4,pass,pass,pass,unknown,unknown,,-2.4491934203713174e-16,,,true,,rxn_c3c97af6d23d
SF+ + SF4 -> SF+ + SF4,Ion-neutral elastic scattering,ion,elastic,mechanical,4,pass,pass,pass,unknown,unknown,,2.4491934203713174e-16,,,true,,rxn_9f37a03564e7
SF+ + SF5 -> SF+ + SF5,Ion-neutral elastic scattering,ion,elastic,mechanical,4,pass,pass,pass,unknown,unknown,,0.0,,,true,,rxn_667ef69e45f3
SF+ + SF6 -> SF+ + SF6,Ion-neutral elastic scattering,ion,elastic,mechanical,4,pass,pass,pass,unknown,unknown,,0.0,,,true,,rxn_2a637c95cbc8
SF- + Ar -> SF- + Ar,Ion-neutral elastic scattering,ion,elastic,mechanical,4,pass,unknown,unknown,unknown,unknown,,,,,true,,rxn_249c963a637d
SF- + F -> SF- + F,Ion-neutral elastic scattering,ion,elastic,mechanical,4,pass,unknown,unknown,unknown,unknown,,,,,true,,rxn_e0d8b088d9a8
SF- + O -> SF- + O,Ion-neutral elastic scattering,ion,elastic,mechanical,4,pass,unknown,unknown,unknown,unknown,,,,,true,,rxn_cffcb5903341
SF- + O2 -> SF- + O2,Ion-neutral elastic scattering,ion,elastic,mechanical,4,pass,unknown,unknown,unknown,unknown,,,,,true,,rxn_d9f13b0a1232
SF- + O2F -> SF- + O2F,Ion-neutral elastic scattering,ion,elastic,mechanical,4,pass,unknown,unknown,unknown,unknown,,,,,true,,rxn_5624ed19fced
SF- + OF -> SF- + OF,Ion-neutral elastic scattering,ion,elastic,mechanical,4,pass,unknown,unknown,unknown,unknown,,,,,true,,rxn_82b86e4630b9
SF- + S -> SF- + S,Ion-neutral elastic scattering,ion,elastic,mechanical,4,pass,unknown,unknown,unknown,unknown,,,,,true,,rxn_053b65272aa0
SF- + SF2 -> SF- + SF2,Ion-neutral elastic scattering,ion,elastic,mechanical,4,pass,unknown,unknown,unknown,unknown,,,,,true,,rxn_31125c3829d6
SF- + SF3 -> SF- + SF3,Ion-neutral elastic scattering,ion,elastic,mechanical,4,pass,unknown,unknown,unknown,unknown,,,,,true,,rxn_f080693984fa
SF- + SF4 -> SF- + SF4,Ion-neutral elastic scattering,ion,elastic,mechanical,4,pass,unknown,unknown,unknown,unknown,,,,,true,,rxn_96b91b47f133
SF- + SF5 -> SF- + SF5,Ion-neutral elastic scattering,ion,elastic,mechanical,4,pass,unknown,unknown,unknown,unknown,,,,,true,,rxn_b4a730333602
SF- + SF6 -> SF- + SF6,Ion-neutral elastic scattering,ion,elastic,mechanical,4,pass,unknown,unknown,unknown,unknown,,,,,true,,rxn_bf091ed7d0d2
SF2+ + S -> SF2+ + S,Ion-neutral elastic scattering,ion,elastic,mechanical,4,pass,pass,unknown,unknown,unknown,,,,,true,,rxn_f5df5d6fc06c
SF2+ + SF -> SF2+ + SF,Ion-neutral elastic scattering,ion,elastic,mechanical,4,pass,pass,pass,unknown,unknown,,-9.184475326392441e-17,,,true,,rxn_f85d68297437
SF2- + S -> SF2- + S,Ion-neutral elastic scattering,ion,elastic,mechanical,4,pass,pass,unknown,unknown,unknown,,,,,true,,rxn_1b286579cdfe
SF2- + SF -> SF2- + SF,Ion-neutral elastic scattering,ion,elastic,mechanical,4,pass,pass,pass,unknown,unknown,,-3.367640953010561e-16,,,true,,rxn_0fce314b72bc
SF3+ + S -> SF3+ + S,Ion-neutral elastic scattering,ion,elastic,mechanical,4,pass,pass,unknown,unknown,unknown,,,,,true,,rxn_31c874518496
SF3+ + SF -> SF3+ + SF,Ion-neutral elastic scattering,ion,elastic,mechanical,4,pass,pass,pass,unknown,unknown,,-9.184475326392441e-17,,,true,,rxn_ce86e197f624
SF3- + S -> SF3- + S,Ion-neutral elastic scattering,ion,elastic,mechanical,4,pass,pass,unknown,unknown,unknown,,,,,true,,rxn_b3f0562dd4a0
SF3- + SF -> SF3- + SF,Ion-neutral elastic scattering,ion,elastic,mechanical,4,pass,pass,pass,unknown,unknown,,-9.184475326392441e-17,,,true,,rxn_2594fa6a322a
SF4+ + S -> SF4+ + S,Ion-neutral elastic scattering,ion,elastic,mechanical,4,pass,pass,unknown,unknown,unknown,,,,,true,,rxn_4b8c295d00dc
SF4+ + SF -> SF4+ + SF,Ion-neutral elastic scattering,ion,elastic,mechanical,4,pass,pass,pass,unknown,unknown,,3.979939308103391e-16,,,true,,rxn_3b4ac5041ff9
SF4- + S -> SF4- + S,Ion-neutral elastic scattering,ion,elastic,mechanical,4,pass,pass,unknown,unknown,unknown,,,,,true,,rxn_563065773b0b
SF4- + SF -> SF4- + SF,Ion-neutral elastic scattering,ion,elastic,mechanical,4,pass,pass,pass,unknown,unknown,,6.429132728474708e-16,,,true,,rxn_85d83e7ae8a2
SF5+ + S -> SF5+ + S,Ion-neutral elastic scattering,ion,elastic,mechanical,4,pass,pass,unknown,unknown,unknown,,,,,true,,rxn_ad50d0c16173
SF5+ + SF -> SF5+ + SF,Ion-neutral elastic scattering,ion,elastic,mechanical,4,pass,pass,pass,unknown,unknown,,1.5307458877320733e-16,,,true,,rxn_e390028107d7
SF5- + S -> SF5- + S,Ion-neutral elastic scattering,ion,elastic,mechanical,4,pass,pass,unknown,unknown,unknown,,,,,true,,rxn_6d4329c10b34
SF5- + SF -> SF5- + SF,Ion-neutral elastic scattering,ion,elastic,mechanical,4,pass,pass,pass,unknown,unknown,,6.429132728474708e-16,,,true,,rxn_f3120892c9f9
SF6+ + S -> SF6+ + S,Ion-neutral elastic scattering,ion,elastic,mechanical,4,pass,unknown,unknown,unknown,unknown,,,,,true,,rxn_d78aac71041c
SF6+ + SF -> SF6+ + SF,Ion-neutral elastic scattering,ion,elastic,mechanical,4,pass,unknown,unknown,unknown,unknown,,,,,true,,rxn_5a9fa7488fd3
SF6- + S -> SF6- + S,Ion-neutral elastic scattering,ion,elastic,mechanical,4,pass,pass,unknown,unknown,unknown,,,,,true,,rxn_6de6b9ec85a4
SF6- + SF -> SF6- + SF,Ion-neutral elastic scattering,ion,elastic,mechanical,4,pass,pass,pass,unknown,unknown,,6.429132728474708e-16,,,true,,rxn_e37917dff2e4
SOF+ + Ar -> SOF+ + Ar,Ion-neutral elastic scattering,ion,elastic,mechanical,4,pass,unknown,unknown,unknown,unknown,,,,,true,,rxn_cd6a6f82e06b
SOF+ + F -> SOF+ + F,Ion-neutral elastic scattering,ion,elastic,mechanical,4,pass,unknown,unknown,unknown,unknown,,,,,true,,rxn_a5192c7f1400
SOF+ + O -> SOF+ + O,Ion-neutral elastic scattering,ion,elastic,mechanical,4,pass,unknown,unknown,unknown,unknown,,,,,true,,rxn_ddc353abc02f
SOF+ + O2 -> SOF+ + O2,Ion-neutral elastic scattering,ion,elastic,mechanical,4,pass,unknown,unknown,unknown,unknown,,,,,true,,rxn_b0ddd4499945
SOF+ + O2F -> SOF+ + O2F,Ion-neutral elastic scattering,ion,elastic,mechanical,4,pass,unknown,unknown,unknown,unknown,,,,,true,,rxn_9341d936460b
SOF+ + OF -> SOF+ + OF,Ion-neutral elastic scattering,ion,elastic,mechanical,4,pass,unknown,unknown,unknown,unknown,,,,,true,,rxn_0dc9a9e1e751
SOF+ + S -> SOF+ + S,Ion-neutral elastic scattering,ion,elastic,mechanical,4,pass,unknown,unknown,unknown,unknown,,,,,true,,rxn_44fc103d6613
SOF+ + SF -> SOF+ + SF,Ion-neutral elastic scattering,ion,elastic,mechanical,4,pass,unknown,unknown,unknown,unknown,,,,,true,,rxn_36d5a4fefe0b
SOF+ + SF2 -> SOF+ + SF2,Ion-neutral elastic scattering,ion,elastic,mechanical,4,pass,unknown,unknown,unknown,unknown,,,,,true,,rxn_071ff558b407
SOF+ + SF3 -> SOF+ + SF3,Ion-neutral elastic scattering,ion,elastic,mechanical,4,pass,unknown,unknown,unknown,unknown,,,,,true,,rxn_de0b72d093ef
SOF+ + SF4 -> SOF+ + SF4,Ion-neutral elastic scattering,ion,elastic,mechanical,4,pass,unknown,unknown,unknown,unknown,,,,,true,,rxn_c8ea49349a4f
SOF+ + SF5 -> SOF+ + SF5,Ion-neutral elastic scattering,ion,elastic,mechanical,4,pass,unknown,unknown,unknown,unknown,,,,,true,,rxn_11d96c157073
SOF+ + SF6 -> SOF+ + SF6,Ion-neutral elastic scattering,ion,elastic,mechanical,4,pass,unknown,unknown,unknown,unknown,,,,,true,,rxn_bcadb6077fec
SOF- + Ar -> SOF- + Ar,Ion-neutral elastic scattering,ion,elastic,mechanical,4,pass,unknown,unknown,unknown,unknown,,,,,true,,rxn_44f16dc3de05
SOF- + F -> SOF- + F,Ion-neutral elastic scattering,ion,elastic,mechanical,4,pass,unknown,unknown,unknown,unknown,,,,,true,,rxn_26dddcd2a385
SOF- + O -> SOF- + O,Ion-neutral elastic scattering,ion,elastic,mechanical,4,pass,unknown,unknown,unknown,unknown,,,,,true,,rxn_fd580b6030bb
SOF- + O2 -> SOF- + O2,Ion-neutral elastic scattering,ion,elastic,mechanical,4,pass,unknown,unknown,unknown,unknown,,,,,true,,rxn_6117bcc9d2f1
SOF- + O2F -> SOF- + O2F,Ion-neutral elastic scattering,ion,elastic,mechanical,4,pass,unknown,unknown,unknown,unknown,,,,,true,,rxn_0fa9f173879a
SOF- + OF -> SOF- + OF,Ion-neutral elastic scattering,ion,elastic,mechanical,4,pass,unknown,unknown,unknown,unknown,,,,,true,,rxn_169325774bf9
SOF- + S -> SOF- + S,Ion-neutral elastic scattering,ion,elastic,mechanical,4,pass,unknown,unknown,unknown,unknown,,,,,true,,rxn_3c75f7dfa435
SOF- + SF -> SOF- + SF,Ion-neutral elastic scattering,ion,elastic,mechanical,4,pass,unknown,unknown,unknown,unknown,,,,,true,,rxn_be3384005879
SOF- + SF2 -> SOF- + SF2,Ion-neutral elastic scattering,ion,elastic,mechanical,4,pass,unknown,unknown,unknown,unknown,,,,,true,,rxn_0cd25b93a35a
SOF- + SF3 -> SOF- + SF3,Ion-neutral elastic scattering,ion,elastic,mechanical,4,pass,unknown,unknown,unknown,unknown,,,,,true,,rxn_ccaf9546d964
SOF- + SF4 -> SOF- + SF4,Ion-neutral elastic scattering,ion,elastic,mechanical,4,pass,unknown,unknown,unknown,unknown,,,,,true,,rxn_c4ae5b19ca2f
SOF- + SF5 -> SOF- + SF5,Ion-neutral elastic scattering,ion,elastic,mechanical,4,pass,unknown,unknown,unknown,unknown,,,,,true,,rxn_26b90eb745bf
SOF- + SF6 -> SOF- + SF6,Ion-neutral elastic scattering,ion,elastic,mechanical,4,pass,unknown,unknown,unknown,unknown,,,,,true,,rxn_4e74eb9b34d6
SOF3+ + S -> SOF3+ + S,Ion-neutral elastic scattering,ion,elastic,mechanical,4,pass,unknown,unknown,unknown,unknown,,,,,true,,rxn_fe503f9c51c1
SOF3+ + SF -> SOF3+ + SF,Ion-neutral elastic scattering,ion,elastic,mechanical,4,pass,unknown,unknown,unknown,unknown,,,,,true,,rxn_a9e850550f90
SOF3- + S -> SOF3- + S,Ion-neutral elastic scattering,ion,elastic,mechanical,4,pass,unknown,unknown,unknown,unknown,,,,,true,,rxn_a1a2db361dea
SOF3- + SF -> SOF3- + SF,Ion-neutral elastic scattering,ion,elastic,mechanical,4,pass,unknown,unknown,unknown,unknown,,,,,true,,rxn_8c52b219cf96
SOF4+ + S -> SOF4+ + S,Ion-neutral elastic scattering,ion,elastic,mechanical,4,pass,unknown,unknown,unknown,unknown,,,,,true,,rxn_523c0584c679
SOF4+ + SF -> SOF4+ + SF,Ion-neutral elastic scattering,ion,elastic,mechanical,4,pass,unknown,unknown,unknown,unknown,,,,,true,,rxn_adabe88dcef8
SOF4- + S -> SOF4- + S,Ion-neutral elastic scattering,ion,elastic,mechanical,4,pass,unknown,unknown,unknown,unknown,,,,,true,,rxn_89d92f30df1e
SOF4- + SF -> SOF4- + SF,Ion-neutral elastic scattering,ion,elastic,mechanical,4,pass,unknown,unknown,unknown,unknown,,,,,true,,rxn_287f6b1cf21b
SOF5+ + S -> SOF5+ + S,Ion-neutral elastic scattering,ion,elastic,mechanical,4,pass,unknown,unknown,unknown,unknown,,,,,true,,rxn_ed7c3a4b0f13
SOF5+ + SF -> SOF5+ + SF,Ion-neutral elastic scattering,ion,elastic,mechanical,4,pass,unknown,unknown,unknown,unknown,,,,,true,,rxn_392dc35defc8
SOF5- + S -> SOF5- + S,Ion-neutral elastic scattering,ion,elastic,mechanical,4,pass,unknown,unknown,unknown,unknown,,,,,true,,rxn_427fd301dfc5
SOF5- + SF -> SOF5- + SF,Ion-neutral elastic scattering,ion,elastic,mechanical,4,pass,unknown,unknown,unknown,unknown,,,,,true,,rxn_00fa5744726e
S+ + Ar -> S+ + Ar(m),Ion-induced excitation,ion,ion_induced_excitation,mechanical,4,pass,unknown,unknown,unknown,unknown,,,,,true,,rxn_bd6407962147
S+ + Ar -> S+ + Ar(r),Ion-induced excitation,ion,ion_induced_excitation,mechanical,4,pass,unknown,unknown,unknown,unknown,,,,,true,,rxn_e1629c9e03fa
S+ + O2 -> S+ + O2(v),Ion-induced excitation,ion,ion_induced_excitation,mechanical,4,pass,unknown,unknown,unknown,unknown,,,,,true,,rxn_e482effcaa77
S+ + O2 -> S+ + O2*,Ion-induced excitation,ion,ion_induced_excitation,mechanical,4,pass,unknown,unknown,unknown,unknown,,,,,true,,rxn_83324188c2cb
S+ + SF6 -> S+ + SF6(v),Ion-induced excitation,ion,ion_induced_excitation,mechanical,4,pass,unknown,unknown,unknown,unknown,,,,,true,,rxn_358d4d01f309
S+ + SF6 -> S+ + SF6*,Ion-induced excitation,ion,ion_induced_excitation,mechanical,4,pass,unknown,unknown,unknown,unknown,,,,,true,,rxn_781fed8b7d8c
S- + Ar -> S- + Ar(m),Ion-induced excitation,ion,ion_induced_excitation,mechanical,4,pass,unknown,unknown,unknown,unknown,,,,,true,,rxn_5020991418d3
S- + Ar -> S- + Ar(r),Ion-induced excitation,ion,ion_induced_excitation,mechanical,4,pass,unknown,unknown,unknown,unknown,,,,,true,,rxn_07b8e5510f00
S- + O2 -> S- + O2(v),Ion-induced excitation,ion,ion_induced_excitation,mechanical,4,pass,unknown,unknown,unknown,unknown,,,,,true,,rxn_b73a5e0ee349
S- + O2 -> S- + O2*,Ion-induced excitation,ion,ion_induced_excitation,mechanical,4,pass,unknown,unknown,unknown,unknown,,,,,true,,rxn_05e4ed203ab0
S- + SF6 -> S- + SF6(v),Ion-induced excitation,ion,ion_induced_excitation,mechanical,4,pass,unknown,unknown,unknown,unknown,,,,,true,,rxn_77dd2fe74104
S- + SF6 -> S- + SF6*,Ion-induced excitation,ion,ion_induced_excitation,mechanical,4,pass,unknown,unknown,unknown,unknown,,,,,true,,rxn_c620f144c494
SF+ + Ar -> SF+ + Ar(m),Ion-induced excitation,ion,ion_induced_excitation,mechanical,4,pass,unknown,unknown,unknown,unknown,,,,,true,,rxn_bfd25ddb140c
SF+ + Ar -> SF+ + Ar(r),Ion-induced excitation,ion,ion_induced_excitation,mechanical,4,pass,unknown,unknown,unknown,unknown,,,,,true,,rxn_23f5c7e2fbca
SF+ + O2 -> SF+ + O2(v),Ion-induced excitation,ion,ion_induced_excitation,mechanical,4,pass,unknown,unknown,unknown,unknown,,,,,true,,rxn_798a15bcf005
SF+ + O2 -> SF+ + O2*,Ion-induced excitation,ion,ion_induced_excitation,mechanical,4,pass,unknown,unknown,unknown,unknown,,,,,true,,rxn_6632cf7ea9aa
SF+ + SF6 -> SF+ + SF6(v),Ion-induced excitation,ion,ion_induced_excitation,mechanical,4,pass,unknown,unknown,unknown,unknown,,,,,true,,rxn_b5494b0d1f7e
SF+ + SF6 -> SF+ + SF6*,Ion-induced excitation,ion,ion_induced_excitation,mechanical,4,pass,unknown,unknown,unknown,unknown,,,,,true,,rxn_c0f0e480f21f
SF- + Ar -> SF- + Ar(m),Ion-induced excitation,ion,ion_induced_excitation,mechanical,4,pass,unknown,unknown,unknown,unknown,,,,,true,,rxn_46aa6f2f6f68
SF- + Ar -> SF- + Ar(r),Ion-induced excitation,ion,ion_induced_excitation,mechanical,4,pass,unknown,unknown,unknown,unknown,,,,,true,,rxn_74789bc1d1ba
SF- + O2 -> SF- + O2(v),Ion-induced excitation,ion,ion_induced_excitation,mechanical,4,pass,unknown,unknown,unknown,unknown,,,,,true,,rxn_d7ff3829554e
SF- + O2 -> SF- + O2*,Ion-induced excitation,ion,ion_induced_excitation,mechanical,4,pass,unknown,unknown,unknown,unknown,,,,,true,,rxn_23eea765ec6f
SF- + SF6 -> SF- + SF6(v),Ion-induced excitation,ion,ion_induced_excitation,mechanical,4,pass,unknown,unknown,unknown,unknown,,,,,true,,rxn_f97fef3cb8aa
SF- + SF6 -> SF- + SF6*,Ion-induced excitation,ion,ion_induced_excitation,mechanical,4,pass,unknown,unknown,unknown,unknown,,,,,true,,rxn_40278f4c6ae9
SOF+ + Ar -> SOF+ + Ar(m),Ion-induced excitation,ion,ion_induced_excitation,mechanical,4,pass,unknown,unknown,unknown,unknown,,,,,true,,rxn_7b7f3cf20e27
SOF+ + Ar -> SOF+ + Ar(r),Ion-induced excitation,ion,ion_induced_excitation,mechanical,4,pass,unknown,unknown,unknown,unknown,,,,,true,,rxn_06e07a248328
SOF+ + O2 -> SOF+ + O2(v),Ion-induced excitation,ion,ion_induced_excitation,mechanical,4,pass,unknown,unknown,unknown,unknown,,,,,true,,rxn_c590edc95941
SOF+ + O2 -> SOF+ + O2*,Ion-induced excitation,ion,ion_induced_excitation,mechanical,4,pass,unknown,unknown,unknown,unknown,,,,,true,,rxn_638cf3c3d936
SOF+ + SF6 -> SOF+ + SF6(v),Ion-induced excitation,ion,ion_induced_excitation,mechanical,4,pass,unknown,unknown,unknown,unknown,,,,,true,,rxn_899c211545c1
SOF+ + SF6 -> SOF+ + SF6*,Ion-induced excitation,ion,ion_induced_excitation,mechanical,4,pass,unknown,unknown,unknown,unknown,,,,,true,,rxn_c8ee6e8408bb
SOF- + Ar -> SOF- + Ar(m),Ion-induced excitation,ion,ion_induced_excitation,mechanical,4,pass,unknown,unknown,unknown,unknown,,,,,true,,rxn_df55e5cb5770
SOF- + Ar -> SOF- + Ar(r),Ion-induced excitation,ion,ion_induced_excitation,mechanical,4,pass,unknown,unknown,unknown,unknown,,,,,true,,rxn_993115661cf0
SOF- + O2 -> SOF- + O2(v),Ion-induced excitation,ion,ion_induced_excitation,mechanical,4,pass,unknown,unknown,unknown,unknown,,,,,true,,rxn_108c866c5790
SOF- + O2 -> SOF- + O2*,Ion-induced excitation,ion,ion_induced_excitation,mechanical,4,pass,unknown,unknown,unknown,unknown,,,,,true,,rxn_6e60dca748de
SOF- + SF6 -> SOF- + SF6(v),Ion-induced excitation,ion,ion_induced_excitation,mechanical,4,pass,unknown,unknown,unknown,unknown,,,,,true,,rxn_635621805747
SOF- + SF6 -> SOF- + SF6*,Ion-induced excitation,ion,ion_induced_excitation,mechanical,4,pass,unknown,unknown,unknown,unknown,,,,,true,,rxn_0bb882818ed3
S+ + O2 -> SO+ + O,Ligand transfer,ion,ligand_transfer,mechanical,4,pass,unknown,unknown,unknown,unknown,,,,,true,,rxn_467e3bab3124
S+ + SF6 -> SF+ + SF5,Ligand transfer,ion,ligand_transfer,mechanical,4,pass,pass,pass,unknown,unknown,,-0.08676969127595519,,,true,,rxn_ec469810bcf1
S- + O2 -> SO- + O,Ligand transfer,ion,ligand_transfer,mechanical,4,pass,unknown,unknown,unknown,unknown,,,,,true,,rxn_8802e44bfe0a
S- + SF6 -> SF- + SF5,Ligand transfer,ion,ligand_transfer,mechanical,4,pass,unknown,unknown,unknown,unknown,,,,,true,,rxn_7ab3e5db22e7
Ar+ + S- -> Ar + S,Ion-ion mutual neutralization,ion,mutual_neutralization,mechanical,4,pass,pass,unknown,unknown,unknown,,,,,true,,rxn_61efc7baa8aa
Ar+ + SF- -> Ar + SF,Ion-ion mutual neutralization,ion,mutual_neutralization,mechanical,4,pass,unknown,unknown,unknown,unknown,,,,,true,,rxn_bfdadea7001c
Ar+ + SOF- -> Ar + SOF,Ion-ion mutual neutralization,ion,mutual_neutralization,mechanical,4,pass,unknown,unknown,unknown,unknown,,,,,true,,rxn_c3678ec73389
ArF+ + S- -> Ar + F + S,Ion-ion mutual neutralization,ion,mutual_neutralization,mechanical,4,pass,unknown,unknown,unknown,unknown,,,,,true,,rxn_819ca4dc835a
ArF+ + SF- -> Ar + F + SF,Ion-ion mutual neutralization,ion,mutual_neutralization,mechanical,4,pass,unknown,unknown,unknown,unknown,,,,,true,,rxn_0a286abc68a3
ArF+ + SOF- -> Ar + F + SOF,Ion-ion mutual neutralization,ion,mutual_neutralization,mechanical,4,pass,unknown,unknown,unknown,unknown,,,,,true,,rxn_cb8eecb234dd
F+ + S- -> F + S,Ion-ion mutual neutralization,ion,mutual_neutralization,mechanical,4,pass,pass,unknown,unknown,unknown,,,,,true,,rxn_571dc03647a3
F+ + SF- -> F + SF,Ion-ion mutual neutralization,ion,mutual_neutralization,mechanical,4,pass,unknown,unknown,unknown,unknown,,,,,true,,rxn_e9d7cc317da7
F+ + SOF- -> F + SOF,Ion-ion mutual neutralization,ion,mutual_neutralization,mechanical,4,pass,unknown,unknown,unknown,unknown,,,,,true,,rxn_797fc6b42c24
F2+ + S- -> S + F2,Ion-ion mutual neutralization,ion,mutual_neutralization,mechanical,4,pass,pass,unknown,unknown,unknown,,,,,true,,rxn_b86cfbb66325
F2+ + SF- -> SF + F2,Ion-ion mutual neutralization,ion,mutual_neutralization,mechanical,4,pass,unknown,unknown,unknown,unknown,,,,,true,,rxn_3cb085b333bf
F2+ + SOF- -> SOF + F2,Ion-ion mutual neutralization,ion,mutual_neutralization,mechanical,4,pass,unknown,unknown,unknown,unknown,,,,,true,,rxn_26a8ec05b26b
O+ + S- -> O + S,Ion-ion mutual neutralization,ion,mutual_neutralization,mechanical,4,pass,pass,unknown,unknown,unknown,,,,,true,,rxn_c0d0de7f0e3e
O+ + SF- -> O + SF,Ion-ion mutual neutralization,ion,mutual_neutralization,mechanical,4,pass,unknown,unknown,unknown,unknown,,,,,true,,rxn_bfd14f0065b9
O+ + SOF- -> O + SOF,Ion-ion mutual neutralization,ion,mutual_neutralization,mechanical,4,pass,unknown,unknown,unknown,unknown,,,,,true,,rxn_5a86c58d719f
O2+ + S- -> S + O2,Ion-ion mutual neutralization,ion,mutual_neutralization,mechanical,4,pass,pass,unknown,unknown,unknown,,,,,true,,rxn_a5a81f7dec57
O2+ + SF- -> SF + O2,Ion-ion mutual neutralization,ion,mutual_neutralization,mechanical,4,pass,unknown,unknown,unknown,unknown,,,,,true,,rxn_4e703139cda9
O2+ + SOF- -> SOF + O2,Ion-ion mutual neutralization,ion,mutual_neutralization,mechanical,4,pass,unknown,unknown,unknown,unknown,,,,,true,,rxn_5b9fe6d36374
O2F+ + S- -> O2F + S,Ion-ion mutual neutralization,ion,mutual_neutralization,mechanical,4,pass,unknown,unknown,unknown,unknown,,,,,true,,rxn_7ae75519a83c
O2F+ + SF- -> O2F + SF,Ion-ion mutual neutralization,ion,mutual_neutralization,mechanical,4,pass,unknown,unknown,unknown,unknown,,,,,true,,rxn_b7911385de56
O2F+ + SOF- -> O2F + SOF,Ion-ion mutual neutralization,ion,mutual_neutralization,mechanical,4,pass,unknown,unknown,unknown,unknown,,,,,true,,rxn_582feef23421
OF+ + S- -> OF + S,Ion-ion mutual neutralization,ion,mutual_neutralization,mechanical,4,pass,unknown,unknown,unknown,unknown,,,,,true,,rxn_96c2d0afc1dc
OF+ + SF- -> OF + SF,Ion-ion mutual neutralization,ion,mutual_neutralization,mechanical,4,pass,unknown,unknown,unknown,unknown,,,,,true,,rxn_9edb2da9bad6
OF+ + SOF- -> OF + SOF,Ion-ion mutual neutralization,ion,mutual_neutralization,mechanical,4,pass,unknown,unknown,unknown,unknown,,,,,true,,rxn_c54a78d83957
S+ + Ar- -> Ar + S,Ion-ion mutual neutralization,ion,mutual_neutralization,mechanical,4,pass,fail,unknown,unknown,unknown,,,,,true,,rxn_62d4bd5fa97f
S+ + ArF- -> Ar + F + S,Ion-ion mutual neutralization,ion,mutual_neutralization,mechanical,4,pass,unknown,unknown,unknown,unknown,,,,,true,,rxn_d767a5ddf441
S+ + F- -> F + S,Ion-ion mutual neutralization,ion,mutual_neutralization,mechanical,4,pass,pass,unknown,pass,pass,,,,rate_coefficient,true,,rxn_8b63c12e167e
S+ + F2- -> S + F2,Ion-ion mutual neutralization,ion,mutual_neutralization,mechanical,4,pass,pass,unknown,pass,pass,,,,rate_coefficient,true,,rxn_8ed7ddc1bfe2
S+ + O- -> O + S,Ion-ion mutual neutralization,ion,mutual_neutralization,mechanical,4,pass,pass,unknown,unknown,unknown,,,,,true,,rxn_137e6d374fb8
S+ + O2- -> S + O2,Ion-ion mutual neutralization,ion,mutual_neutralization,mechanical,4,pass,pass,unknown,unknown,unknown,,,,,true,,rxn_4332023585f5
S+ + O2F- -> O2F + S,Ion-ion mutual neutralization,ion,mutual_neutralization,mechanical,4,pass,unknown,unknown,unknown,unknown,,,,,true,,rxn_3a01737a13ec
S+ + OF- -> OF + S,Ion-ion mutual neutralization,ion,mutual_neutralization,mechanical,4,pass,unknown,unknown,unknown,unknown,,,,,true,,rxn_f91e77b2df92
S+ + S- -> 2 S,Ion-ion mutual neutralization,ion,mutual_neutralization,mechanical,4,pass,pass,unknown,unknown,unknown,,,,,true,,rxn_6e025a3953ac
S+ + SF- -> S + SF,Ion-ion mutual neutralization,ion,mutual_neutralization,mechanical,4,pass,unknown,unknown,unknown,unknown,,,,,true,,rxn_bd5a2098ff79
S+ + SF2- -> S + SF2,Ion-ion mutual neutralization,ion,mutual_neutralization,mechanical,4,pass,pass,unknown,pass,pass,,,,rate_coefficient,true,,rxn_4b8f74b1d67a
S+ + SF3- -> S + SF3,Ion-ion mutual neutralization,ion,mutual_neutralization,mechanical,4,pass,pass,unknown,pass,pass,,,,rate_coefficient,true,,rxn_47ce4b909d01
S+ + SF4- -> S + SF4,Ion-ion mutual neutralization,ion,mutual_neutralization,mechanical,4,pass,pass,unknown,pass,pass,,,,rate_coefficient,true,,rxn_d99e166c0d89
S+ + SF5- -> S + SF5,Ion-ion mutual neutralization,ion,mutual_neutralization,mechanical,4,pass,pass,unknown,pass,pass,,,,rate_coefficient,true,,rxn_1eb9162e1e14
S+ + SF6- -> S + SF6,Ion-ion mutual neutralization,ion,mutual_neutralization,mechanical,4,pass,pass,unknown,pass,pass,,,,rate_coefficient,true,,rxn_c27e96d13429
S+ + SOF- -> S + SOF,Ion-ion mutual neutralization,ion,mutual_neutralization,mechanical,4,pass,unknown,unknown,unknown,unknown,,,,,true,,rxn_ba9dc2ce57a5
S+ + SOF3- -> S + SOF3,Ion-ion mutual neutralization,ion,mutual_neutralization,mechanical,4,pass,unknown,unknown,unknown,unknown,,,,,true,,rxn_b1a0954031b1
S+ + SOF4- -> S + SOF4,Ion-ion mutual neutralization,ion,mutual_neutralization,mechanical,4,pass,unknown,unknown,unknown,unknown,,,,,true,,rxn_a381d7ac85ae
S+ + SOF5- -> S + SOF5,Ion-ion mutual neutralization,ion,mutual_neutralization,mechanical,4,pass,unknown,unknown,unknown,unknown,,,,,true,,rxn_7e0b9429926c
SF+ + Ar- -> Ar + SF,Ion-ion mutual neutralization,ion,mutual_neutralization,mechanical,4,pass,fail,unknown,unknown,unknown,,,,,true,,rxn_f3b492ba214e
SF+ + ArF- -> Ar + F + SF,Ion-ion mutual neutralization,ion,mutual_neutralization,mechanical,4,pass,unknown,unknown,unknown,unknown,,,,,true,,rxn_f74fbb61482a
SF+ + F- -> F + SF,Ion-ion mutual neutralization,ion,mutual_neutralization,mechanical,4,pass,pass,pass,pass,pass,,-6.739036893771467,,rate_coefficient,true,,rxn_afe0831eda14
SF+ + F2- -> SF + F2,Ion-ion mutual neutralization,ion,mutual_neutralization,mechanical,4,pass,pass,unknown,pass,pass,,,,rate_coefficient,true,,rxn_455b66d19d01
SF+ + O- -> O + SF,Ion-ion mutual neutralization,ion,mutual_neutralization,mechanical,4,pass,pass,pass,unknown,unknown,,-8.630810670359178,,,true,,rxn_a437790bb933
SF+ + O2- -> SF + O2,Ion-ion mutual neutralization,ion,mutual_neutralization,mechanical,4,pass,pass,unknown,unknown,unknown,,,,,true,,rxn_9327ef1f19c5
SF+ + O2F- -> O2F + SF,Ion-ion mutual neutralization,ion,mutual_neutralization,mechanical,4,pass,unknown,unknown,unknown,unknown,,,,,true,,rxn_c3293d6531aa
SF+ + OF- -> OF + SF,Ion-ion mutual neutralization,ion,mutual_neutralization,mechanical,4,pass,unknown,unknown,unknown,unknown,,,,,true,,rxn_382563e74535
SF+ + S- -> S + SF,Ion-ion mutual neutralization,ion,mutual_neutralization,mechanical,4,pass,pass,unknown,unknown,unknown,,,,,true,,rxn_f280f0825d6b
SF+ + SF- -> 2 SF,Ion-ion mutual neutralization,ion,mutual_neutralization,mechanical,4,pass,unknown,unknown,unknown,unknown,,,,,true,,rxn_14668e44bbcc
SF+ + SF2- -> SF2 + SF,Ion-ion mutual neutralization,ion,mutual_neutralization,mechanical,4,pass,pass,pass,pass,pass,,-9.049988230025313,,rate_coefficient,true,,rxn_82e06ab1c0b5
SF+ + SF3- -> SF3 + SF,Ion-ion mutual neutralization,ion,mutual_neutralization,mechanical,4,pass,pass,pass,pass,pass,,-7.337574528226657,,rate_coefficient,true,,rxn_c80d25e1fcc4
SF+ + SF4- -> SF4 + SF,Ion-ion mutual neutralization,ion,mutual_neutralization,mechanical,4,pass,pass,pass,pass,pass,,-8.800794278116065,,rate_coefficient,true,,rxn_7a5da1a0ada8
SF+ + SF5- -> SF5 + SF,Ion-ion mutual neutralization,ion,mutual_neutralization,mechanical,4,pass,pass,pass,pass,pass,,-6.365577619749247,,rate_coefficient,true,,rxn_cb701319cbd5
SF+ + SF6- -> SF + SF6,Ion-ion mutual neutralization,ion,mutual_neutralization,mechanical,4,pass,pass,pass,pass,pass,,-8.840408336313173,,rate_coefficient,true,,rxn_5712fb05d036
SF+ + SOF- -> SF + SOF,Ion-ion mutual neutralization,ion,mutual_neutralization,mechanical,4,pass,unknown,unknown,unknown,unknown,,,,,true,,rxn_ef4050eb76fa
SF+ + SOF3- -> SF + SOF3,Ion-ion mutual neutralization,ion,mutual_neutralization,mechanical,4,pass,unknown,unknown,unknown,unknown,,,,,true,,rxn_df5359397c64
SF+ + SOF4- -> SF + SOF4,Ion-ion mutual neutralization,ion,mutual_neutralization,mechanical,4,pass,unknown,unknown,unknown,unknown,,,,,true,,rxn_8aa41b71266c
SF+ + SOF5- -> SF + SOF5,Ion-ion mutual neutralization,ion,mutual_neutralization,mechanical,4,pass,unknown,unknown,unknown,unknown,,,,,true,,rxn_6425d42266b3
SF2+ + S- -> S + SF2,Ion-ion mutual neutralization,ion,mutual_neutralization,mechanical,4,pass,pass,unknown,unknown,unknown,,,,,true,,rxn_d00664547746
SF2+ + SF- -> SF2 + SF,Ion-ion mutual neutralization,ion,mutual_neutralization,mechanical,4,pass,unknown,unknown,unknown,unknown,,,,,true,,rxn_99421eaaf5fe
SF2+ + SOF- -> SF2 + SOF,Ion-ion mutual neutralization,ion,mutual_neutralization,mechanical,4,pass,unknown,unknown,unknown,unknown,,,,,true,,rxn_1906d1371904
SF3+ + S- -> S + SF3,Ion-ion mutual neutralization,ion,mutual_neutralization,mechanical,4,pass,pass,unknown,unknown,unknown,,,,,true,,rxn_47edc115afc6
SF3+ + SF- -> SF3 + SF,Ion-ion mutual neutralization,ion,mutual_neutralization,mechanical,4,pass,unknown,unknown,unknown,unknown,,,,,true,,rxn_259822a82d2b
SF3+ + SOF- -> SF3 + SOF,Ion-ion mutual neutralization,ion,mutual_neutralization,mechanical,4,pass,unknown,unknown,unknown,unknown,,,,,true,,rxn_fa0bac74dce6
SF4+ + S- -> S + SF4,Ion-ion mutual neutralization,ion,mutual_neutralization,mechanical,4,pass,pass,unknown,unknown,unknown,,,,,true,,rxn_790b071474e7
SF4+ + SF- -> SF4 + SF,Ion-ion mutual neutralization,ion,mutual_neutralization,mechanical,4,pass,unknown,unknown,unknown,unknown,,,,,true,,rxn_7102308df80b
SF4+ + SOF- -> SF4 + SOF,Ion-ion mutual neutralization,ion,mutual_neutralization,mechanical,4,pass,unknown,unknown,unknown,unknown,,,,,true,,rxn_6765b34224aa
SF5+ + S- -> S + SF5,Ion-ion mutual neutralization,ion,mutual_neutralization,mechanical,4,pass,pass,unknown,unknown,unknown,,,,,true,,rxn_c04a0a21cafd
SF5+ + SF- -> SF5 + SF,Ion-ion mutual neutralization,ion,mutual_neutralization,mechanical,4,pass,unknown,unknown,unknown,unknown,,,,,true,,rxn_28d7c22f6591
SF5+ + SOF- -> SF5 + SOF,Ion-ion mutual neutralization,ion,mutual_neutralization,mechanical,4,pass,unknown,unknown,unknown,unknown,,,,,true,,rxn_d4d30d5d5bbc
SF6+ + S- -> S + SF6,Ion-ion mutual neutralization,ion,mutual_neutralization,mechanical,4,pass,unknown,unknown,unknown,unknown,,,,,true,,rxn_93c7c845c818
SF6+ + SF- -> SF + SF6,Ion-ion mutual neutralization,ion,mutual_neutralization,mechanical,4,pass,unknown,unknown,unknown,unknown,,,,,true,,rxn_4b37a25f3737
SF6+ + SOF- -> SOF + SF6,Ion-ion mutual neutralization,ion,mutual_neutralization,mechanical,4,pass,unknown,unknown,unknown,unknown,,,,,true,,rxn_68b10acbd041
SOF+ + Ar- -> Ar + SOF,Ion-ion mutual neutralization,ion,mutual_neutralization,mechanical,4,pass,fail,unknown,unknown,unknown,,,,,true,,rxn_0d40dda3a6b2
SOF+ + ArF- -> Ar + F + SOF,Ion-ion mutual neutralization,ion,mutual_neutralization,mechanical,4,pass,unknown,unknown,unknown,unknown,,,,,true,,rxn_9a229fb10836
SOF+ + F- -> F + SOF,Ion-ion mutual neutralization,ion,mutual_neutralization,mechanical,4,pass,unknown,unknown,unknown,unknown,,,,,true,,rxn_738d6a2704d9
SOF+ + F2- -> SOF + F2,Ion-ion mutual neutralization,ion,mutual_neutralization,mechanical,4,pass,unknown,unknown,unknown,unknown,,,,,true,,rxn_241a07da7ee7
SOF+ + O- -> O + SOF,Ion-ion mutual neutralization,ion,mutual_neutralization,mechanical,4,pass,unknown,unknown,unknown,unknown,,,,,true,,rxn_48e804c84523
SOF+ + O2- -> SOF + O2,Ion-ion mutual neutralization,ion,mutual_neutralization,mechanical,4,pass,unknown,unknown,unknown,unknown,,,,,true,,rxn_9dfea323978b
SOF+ + O2F- -> O2F + SOF,Ion-ion mutual neutralization,ion,mutual_neutralization,mechanical,4,pass,unknown,unknown,unknown,unknown,,,,,true,,rxn_74413de1925a
SOF+ + OF- -> OF + SOF,Ion-ion mutual neutralization,ion,mutual_neutralization,mechanical,4,pass,unknown,unknown,unknown,unknown,,,,,true,,rxn_03d785309a36
SOF+ + S- -> S + SOF,Ion-ion mutual neutralization,ion,mutual_neutralization,mechanical,4,pass,unknown,unknown,unknown,unknown,,,,,true,,rxn_4ca9c7768736
SOF+ + SF- -> SF + SOF,Ion-ion mutual neutralization,ion,mutual_neutralization,mechanical,4,pass,unknown,unknown,unknown,unknown,,,,,true,,rxn_749834e8a4b2
SOF+ + SF2- -> SF2 + SOF,Ion-ion mutual neutralization,ion,mutual_neutralization,mechanical,4,pass,unknown,unknown,unknown,unknown,,,,,true,,rxn_96a47c3d9cf6
SOF+ + SF3- -> SF3 + SOF,Ion-ion mutual neutralization,ion,mutual_neutralization,mechanical,4,pass,unknown,unknown,unknown,unknown,,,,,true,,rxn_179259fca76f
SOF+ + SF4- -> SF4 + SOF,Ion-ion mutual neutralization,ion,mutual_neutralization,mechanical,4,pass,unknown,unknown,unknown,unknown,,,,,true,,rxn_8f8ecc5292f3
SOF+ + SF5- -> SF5 + SOF,Ion-ion mutual neutralization,ion,mutual_neutralization,mechanical,4,pass,unknown,unknown,unknown,unknown,,,,,true,,rxn_a3cc6b4d8c1d
SOF+ + SF6- -> SOF + SF6,Ion-ion mutual neutralization,ion,mutual_neutralization,mechanical,4,pass,unknown,unknown,unknown,unknown,,,,,true,,rxn_52322f4325cf
SOF+ + SOF- -> 2 SOF,Ion-ion mutual neutralization,ion,mutual_neutralization,mechanical,4,pass,unknown,unknown,unknown,unknown,,,,,true,,rxn_ed236974da4b
SOF+ + SOF3- -> SOF3 + SOF,Ion-ion mutual neutralization,ion,mutual_neutralization,mechanical,4,pass,unknown,unknown,unknown,unknown,,,,,true,,rxn_fca515d1591d
SOF+ + SOF4- -> SOF + SOF4,Ion-ion mutual neutralization,ion,mutual_neutralization,mechanical,4,pass,unknown,unknown,unknown,unknown,,,,,true,,rxn_3d9dd258b8cb
SOF+ + SOF5- -> SOF5 + SOF,Ion-ion mutual neutralization,ion,mutual_neutralization,mechanical,4,pass,unknown,unknown,unknown,unknown,,,,,true,,rxn_d2ca8fac2f15
SOF3+ + S- -> S + SOF3,Ion-ion mutual neutralization,ion,mutual_neutralization,mechanical,4,pass,unknown,unknown,unknown,unknown,,,,,true,,rxn_293768ce3654
SOF3+ + SF- -> SF + SOF3,Ion-ion mutual neutralization,ion,mutual_neutralization,mechanical,4,pass,unknown,unknown,unknown,unknown,,,,,true,,rxn_1aa61ca1641a
SOF3+ + SOF- -> SOF3 + SOF,Ion-ion mutual neutralization,ion,mutual_neutralization,mechanical,4,pass,unknown,unknown,unknown,unknown,,,,,true,,rxn_c15477c224a6
SOF4+ + S- -> S + SOF4,Ion-ion mutual neutralization,ion,mutual_neutralization,mechanical,4,pass,unknown,unknown,unknown,unknown,,,,,true,,rxn_5e5f8e9fa654
SOF4+ + SF- -> SF + SOF4,Ion-ion mutual neutralization,ion,mutual_neutralization,mechanical,4,pass,unknown,unknown,unknown,unknown,,,,,true,,rxn_7b218da988ad
SOF4+ + SOF- -> SOF + SOF4,Ion-ion mutual neutralization,ion,mutual_neutralization,mechanical,4,pass,unknown,unknown,unknown,unknown,,,,,true,,rxn_38a6017feb12
SOF5+ + S- -> S + SOF5,Ion-ion mutual neutralization,ion,mutual_neutralization,mechanical,4,pass,unknown,unknown,unknown,unknown,,,,,true,,rxn_bc2044a7236b
SOF5+ + SF- -> SF + SOF5,Ion-ion mutual neutralization,ion,mutual_neutralization,mechanical,4,pass,unknown,unknown,unknown,unknown,,,,,true,,rxn_b0dee19416ea
SOF5+ + SOF- -> SOF5 + SOF,Ion-ion mutual neutralization,ion,mutual_neutralization,mechanical,4,pass,unknown,unknown,unknown,unknown,,,,,true,,rxn_d8ad4a0c938d
SF+ + Ar -> S+ + Ar + F,Projectile-ion dissociation,ion,projectile_dissociation,mechanical,4,pass,pass,pass,unknown,unknown,,3.4238598866226377,,,true,,rxn_c62f4bede2fb
SF+ + F -> S+ + 2 F,Projectile-ion dissociation,ion,projectile_dissociation,mechanical,4,pass,pass,pass,unknown,unknown,,3.4238598866226377,,,true,,rxn_3f840e39dad9
SF+ + O -> S+ + F + O,Projectile-ion dissociation,ion,projectile_dissociation,mechanical,4,pass,pass,pass,unknown,unknown,,3.4238598866226377,,,true,,rxn_217b37b9cb73
SF+ + O2 -> S+ + F + O2,Projectile-ion dissociation,ion,projectile_dissociation,mechanical,4,pass,pass,pass,unknown,unknown,,3.4238598866226377,,,true,,rxn_5acfbd217ac9
SF+ + O2F -> S+ + F + O2F,Projectile-ion dissociation,ion,projectile_dissociation,mechanical,4,pass,unknown,unknown,unknown,unknown,,,,,true,,rxn_c75f6dcd8b57
SF+ + OF -> S+ + F + OF,Projectile-ion dissociation,ion,projectile_dissociation,mechanical,4,pass,pass,pass,unknown,unknown,,3.4238598866226377,,,true,,rxn_e6ae0b76460d
SF+ + S -> S+ + F + S,Projectile-ion dissociation,ion,projectile_dissociation,mechanical,4,pass,pass,unknown,unknown,unknown,,,,,true,,rxn_0afdee16370f
SF+ + SF -> S+ + F + SF,Projectile-ion dissociation,ion,projectile_dissociation,mechanical,4,pass,pass,pass,unknown,unknown,,3.4238598866226395,,,true,,rxn_393eefd51d68
SF+ + SF2 -> S+ + F + SF2,Projectile-ion dissociation,ion,projectile_dissociation,mechanical,4,pass,pass,pass,unknown,unknown,,3.4238598866226377,,,true,,rxn_c5f8d2876f6d
SF+ + SF3 -> S+ + F + SF3,Projectile-ion dissociation,ion,projectile_dissociation,mechanical,4,pass,pass,pass,unknown,unknown,,3.4238598866226377,,,true,,rxn_4fb00082f7b7
SF+ + SF4 -> S+ + F + SF4,Projectile-ion dissociation,ion,projectile_dissociation,mechanical,4,pass,pass,pass,unknown,unknown,,3.4238598866226377,,,true,,rxn_ba444b59b63a
SF+ + SF5 -> S+ + F + SF5,Projectile-ion dissociation,ion,projectile_dissociation,mechanical,4,pass,pass,pass,unknown,unknown,,3.4238598866226377,,,true,,rxn_ccc36dea1564
SF+ + SF6 -> S+ + F + SF6,Projectile-ion dissociation,ion,projectile_dissociation,mechanical,4,pass,pass,pass,unknown,unknown,,3.423859886622638,,,true,,rxn_17ff01da49d1
SF- + Ar -> S- + Ar + F,Projectile-ion dissociation,ion,projectile_dissociation,mechanical,4,pass,unknown,unknown,unknown,unknown,,,,,true,,rxn_0f1d07fdb933
SF- + F -> S- + 2 F,Projectile-ion dissociation,ion,projectile_dissociation,mechanical,4,pass,unknown,unknown,unknown,unknown,,,,,true,,rxn_7448ad022ab7
SF- + O -> S- + F + O,Projectile-ion dissociation,ion,projectile_dissociation,mechanical,4,pass,unknown,unknown,unknown,unknown,,,,,true,,rxn_63fb6f50c65e
SF- + O2 -> S- + F + O2,Projectile-ion dissociation,ion,projectile_dissociation,mechanical,4,pass,unknown,unknown,unknown,unknown,,,,,true,,rxn_6baa3785d612
SF- + O2F -> S- + F + O2F,Projectile-ion dissociation,ion,projectile_dissociation,mechanical,4,pass,unknown,unknown,unknown,unknown,,,,,true,,rxn_9279dea3951e
SF- + OF -> S- + F + OF,Projectile-ion dissociation,ion,projectile_dissociation,mechanical,4,pass,unknown,unknown,unknown,unknown,,,,,true,,rxn_13a3e6ba2a42
SF- + S -> S- + F + S,Projectile-ion dissociation,ion,projectile_dissociation,mechanical,4,pass,unknown,unknown,unknown,unknown,,,,,true,,rxn_0b00d9230983
SF- + SF -> S- + F + SF,Projectile-ion dissociation,ion,projectile_dissociation,mechanical,4,pass,unknown,unknown,unknown,unknown,,,,,true,,rxn_891fc7521bef
SF- + SF2 -> S- + F + SF2,Projectile-ion dissociation,ion,projectile_dissociation,mechanical,4,pass,unknown,unknown,unknown,unknown,,,,,true,,rxn_a47871acdcd8
SF- + SF3 -> S- + F + SF3,Projectile-ion dissociation,ion,projectile_dissociation,mechanical,4,pass,unknown,unknown,unknown,unknown,,,,,true,,rxn_b6fb0f60feb4
SF- + SF4 -> S- + F + SF4,Projectile-ion dissociation,ion,projectile_dissociation,mechanical,4,pass,unknown,unknown,unknown,unknown,,,,,true,,rxn_23157920191b
SF- + SF5 -> S- + F + SF5,Projectile-ion dissociation,ion,projectile_dissociation,mechanical,4,pass,unknown,unknown,unknown,unknown,,,,,true,,rxn_4e851c7712c0
SF- + SF6 -> S- + F + SF6,Projectile-ion dissociation,ion,projectile_dissociation,mechanical,4,pass,unknown,unknown,unknown,unknown,,,,,true,,rxn_522fc4d703e2
S+ + S -> S+ + S,Resonant charge exchange,ion,resonant_charge_exchange,mechanical,4,pass,pass,pass,unknown,unknown,,,,,true,,rxn_467e29976587
S- + S -> S- + S,Resonant charge exchange,ion,resonant_charge_exchange,mechanical,4,pass,pass,pass,unknown,unknown,,,,,true,,rxn_c606cd84ef4d
SF+ + SF -> SF+ + SF,Resonant charge exchange,ion,resonant_charge_exchange,mechanical,4,pass,pass,pass,unknown,unknown,,6.429132728474708e-16,,,true,,rxn_da7c098c92cf
SF- + SF -> SF- + SF,Resonant charge exchange,ion,resonant_charge_exchange,mechanical,4,pass,unknown,pass,unknown,unknown,,,,,true,,rxn_c73e760d4b31
SOF3+ + SOF3 -> SOF3+ + SOF3,Resonant charge exchange,ion,resonant_charge_exchange,mechanical,4,pass,unknown,pass,unknown,unknown,,,,,true,,rxn_047bf57559bf
SOF3- + SOF3 -> SOF3- + SOF3,Resonant charge exchange,ion,resonant_charge_exchange,mechanical,4,pass,unknown,pass,unknown,unknown,,,,,true,,rxn_0ebe989a4736
SOF4+ + SOF4 -> SOF4+ + SOF4,Resonant charge exchange,ion,resonant_charge_exchange,mechanical,4,pass,unknown,pass,unknown,unknown,,,,,true,,rxn_8a8cdc6913fa
SOF4- + SOF4 -> SOF4- + SOF4,Resonant charge exchange,ion,resonant_charge_exchange,mechanical,4,pass,unknown,pass,unknown,unknown,,,,,true,,rxn_f7cfedcaa0c1
O2F2+ + Ar -> Ar+ + O2F2,Charge exchange,ion,charge_exchange,mechanical,5,pass,unknown,unknown,unknown,unknown,,,,,true,,rxn_2bfe386d550e
O2F2+ + F -> F+ + O2F2,Charge exchange,ion,charge_exchange,mechanical,5,pass,unknown,unknown,unknown,unknown,,,,,true,,rxn_12118156fb9f
O2F2+ + O -> O+ + O2F2,Charge exchange,ion,charge_exchange,mechanical,5,pass,unknown,unknown,unknown,unknown,,,,,true,,rxn_1c503e6f3dfd
O2F2+ + O2 -> O2+ + O2F2,Charge exchange,ion,charge_exchange,mechanical,5,pass,unknown,unknown,unknown,unknown,,,,,true,,rxn_b60f23d81373
O2F2+ + O2F -> O2F+ + O2F2,Charge exchange,ion,charge_exchange,mechanical,5,pass,unknown,unknown,unknown,unknown,,,,,true,,rxn_4214c6504ac8
O2F2+ + OF -> OF+ + O2F2,Charge exchange,ion,charge_exchange,mechanical,5,pass,unknown,unknown,unknown,unknown,,,,,true,,rxn_f531a9ae63eb
O2F2+ + S -> S+ + O2F2,Charge exchange,ion,charge_exchange,mechanical,5,pass,unknown,unknown,unknown,unknown,,,,,true,,rxn_cb26e7e5065b
O2F2+ + SF -> SF+ + O2F2,Charge exchange,ion,charge_exchange,mechanical,5,pass,unknown,unknown,unknown,unknown,,,,,true,,rxn_b332214d2403
O2F2+ + SF2 -> SF2+ + O2F2,Charge exchange,ion,charge_exchange,mechanical,5,pass,unknown,unknown,unknown,unknown,,,,,true,,rxn_1b6868921608
O2F2+ + SF3 -> SF3+ + O2F2,Charge exchange,ion,charge_exchange,mechanical,5,pass,unknown,unknown,unknown,unknown,,,,,true,,rxn_d2a6ddfa9db9
O2F2+ + SF4 -> SF4+ + O2F2,Charge exchange,ion,charge_exchange,mechanical,5,pass,unknown,unknown,unknown,unknown,,,,,true,,rxn_ea0281b62f7c
O2F2+ + SF5 -> SF5+ + O2F2,Charge exchange,ion,charge_exchange,mechanical,5,pass,unknown,unknown,unknown,unknown,,,,,true,,rxn_924b2a7495f3
O2F2+ + SF6 -> SF6+ + O2F2,Charge exchange,ion,charge_exchange,mechanical,5,pass,unknown,unknown,unknown,unknown,,,,,true,,rxn_ca70b6fc2966
O2F2- + Ar -> Ar- + O2F2,Charge exchange,ion,charge_exchange,mechanical,5,pass,fail,unknown,unknown,unknown,,,,,true,,rxn_c74a7b73b847
O2F2- + F -> F- + O2F2,Charge exchange,ion,charge_exchange,mechanical,5,pass,unknown,unknown,unknown,unknown,,,,,true,,rxn_13bc8c51d0f0
O2F2- + O -> O- + O2F2,Charge exchange,ion,charge_exchange,mechanical,5,pass,unknown,unknown,unknown,unknown,,,,,true,,rxn_166c1a2a3946
O2F2- + O2 -> O2- + O2F2,Charge exchange,ion,charge_exchange,mechanical,5,pass,unknown,unknown,unknown,unknown,,,,,true,,rxn_cddcd3562f3a
O2F2- + O2F -> O2F- + O2F2,Charge exchange,ion,charge_exchange,mechanical,5,pass,unknown,unknown,unknown,unknown,,,,,true,,rxn_1a8905661a17
O2F2- + OF -> OF- + O2F2,Charge exchange,ion,charge_exchange,mechanical,5,pass,unknown,unknown,unknown,unknown,,,,,true,,rxn_a09a2d1ef3b8
O2F2- + S -> S- + O2F2,Charge exchange,ion,charge_exchange,mechanical,5,pass,unknown,unknown,unknown,unknown,,,,,true,,rxn_f80d6e27e4c5
O2F2- + SF -> SF- + O2F2,Charge exchange,ion,charge_exchange,mechanical,5,pass,unknown,unknown,unknown,unknown,,,,,true,,rxn_9de90f1c0919
O2F2- + SF2 -> SF2- + O2F2,Charge exchange,ion,charge_exchange,mechanical,5,pass,unknown,unknown,unknown,unknown,,,,,true,,rxn_44068a24e047
O2F2- + SF3 -> SF3- + O2F2,Charge exchange,ion,charge_exchange,mechanical,5,pass,unknown,unknown,unknown,unknown,,,,,true,,rxn_e120af2198bb
O2F2- + SF4 -> SF4- + O2F2,Charge exchange,ion,charge_exchange,mechanical,5,pass,unknown,unknown,unknown,unknown,,,,,true,,rxn_fd77e1633863
O2F2- + SF5 -> SF5- + O2F2,Charge exchange,ion,charge_exchange,mechanical,5,pass,unknown,unknown,unknown,unknown,,,,,true,,rxn_913a56a76147
O2F2- + SF6 -> SF6- + O2F2,Charge exchange,ion,charge_exchange,mechanical,5,pass,unknown,unknown,unknown,unknown,,,,,true,,rxn_9ebbd0469f49
OF2+ + Ar -> Ar+ + OF2,Charge exchange,ion,charge_exchange,mechanical,5,pass,unknown,unknown,unknown,unknown,,,,,true,,rxn_a91d9f02b962
OF2+ + F -> F+ + OF2,Charge exchange,ion,charge_exchange,mechanical,5,pass,unknown,unknown,unknown,unknown,,,,,true,,rxn_70aa96af37ac
OF2+ + O -> O+ + OF2,Charge exchange,ion,charge_exchange,mechanical,5,pass,unknown,unknown,unknown,unknown,,,,,true,,rxn_07a49be5ea3c
OF2+ + O2 -> O2+ + OF2,Charge exchange,ion,charge_exchange,mechanical,5,pass,unknown,unknown,unknown,unknown,,,,,true,,rxn_91847f3bfc7c
OF2+ + O2F -> O2F+ + OF2,Charge exchange,ion,charge_exchange,mechanical,5,pass,unknown,unknown,unknown,unknown,,,,,true,,rxn_a8b43b1845f1
OF2+ + OF -> OF+ + OF2,Charge exchange,ion,charge_exchange,mechanical,5,pass,unknown,unknown,unknown,unknown,,,,,true,,rxn_d3d761257479
OF2+ + S -> S+ + OF2,Charge exchange,ion,charge_exchange,mechanical,5,pass,unknown,unknown,unknown,unknown,,,,,true,,rxn_7ba35fc4cb2d
OF2+ + SF -> SF+ + OF2,Charge exchange,ion,charge_exchange,mechanical,5,pass,unknown,unknown,unknown,unknown,,,,,true,,rxn_9f248f07f9b2
OF2+ + SF2 -> SF2+ + OF2,Charge exchange,ion,charge_exchange,mechanical,5,pass,unknown,unknown,unknown,unknown,,,,,true,,rxn_8b0ec8b55844
OF2+ + SF3 -> SF3+ + OF2,Charge exchange,ion,charge_exchange,mechanical,5,pass,unknown,unknown,unknown,unknown,,,,,true,,rxn_8ab104b2399f
OF2+ + SF4 -> SF4+ + OF2,Charge exchange,ion,charge_exchange,mechanical,5,pass,unknown,unknown,unknown,unknown,,,,,true,,rxn_9f73ea9b2199
OF2+ + SF5 -> SF5+ + OF2,Charge exchange,ion,charge_exchange,mechanical,5,pass,unknown,unknown,unknown,unknown,,,,,true,,rxn_45ef7870f52b
OF2+ + SF6 -> SF6+ + OF2,Charge exchange,ion,charge_exchange,mechanical,5,pass,unknown,unknown,unknown,unknown,,,,,true,,rxn_0105ee6533e9
OF2- + Ar -> Ar- + OF2,Charge exchange,ion,charge_exchange,mechanical,5,pass,fail,unknown,unknown,unknown,,,,,true,,rxn_db5df5bf7aba
OF2- + F -> F- + OF2,Charge exchange,ion,charge_exchange,mechanical,5,pass,unknown,unknown,unknown,unknown,,,,,true,,rxn_e566d450723e
OF2- + O -> O- + OF2,Charge exchange,ion,charge_exchange,mechanical,5,pass,unknown,unknown,unknown,unknown,,,,,true,,rxn_976b71d4d0d2
OF2- + O2 -> O2- + OF2,Charge exchange,ion,charge_exchange,mechanical,5,pass,unknown,unknown,unknown,unknown,,,,,true,,rxn_2f1c8e9c5408
OF2- + O2F -> O2F- + OF2,Charge exchange,ion,charge_exchange,mechanical,5,pass,unknown,unknown,unknown,unknown,,,,,true,,rxn_de245086ff2f
OF2- + OF -> OF- + OF2,Charge exchange,ion,charge_exchange,mechanical,5,pass,unknown,unknown,unknown,unknown,,,,,true,,rxn_fcab7babc260
OF2- + S -> S- + OF2,Charge exchange,ion,charge_exchange,mechanical,5,pass,unknown,unknown,unknown,unknown,,,,,true,,rxn_432fc0bf5e55
OF2- + SF -> SF- + OF2,Charge exchange,ion,charge_exchange,mechanical,5,pass,unknown,unknown,unknown,unknown,,,,,true,,rxn_c227d593a7cd
OF2- + SF2 -> SF2- + OF2,Charge exchange,ion,charge_exchange,mechanical,5,pass,unknown,unknown,unknown,unknown,,,,,true,,rxn_f1b6f742c307
OF2- + SF3 -> SF3- + OF2,Charge exchange,ion,charge_exchange,mechanical,5,pass,unknown,unknown,unknown,unknown,,,,,true,,rxn_a9967d4ccd29
OF2- + SF4 -> SF4- + OF2,Charge exchange,ion,charge_exchange,mechanical,5,pass,unknown,unknown,unknown,unknown,,,,,true,,rxn_ab6a45296a3f
OF2- + SF5 -> SF5- + OF2,Charge exchange,ion,charge_exchange,mechanical,5,pass,unknown,unknown,unknown,unknown,,,,,true,,rxn_47dd84dc6dd0
OF2- + SF6 -> SF6- + OF2,Charge exchange,ion,charge_exchange,mechanical,5,pass,unknown,unknown,unknown,unknown,,,,,true,,rxn_26393aac0a40
SO+ + Ar -> Ar+ + SO,Charge exchange,ion,charge_exchange,mechanical,5,pass,unknown,unknown,unknown,unknown,,,,,true,,rxn_ad47041fcf8c
SO+ + F -> F+ + SO,Charge exchange,ion,charge_exchange,mechanical,5,pass,unknown,unknown,unknown,unknown,,,,,true,,rxn_4a79b274ba9d
SO+ + O -> O+ + SO,Charge exchange,ion,charge_exchange,mechanical,5,pass,unknown,unknown,unknown,unknown,,,,,true,,rxn_fc2d17a85b2a
SO+ + O2 -> O2+ + SO,Charge exchange,ion,charge_exchange,mechanical,5,pass,unknown,unknown,unknown,unknown,,,,,true,,rxn_421606179968
SO+ + O2F -> O2F+ + SO,Charge exchange,ion,charge_exchange,mechanical,5,pass,unknown,unknown,unknown,unknown,,,,,true,,rxn_52ebc00714b5
SO+ + OF -> OF+ + SO,Charge exchange,ion,charge_exchange,mechanical,5,pass,unknown,unknown,unknown,unknown,,,,,true,,rxn_6cf1c5ffed8c
SO+ + S -> S+ + SO,Charge exchange,ion,charge_exchange,mechanical,5,pass,unknown,unknown,unknown,unknown,,,,,true,,rxn_ec3f9e6ee2e6
SO+ + SF -> SF+ + SO,Charge exchange,ion,charge_exchange,mechanical,5,pass,unknown,unknown,unknown,unknown,,,,,true,,rxn_58ca9629877c
SO+ + SF2 -> SF2+ + SO,Charge exchange,ion,charge_exchange,mechanical,5,pass,unknown,unknown,unknown,unknown,,,,,true,,rxn_371635bd03e3
SO+ + SF3 -> SF3+ + SO,Charge exchange,ion,charge_exchange,mechanical,5,pass,unknown,unknown,unknown,unknown,,,,,true,,rxn_273252b9e809
SO+ + SF4 -> SF4+ + SO,Charge exchange,ion,charge_exchange,mechanical,5,pass,unknown,unknown,unknown,unknown,,,,,true,,rxn_98bc0b6536f4
SO+ + SF5 -> SF5+ + SO,Charge exchange,ion,charge_exchange,mechanical,5,pass,unknown,unknown,unknown,unknown,,,,,true,,rxn_2156e4f81ab8
SO+ + SF6 -> SF6+ + SO,Charge exchange,ion,charge_exchange,mechanical,5,pass,unknown,unknown,unknown,unknown,,,,,true,,rxn_668e239c7ca5
SO- + Ar -> Ar- + SO,Charge exchange,ion,charge_exchange,mechanical,5,pass,fail,unknown,unknown,unknown,,,,,true,,rxn_f7543b46ce32
SO- + F -> F- + SO,Charge exchange,ion,charge_exchange,mechanical,5,pass,unknown,unknown,unknown,unknown,,,,,true,,rxn_18c62d36ab03
SO- + O -> O- + SO,Charge exchange,ion,charge_exchange,mechanical,5,pass,unknown,unknown,unknown,unknown,,,,,true,,rxn_ea52ac0f04f0
SO- + O2 -> O2- + SO,Charge exchange,ion,charge_exchange,mechanical,5,pass,unknown,unknown,unknown,unknown,,,,,true,,rxn_e843a4b116d3
SO- + O2F -> O2F- + SO,Charge exchange,ion,charge_exchange,mechanical,5,pass,unknown,unknown,unknown,unknown,,,,,true,,rxn_b1f658a4cdea
SO- + OF -> OF- + SO,Charge exchange,ion,charge_exchange,mechanical,5,pass,unknown,unknown,unknown,unknown,,,,,true,,rxn_973937be75b9
SO- + S -> S- + SO,Charge exchange,ion,charge_exchange,mechanical,5,pass,unknown,unknown,unknown,unknown,,,,,true,,rxn_df2cb47d099d
SO- + SF -> SF- + SO,Charge exchange,ion,charge_exchange,mechanical,5,pass,unknown,unknown,unknown,unknown,,,,,true,,rxn_f8294ff7a080
SO- + SF2 -> SF2- + SO,Charge exchange,ion,charge_exchange,mechanical,5,pass,unknown,unknown,unknown,unknown,,,,,true,,rxn_ee0e8f9fb718
SO- + SF3 -> SF3- + SO,Charge exchange,ion,charge_exchange,mechanical,5,pass,unknown,unknown,unknown,unknown,,,,,true,,rxn_a79bec85e0de
SO- + SF4 -> SF4- + SO,Charge exchange,ion,charge_exchange,mechanical,5,pass,unknown,unknown,unknown,unknown,,,,,true,,rxn_6ec4829e7a19
SO- + SF5 -> SF5- + SO,Charge exchange,ion,charge_exchange,mechanical,5,pass,unknown,unknown,unknown,unknown,,,,,true,,rxn_4c5c608383a7
SO- + SF6 -> SF6- + SO,Charge exchange,ion,charge_exchange,mechanical,5,pass,unknown,unknown,unknown,unknown,,,,,true,,rxn_b1f46b3acca3
SO+ + SO -> SO+ + O + S,Collision-induced target dissociation,ion,collision_induced_dissociation,mechanical,5,pass,unknown,unknown,unknown,unknown,,,,,true,,rxn_676ce0f0f468
SO- + SO -> SO- + O + S,Collision-induced target dissociation,ion,collision_induced_dissociation,mechanical,5,pass,unknown,unknown,unknown,unknown,,,,,true,,rxn_3284470a915f
O2F2- + Ar -> Ar + O2F2 + e,Collisional electron detachment,ion,collisional_detachment,mechanical,5,pass,unknown,unknown,unknown,unknown,,,,,true,,rxn_bfe331d17279
O2F2- + F -> F + O2F2 + e,Collisional electron detachment,ion,collisional_detachment,mechanical,5,pass,unknown,unknown,unknown,unknown,,,,,true,,rxn_a45716197934
O2F2- + O -> O + O2F2 + e,Collisional electron detachment,ion,collisional_detachment,mechanical,5,pass,unknown,unknown,unknown,unknown,,,,,true,,rxn_eeffba585a26
O2F2- + O2 -> O2 + O2F2 + e,Collisional electron detachment,ion,collisional_detachment,mechanical,5,pass,unknown,unknown,unknown,unknown,,,,,true,,rxn_2f3150815627
O2F2- + O2F -> O2F + O2F2 + e,Collisional electron detachment,ion,collisional_detachment,mechanical,5,pass,unknown,unknown,unknown,unknown,,,,,true,,rxn_3062bbc78950
O2F2- + O2F2 -> 2 O2F2 + e,Collisional electron detachment,ion,collisional_detachment,mechanical,5,pass,unknown,unknown,unknown,unknown,,,,,true,,rxn_2c852d226b4b
O2F2- + OF -> OF + O2F2 + e,Collisional electron detachment,ion,collisional_detachment,mechanical,5,pass,unknown,unknown,unknown,unknown,,,,,true,,rxn_a655cfde0cb1
O2F2- + S -> S + O2F2 + e,Collisional electron detachment,ion,collisional_detachment,mechanical,5,pass,unknown,unknown,unknown,unknown,,,,,true,,rxn_dcd4ef04ec11
O2F2- + SF -> SF + O2F2 + e,Collisional electron detachment,ion,collisional_detachment,mechanical,5,pass,unknown,unknown,unknown,unknown,,,,,true,,rxn_afa8b1e96991
O2F2- + SF2 -> SF2 + O2F2 + e,Collisional electron detachment,ion,collisional_detachment,mechanical,5,pass,unknown,unknown,unknown,unknown,,,,,true,,rxn_7d46236c9f0c
O2F2- + SF3 -> SF3 + O2F2 + e,Collisional electron detachment,ion,collisional_detachment,mechanical,5,pass,unknown,unknown,unknown,unknown,,,,,true,,rxn_c2919ea2d9b0
O2F2- + SF4 -> SF4 + O2F2 + e,Collisional electron detachment,ion,collisional_detachment,mechanical,5,pass,unknown,unknown,unknown,unknown,,,,,true,,rxn_57f3ea6274fd
O2F2- + SF5 -> SF5 + O2F2 + e,Collisional electron detachment,ion,collisional_detachment,mechanical,5,pass,unknown,unknown,unknown,unknown,,,,,true,,rxn_4e06a5c46e71
O2F2- + SF6 -> O2F2 + SF6 + e,Collisional electron detachment,ion,collisional_detachment,mechanical,5,pass,unknown,unknown,unknown,unknown,,,,,true,,rxn_19d043da29c7
OF2- + Ar -> Ar + OF2 + e,Collisional electron detachment,ion,collisional_detachment,mechanical,5,pass,unknown,unknown,unknown,unknown,,,,,true,,rxn_7fc6a7d5a40d
OF2- + F -> F + OF2 + e,Collisional electron detachment,ion,collisional_detachment,mechanical,5,pass,unknown,unknown,unknown,unknown,,,,,true,,rxn_ac8111b67cdf
OF2- + O -> O + OF2 + e,Collisional electron detachment,ion,collisional_detachment,mechanical,5,pass,unknown,unknown,unknown,unknown,,,,,true,,rxn_8da631834a37
OF2- + O2 -> O2 + OF2 + e,Collisional electron detachment,ion,collisional_detachment,mechanical,5,pass,unknown,unknown,unknown,unknown,,,,,true,,rxn_312b81f31ccf
OF2- + O2F -> O2F + OF2 + e,Collisional electron detachment,ion,collisional_detachment,mechanical,5,pass,unknown,unknown,unknown,unknown,,,,,true,,rxn_872ee640c35c
OF2- + OF -> OF + OF2 + e,Collisional electron detachment,ion,collisional_detachment,mechanical,5,pass,unknown,unknown,unknown,unknown,,,,,true,,rxn_624984ea1755
OF2- + OF2 -> 2 OF2 + e,Collisional electron detachment,ion,collisional_detachment,mechanical,5,pass,unknown,unknown,unknown,unknown,,,,,true,,rxn_ec11a1bd8028
OF2- + S -> S + OF2 + e,Collisional electron detachment,ion,collisional_detachment,mechanical,5,pass,unknown,unknown,unknown,unknown,,,,,true,,rxn_5b3296e85c56
OF2- + SF -> SF + OF2 + e,Collisional electron detachment,ion,collisional_detachment,mechanical,5,pass,unknown,unknown,unknown,unknown,,,,,true,,rxn_743f8e85b7a4
OF2- + SF2 -> SF2 + OF2 + e,Collisional electron detachment,ion,collisional_detachment,mechanical,5,pass,unknown,unknown,unknown,unknown,,,,,true,,rxn_b68f38cbe02d
OF2- + SF3 -> SF3 + OF2 + e,Collisional electron detachment,ion,collisional_detachment,mechanical,5,pass,unknown,unknown,unknown,unknown,,,,,true,,rxn_f5cd06752942
OF2- + SF4 -> SF4 + OF2 + e,Collisional electron detachment,ion,collisional_detachment,mechanical,5,pass,unknown,unknown,unknown,unknown,,,,,true,,rxn_6b6b0c668c77
OF2- + SF5 -> SF5 + OF2 + e,Collisional electron detachment,ion,collisional_detachment,mechanical,5,pass,unknown,unknown,unknown,unknown,,,,,true,,rxn_022e15e6223c
OF2- + SF6 -> OF2 + SF6 + e,Collisional electron detachment,ion,collisional_detachment,mechanical,5,pass,unknown,unknown,unknown,unknown,,,,,true,,rxn_3c82f0ca4226
SO- + Ar -> Ar + SO + e,Collisional electron detachment,ion,collisional_detachment,mechanical,5,pass,unknown,unknown,unknown,unknown,,,,,true,,rxn_278f56e58a17
SO- + F -> F + SO + e,Collisional electron detachment,ion,collisional_detachment,mechanical,5,pass,unknown,unknown,unknown,unknown,,,,,true,,rxn_0dc23772c656
SO- + O -> O + SO + e,Collisional electron detachment,ion,collisional_detachment,mechanical,5,pass,unknown,unknown,unknown,unknown,,,,,true,,rxn_dc112c61edb0
SO- + O2 -> O2 + SO + e,Collisional electron detachment,ion,collisional_detachment,mechanical,5,pass,unknown,unknown,unknown,unknown,,,,,true,,rxn_f37846c1d4b6
SO- + O2F -> O2F + SO + e,Collisional electron detachment,ion,collisional_detachment,mechanical,5,pass,unknown,unknown,unknown,unknown,,,,,true,,rxn_a747b35fa42e
SO- + OF -> OF + SO + e,Collisional electron detachment,ion,collisional_detachment,mechanical,5,pass,unknown,unknown,unknown,unknown,,,,,true,,rxn_350f25f26c38
SO- + S -> S + SO + e,Collisional electron detachment,ion,collisional_detachment,mechanical,5,pass,unknown,unknown,unknown,unknown,,,,,true,,rxn_d48535ff70f0
SO- + SF -> SF + SO + e,Collisional electron detachment,ion,collisional_detachment,mechanical,5,pass,unknown,unknown,unknown,unknown,,,,,true,,rxn_93f77fc32b76
SO- + SF2 -> SF2 + SO + e,Collisional electron detachment,ion,collisional_detachment,mechanical,5,pass,unknown,unknown,unknown,unknown,,,,,true,,rxn_a38e4f5d52b7
SO- + SF3 -> SF3 + SO + e,Collisional electron detachment,ion,collisional_detachment,mechanical,5,pass,unknown,unknown,unknown,unknown,,,,,true,,rxn_32e9c985f7fd
SO- + SF4 -> SF4 + SO + e,Collisional electron detachment,ion,collisional_detachment,mechanical,5,pass,unknown,unknown,unknown,unknown,,,,,true,,rxn_9bd0fb32721b
SO- + SF5 -> SF5 + SO + e,Collisional electron detachment,ion,collisional_detachment,mechanical,5,pass,unknown,unknown,unknown,unknown,,,,,true,,rxn_680f6ee9c6bc
SO- + SF6 -> SF6 + SO + e,Collisional electron detachment,ion,collisional_detachment,mechanical,5,pass,unknown,unknown,unknown,unknown,,,,,true,,rxn_6f080763675b
SO- + SO -> 2 SO + e,Collisional electron detachment,ion,collisional_detachment,mechanical,5,pass,unknown,unknown,unknown,unknown,,,,,true,,rxn_5a33205d25f8
SOF- + SOF -> 2 SOF + e,Collisional electron detachment,ion,collisional_detachment,mechanical,5,pass,unknown,unknown,unknown,unknown,,,,,true,,rxn_3d9900cc38e3
SO+ + SO -> S+ + O + SO,Dissociative charge transfer,ion,dissociative_charge_transfer,mechanical,5,pass,unknown,unknown,unknown,unknown,,,,,true,,rxn_5314f757a6a1
SO- + SO -> S- + O + SO,Dissociative charge transfer,ion,dissociative_charge_transfer,mechanical,5,pass,unknown,unknown,unknown,unknown,,,,,true,,rxn_1936bb37acd2
O2F2+ + Ar -> O2F2+ + Ar,Ion-neutral elastic scattering,ion,elastic,mechanical,5,pass,unknown,unknown,unknown,unknown,,,,,true,,rxn_c3f8c87effa4
O2F2+ + F -> O2F2+ + F,Ion-neutral elastic scattering,ion,elastic,mechanical,5,pass,unknown,unknown,unknown,unknown,,,,,true,,rxn_00e09ed58b80
O2F2+ + O -> O2F2+ + O,Ion-neutral elastic scattering,ion,elastic,mechanical,5,pass,unknown,unknown,unknown,unknown,,,,,true,,rxn_f97bd11a95eb
O2F2+ + O2 -> O2F2+ + O2,Ion-neutral elastic scattering,ion,elastic,mechanical,5,pass,unknown,unknown,unknown,unknown,,,,,true,,rxn_198422ddcd5c
O2F2+ + O2F -> O2F2+ + O2F,Ion-neutral elastic scattering,ion,elastic,mechanical,5,pass,unknown,unknown,unknown,unknown,,,,,true,,rxn_3ed32159a2f5
O2F2+ + OF -> O2F2+ + OF,Ion-neutral elastic scattering,ion,elastic,mechanical,5,pass,unknown,unknown,unknown,unknown,,,,,true,,rxn_67bbba6687f9
O2F2+ + S -> O2F2+ + S,Ion-neutral elastic scattering,ion,elastic,mechanical,5,pass,unknown,unknown,unknown,unknown,,,,,true,,rxn_0cd110f3e440
O2F2+ + SF -> O2F2+ + SF,Ion-neutral elastic scattering,ion,elastic,mechanical,5,pass,unknown,unknown,unknown,unknown,,,,,true,,rxn_9ca3e08dfbf8
O2F2+ + SF2 -> O2F2+ + SF2,Ion-neutral elastic scattering,ion,elastic,mechanical,5,pass,unknown,unknown,unknown,unknown,,,,,true,,rxn_d258a907e451
O2F2+ + SF3 -> O2F2+ + SF3,Ion-neutral elastic scattering,ion,elastic,mechanical,5,pass,unknown,unknown,unknown,unknown,,,,,true,,rxn_f0095f19f9c8
O2F2+ + SF4 -> O2F2+ + SF4,Ion-neutral elastic scattering,ion,elastic,mechanical,5,pass,unknown,unknown,unknown,unknown,,,,,true,,rxn_761c0a54ce0f
O2F2+ + SF5 -> O2F2+ + SF5,Ion-neutral elastic scattering,ion,elastic,mechanical,5,pass,unknown,unknown,unknown,unknown,,,,,true,,rxn_688254542c9d
O2F2+ + SF6 -> O2F2+ + SF6,Ion-neutral elastic scattering,ion,elastic,mechanical,5,pass,unknown,unknown,unknown,unknown,,,,,true,,rxn_234c990aeb59
O2F2- + Ar -> O2F2- + Ar,Ion-neutral elastic scattering,ion,elastic,mechanical,5,pass,unknown,unknown,unknown,unknown,,,,,true,,rxn_f2f22574d114
O2F2- + F -> O2F2- + F,Ion-neutral elastic scattering,ion,elastic,mechanical,5,pass,unknown,unknown,unknown,unknown,,,,,true,,rxn_56f3e5a6bc44
O2F2- + O -> O2F2- + O,Ion-neutral elastic scattering,ion,elastic,mechanical,5,pass,unknown,unknown,unknown,unknown,,,,,true,,rxn_b4daa3bf1441
O2F2- + O2 -> O2F2- + O2,Ion-neutral elastic scattering,ion,elastic,mechanical,5,pass,unknown,unknown,unknown,unknown,,,,,true,,rxn_a5a06c9b3b0b
O2F2- + O2F -> O2F2- + O2F,Ion-neutral elastic scattering,ion,elastic,mechanical,5,pass,unknown,unknown,unknown,unknown,,,,,true,,rxn_79c3411ff79a
O2F2- + OF -> O2F2- + OF,Ion-neutral elastic scattering,ion,elastic,mechanical,5,pass,unknown,unknown,unknown,unknown,,,,,true,,rxn_772549783d04
O2F2- + S -> O2F2- + S,Ion-neutral elastic scattering,ion,elastic,mechanical,5,pass,unknown,unknown,unknown,unknown,,,,,true,,rxn_5290a829b29d
O2F2- + SF -> O2F2- + SF,Ion-neutral elastic scattering,ion,elastic,mechanical,5,pass,unknown,unknown,unknown,unknown,,,,,true,,rxn_5e5201239691
O2F2- + SF2 -> O2F2- + SF2,Ion-neutral elastic scattering,ion,elastic,mechanical,5,pass,unknown,unknown,unknown,unknown,,,,,true,,rxn_3db22c3039df
O2F2- + SF3 -> O2F2- + SF3,Ion-neutral elastic scattering,ion,elastic,mechanical,5,pass,unknown,unknown,unknown,unknown,,,,,true,,rxn_67eda0f2ad41
O2F2- + SF4 -> O2F2- + SF4,Ion-neutral elastic scattering,ion,elastic,mechanical,5,pass,unknown,unknown,unknown,unknown,,,,,true,,rxn_fc1d8a4bd25e
O2F2- + SF5 -> O2F2- + SF5,Ion-neutral elastic scattering,ion,elastic,mechanical,5,pass,unknown,unknown,unknown,unknown,,,,,true,,rxn_434b90b18755
O2F2- + SF6 -> O2F2- + SF6,Ion-neutral elastic scattering,ion,elastic,mechanical,5,pass,unknown,unknown,unknown,unknown,,,,,true,,rxn_4f51858fd5f5
OF2+ + Ar -> OF2+ + Ar,Ion-neutral elastic scattering,ion,elastic,mechanical,5,pass,unknown,unknown,unknown,unknown,,,,,true,,rxn_7a4b852a4f8e
OF2+ + F -> OF2+ + F,Ion-neutral elastic scattering,ion,elastic,mechanical,5,pass,unknown,unknown,unknown,unknown,,,,,true,,rxn_33eda8c063d0
OF2+ + O -> OF2+ + O,Ion-neutral elastic scattering,ion,elastic,mechanical,5,pass,unknown,unknown,unknown,unknown,,,,,true,,rxn_070c716bb0a0
OF2+ + O2 -> OF2+ + O2,Ion-neutral elastic scattering,ion,elastic,mechanical,5,pass,unknown,unknown,unknown,unknown,,,,,true,,rxn_e80649c56ff4
OF2+ + O2F -> OF2+ + O2F,Ion-neutral elastic scattering,ion,elastic,mechanical,5,pass,unknown,unknown,unknown,unknown,,,,,true,,rxn_34ea73f9b5c9
OF2+ + OF -> OF2+ + OF,Ion-neutral elastic scattering,ion,elastic,mechanical,5,pass,unknown,unknown,unknown,unknown,,,,,true,,rxn_d6c4397d5e65
OF2+ + S -> OF2+ + S,Ion-neutral elastic scattering,ion,elastic,mechanical,5,pass,unknown,unknown,unknown,unknown,,,,,true,,rxn_c05758d4cda1
OF2+ + SF -> OF2+ + SF,Ion-neutral elastic scattering,ion,elastic,mechanical,5,pass,unknown,unknown,unknown,unknown,,,,,true,,rxn_60f877f4751b
OF2+ + SF2 -> OF2+ + SF2,Ion-neutral elastic scattering,ion,elastic,mechanical,5,pass,unknown,unknown,unknown,unknown,,,,,true,,rxn_664ead7698fb
OF2+ + SF3 -> OF2+ + SF3,Ion-neutral elastic scattering,ion,elastic,mechanical,5,pass,unknown,unknown,unknown,unknown,,,,,true,,rxn_24c7538353c3
OF2+ + SF4 -> OF2+ + SF4,Ion-neutral elastic scattering,ion,elastic,mechanical,5,pass,unknown,unknown,unknown,unknown,,,,,true,,rxn_b84e29efefc9
OF2+ + SF5 -> OF2+ + SF5,Ion-neutral elastic scattering,ion,elastic,mechanical,5,pass,unknown,unknown,unknown,unknown,,,,,true,,rxn_bcfabe5c871a
OF2+ + SF6 -> OF2+ + SF6,Ion-neutral elastic scattering,ion,elastic,mechanical,5,pass,unknown,unknown,unknown,unknown,,,,,true,,rxn_423ec49a412f
OF2- + Ar -> OF2- + Ar,Ion-neutral elastic scattering,ion,elastic,mechanical,5,pass,unknown,unknown,unknown,unknown,,,,,true,,rxn_c105016d83f2
OF2- + F -> OF2- + F,Ion-neutral elastic scattering,ion,elastic,mechanical,5,pass,unknown,unknown,unknown,unknown,,,,,true,,rxn_ffbe9f2ec6e0
OF2- + O -> OF2- + O,Ion-neutral elastic scattering,ion,elastic,mechanical,5,pass,unknown,unknown,unknown,unknown,,,,,true,,rxn_665c97e75c7e
OF2- + O2 -> OF2- + O2,Ion-neutral elastic scattering,ion,elastic,mechanical,5,pass,unknown,unknown,unknown,unknown,,,,,true,,rxn_f6caac132028
OF2- + O2F -> OF2- + O2F,Ion-neutral elastic scattering,ion,elastic,mechanical,5,pass,unknown,unknown,unknown,unknown,,,,,true,,rxn_7b38d1220dde
OF2- + OF -> OF2- + OF,Ion-neutral elastic scattering,ion,elastic,mechanical,5,pass,unknown,unknown,unknown,unknown,,,,,true,,rxn_9a7e1e23a17d
OF2- + S -> OF2- + S,Ion-neutral elastic scattering,ion,elastic,mechanical,5,pass,unknown,unknown,unknown,unknown,,,,,true,,rxn_2021d9325dab
OF2- + SF -> OF2- + SF,Ion-neutral elastic scattering,ion,elastic,mechanical,5,pass,unknown,unknown,unknown,unknown,,,,,true,,rxn_135a24244eb7
OF2- + SF2 -> OF2- + SF2,Ion-neutral elastic scattering,ion,elastic,mechanical,5,pass,unknown,unknown,unknown,unknown,,,,,true,,rxn_02db6499dcb9
OF2- + SF3 -> OF2- + SF3,Ion-neutral elastic scattering,ion,elastic,mechanical,5,pass,unknown,unknown,unknown,unknown,,,,,true,,rxn_f124f44e3a25
OF2- + SF4 -> OF2- + SF4,Ion-neutral elastic scattering,ion,elastic,mechanical,5,pass,unknown,unknown,unknown,unknown,,,,,true,,rxn_a812b3efb80a
OF2- + SF5 -> OF2- + SF5,Ion-neutral elastic scattering,ion,elastic,mechanical,5,pass,unknown,unknown,unknown,unknown,,,,,true,,rxn_b6493a95dbca
OF2- + SF6 -> OF2- + SF6,Ion-neutral elastic scattering,ion,elastic,mechanical,5,pass,unknown,unknown,unknown,unknown,,,,,true,,rxn_8cb4f8eabdc6
SO+ + Ar -> SO+ + Ar,Ion-neutral elastic scattering,ion,elastic,mechanical,5,pass,unknown,unknown,unknown,unknown,,,,,true,,rxn_00b03013e56f
SO+ + F -> SO+ + F,Ion-neutral elastic scattering,ion,elastic,mechanical,5,pass,unknown,unknown,unknown,unknown,,,,,true,,rxn_c657fda4fb60
SO+ + O -> SO+ + O,Ion-neutral elastic scattering,ion,elastic,mechanical,5,pass,unknown,unknown,unknown,unknown,,,,,true,,rxn_d226b0ebb625
SO+ + O2 -> SO+ + O2,Ion-neutral elastic scattering,ion,elastic,mechanical,5,pass,unknown,unknown,unknown,unknown,,,,,true,,rxn_0329a45aab0b
SO+ + O2F -> SO+ + O2F,Ion-neutral elastic scattering,ion,elastic,mechanical,5,pass,unknown,unknown,unknown,unknown,,,,,true,,rxn_aa35c5542b87
SO+ + OF -> SO+ + OF,Ion-neutral elastic scattering,ion,elastic,mechanical,5,pass,unknown,unknown,unknown,unknown,,,,,true,,rxn_c29633d2dce3
SO+ + S -> SO+ + S,Ion-neutral elastic scattering,ion,elastic,mechanical,5,pass,unknown,unknown,unknown,unknown,,,,,true,,rxn_28c5fbe57117
SO+ + SF -> SO+ + SF,Ion-neutral elastic scattering,ion,elastic,mechanical,5,pass,unknown,unknown,unknown,unknown,,,,,true,,rxn_fa39915474e0
SO+ + SF2 -> SO+ + SF2,Ion-neutral elastic scattering,ion,elastic,mechanical,5,pass,unknown,unknown,unknown,unknown,,,,,true,,rxn_f721ae7d831f
SO+ + SF3 -> SO+ + SF3,Ion-neutral elastic scattering,ion,elastic,mechanical,5,pass,unknown,unknown,unknown,unknown,,,,,true,,rxn_7b1ad6098bc1
SO+ + SF4 -> SO+ + SF4,Ion-neutral elastic scattering,ion,elastic,mechanical,5,pass,unknown,unknown,unknown,unknown,,,,,true,,rxn_238db8f6f934
SO+ + SF5 -> SO+ + SF5,Ion-neutral elastic scattering,ion,elastic,mechanical,5,pass,unknown,unknown,unknown,unknown,,,,,true,,rxn_c0baf186bb11
SO+ + SF6 -> SO+ + SF6,Ion-neutral elastic scattering,ion,elastic,mechanical,5,pass,unknown,unknown,unknown,unknown,,,,,true,,rxn_41cef1c1164f
SO- + Ar -> SO- + Ar,Ion-neutral elastic scattering,ion,elastic,mechanical,5,pass,unknown,unknown,unknown,unknown,,,,,true,,rxn_86b3d9aa1dfe
SO- + F -> SO- + F,Ion-neutral elastic scattering,ion,elastic,mechanical,5,pass,unknown,unknown,unknown,unknown,,,,,true,,rxn_08984bd693da
SO- + O -> SO- + O,Ion-neutral elastic scattering,ion,elastic,mechanical,5,pass,unknown,unknown,unknown,unknown,,,,,true,,rxn_53ac8c596196
SO- + O2 -> SO- + O2,Ion-neutral elastic scattering,ion,elastic,mechanical,5,pass,unknown,unknown,unknown,unknown,,,,,true,,rxn_a18cabc2f7cc
SO- + O2F -> SO- + O2F,Ion-neutral elastic scattering,ion,elastic,mechanical,5,pass,unknown,unknown,unknown,unknown,,,,,true,,rxn_f92c2c0d2769
SO- + OF -> SO- + OF,Ion-neutral elastic scattering,ion,elastic,mechanical,5,pass,unknown,unknown,unknown,unknown,,,,,true,,rxn_a205a8d85487
SO- + S -> SO- + S,Ion-neutral elastic scattering,ion,elastic,mechanical,5,pass,unknown,unknown,unknown,unknown,,,,,true,,rxn_d42f2412999f
SO- + SF -> SO- + SF,Ion-neutral elastic scattering,ion,elastic,mechanical,5,pass,unknown,unknown,unknown,unknown,,,,,true,,rxn_12b5fd1090ab
SO- + SF2 -> SO- + SF2,Ion-neutral elastic scattering,ion,elastic,mechanical,5,pass,unknown,unknown,unknown,unknown,,,,,true,,rxn_e1afe2db695f
SO- + SF3 -> SO- + SF3,Ion-neutral elastic scattering,ion,elastic,mechanical,5,pass,unknown,unknown,unknown,unknown,,,,,true,,rxn_3e7895d16a34
SO- + SF4 -> SO- + SF4,Ion-neutral elastic scattering,ion,elastic,mechanical,5,pass,unknown,unknown,unknown,unknown,,,,,true,,rxn_29a71ab89b37
SO- + SF5 -> SO- + SF5,Ion-neutral elastic scattering,ion,elastic,mechanical,5,pass,unknown,unknown,unknown,unknown,,,,,true,,rxn_cc80ca92f768
SO- + SF6 -> SO- + SF6,Ion-neutral elastic scattering,ion,elastic,mechanical,5,pass,unknown,unknown,unknown,unknown,,,,,true,,rxn_f5ee7945d4d9
O2F2+ + Ar -> O2F2+ + Ar(m),Ion-induced excitation,ion,ion_induced_excitation,mechanical,5,pass,unknown,unknown,unknown,unknown,,,,,true,,rxn_6ea5bdbe0c14
O2F2+ + Ar -> O2F2+ + Ar(r),Ion-induced excitation,ion,ion_induced_excitation,mechanical,5,pass,unknown,unknown,unknown,unknown,,,,,true,,rxn_da3227837874
O2F2+ + O2 -> O2F2+ + O2(v),Ion-induced excitation,ion,ion_induced_excitation,mechanical,5,pass,unknown,unknown,unknown,unknown,,,,,true,,rxn_c56f1d1b74e8
O2F2+ + O2 -> O2F2+ + O2*,Ion-induced excitation,ion,ion_induced_excitation,mechanical,5,pass,unknown,unknown,unknown,unknown,,,,,true,,rxn_8e7af8116dc9
O2F2+ + SF6 -> O2F2+ + SF6(v),Ion-induced excitation,ion,ion_induced_excitation,mechanical,5,pass,unknown,unknown,unknown,unknown,,,,,true,,rxn_c435dd1f3623
O2F2+ + SF6 -> O2F2+ + SF6*,Ion-induced excitation,ion,ion_induced_excitation,mechanical,5,pass,unknown,unknown,unknown,unknown,,,,,true,,rxn_3659c8e370ef
O2F2- + Ar -> O2F2- + Ar(m),Ion-induced excitation,ion,ion_induced_excitation,mechanical,5,pass,unknown,unknown,unknown,unknown,,,,,true,,rxn_03a2345ecb3f
O2F2- + Ar -> O2F2- + Ar(r),Ion-induced excitation,ion,ion_induced_excitation,mechanical,5,pass,unknown,unknown,unknown,unknown,,,,,true,,rxn_fac9ae464486
O2F2- + O2 -> O2F2- + O2(v),Ion-induced excitation,ion,ion_induced_excitation,mechanical,5,pass,unknown,unknown,unknown,unknown,,,,,true,,rxn_3d52d72c20f0
O2F2- + O2 -> O2F2- + O2*,Ion-induced excitation,ion,ion_induced_excitation,mechanical,5,pass,unknown,unknown,unknown,unknown,,,,,true,,rxn_dd010c2887f0
O2F2- + SF6 -> O2F2- + SF6(v),Ion-induced excitation,ion,ion_induced_excitation,mechanical,5,pass,unknown,unknown,unknown,unknown,,,,,true,,rxn_5881a4621306
O2F2- + SF6 -> O2F2- + SF6*,Ion-induced excitation,ion,ion_induced_excitation,mechanical,5,pass,unknown,unknown,unknown,unknown,,,,,true,,rxn_57010ecd6ac1
OF2+ + Ar -> OF2+ + Ar(m),Ion-induced excitation,ion,ion_induced_excitation,mechanical,5,pass,unknown,unknown,unknown,unknown,,,,,true,,rxn_9609feaf0524
OF2+ + Ar -> OF2+ + Ar(r),Ion-induced excitation,ion,ion_induced_excitation,mechanical,5,pass,unknown,unknown,unknown,unknown,,,,,true,,rxn_5b2eab3d0073
OF2+ + O2 -> OF2+ + O2(v),Ion-induced excitation,ion,ion_induced_excitation,mechanical,5,pass,unknown,unknown,unknown,unknown,,,,,true,,rxn_2f9ccfa05a52
OF2+ + O2 -> OF2+ + O2*,Ion-induced excitation,ion,ion_induced_excitation,mechanical,5,pass,unknown,unknown,unknown,unknown,,,,,true,,rxn_dd0503a22fde
OF2+ + SF6 -> OF2+ + SF6(v),Ion-induced excitation,ion,ion_induced_excitation,mechanical,5,pass,unknown,unknown,unknown,unknown,,,,,true,,rxn_08acf2963f6c
OF2+ + SF6 -> OF2+ + SF6*,Ion-induced excitation,ion,ion_induced_excitation,mechanical,5,pass,unknown,unknown,unknown,unknown,,,,,true,,rxn_8ee6eca816c3
OF2- + Ar -> OF2- + Ar(m),Ion-induced excitation,ion,ion_induced_excitation,mechanical,5,pass,unknown,unknown,unknown,unknown,,,,,true,,rxn_bf49d87ccbad
OF2- + Ar -> OF2- + Ar(r),Ion-induced excitation,ion,ion_induced_excitation,mechanical,5,pass,unknown,unknown,unknown,unknown,,,,,true,,rxn_0b8bcdcf0ebf
OF2- + O2 -> OF2- + O2(v),Ion-induced excitation,ion,ion_induced_excitation,mechanical,5,pass,unknown,unknown,unknown,unknown,,,,,true,,rxn_512e30773b85
OF2- + O2 -> OF2- + O2*,Ion-induced excitation,ion,ion_induced_excitation,mechanical,5,pass,unknown,unknown,unknown,unknown,,,,,true,,rxn_f04b4714df0f
OF2- + SF6 -> OF2- + SF6(v),Ion-induced excitation,ion,ion_induced_excitation,mechanical,5,pass,unknown,unknown,unknown,unknown,,,,,true,,rxn_7309d5da3640
OF2- + SF6 -> OF2- + SF6*,Ion-induced excitation,ion,ion_induced_excitation,mechanical,5,pass,unknown,unknown,unknown,unknown,,,,,true,,rxn_10e8bd2e4bb3
SO+ + Ar -> SO+ + Ar(m),Ion-induced excitation,ion,ion_induced_excitation,mechanical,5,pass,unknown,unknown,unknown,unknown,,,,,true,,rxn_7e6a340b7635
SO+ + Ar -> SO+ + Ar(r),Ion-induced excitation,ion,ion_induced_excitation,mechanical,5,pass,unknown,unknown,unknown,unknown,,,,,true,,rxn_3189443bde46
SO+ + O2 -> SO+ + O2(v),Ion-induced excitation,ion,ion_induced_excitation,mechanical,5,pass,unknown,unknown,unknown,unknown,,,,,true,,rxn_a32c353f4ba9
SO+ + O2 -> SO+ + O2*,Ion-induced excitation,ion,ion_induced_excitation,mechanical,5,pass,unknown,unknown,unknown,unknown,,,,,true,,rxn_328e3d7401a0
SO+ + SF6 -> SO+ + SF6(v),Ion-induced excitation,ion,ion_induced_excitation,mechanical,5,pass,unknown,unknown,unknown,unknown,,,,,true,,rxn_1dc3ff740256
SO+ + SF6 -> SO+ + SF6*,Ion-induced excitation,ion,ion_induced_excitation,mechanical,5,pass,unknown,unknown,unknown,unknown,,,,,true,,rxn_378e4d52edc3
SO- + Ar -> SO- + Ar(m),Ion-induced excitation,ion,ion_induced_excitation,mechanical,5,pass,unknown,unknown,unknown,unknown,,,,,true,,rxn_8936a89a947a
SO- + Ar -> SO- + Ar(r),Ion-induced excitation,ion,ion_induced_excitation,mechanical,5,pass,unknown,unknown,unknown,unknown,,,,,true,,rxn_3d224d985431
SO- + O2 -> SO- + O2(v),Ion-induced excitation,ion,ion_induced_excitation,mechanical,5,pass,unknown,unknown,unknown,unknown,,,,,true,,rxn_fd4aa72b628b
SO- + O2 -> SO- + O2*,Ion-induced excitation,ion,ion_induced_excitation,mechanical,5,pass,unknown,unknown,unknown,unknown,,,,,true,,rxn_8d7e206f2910
SO- + SF6 -> SO- + SF6(v),Ion-induced excitation,ion,ion_induced_excitation,mechanical,5,pass,unknown,unknown,unknown,unknown,,,,,true,,rxn_4cfec666ca8a
SO- + SF6 -> SO- + SF6*,Ion-induced excitation,ion,ion_induced_excitation,mechanical,5,pass,unknown,unknown,unknown,unknown,,,,,true,,rxn_a55a6436c9de
Ar+ + O2F2- -> Ar + O2F2,Ion-ion mutual neutralization,ion,mutual_neutralization,mechanical,5,pass,unknown,unknown,unknown,unknown,,,,,true,,rxn_53cb7f14c9fb
Ar+ + OF2- -> Ar + OF2,Ion-ion mutual neutralization,ion,mutual_neutralization,mechanical,5,pass,unknown,unknown,unknown,unknown,,,,,true,,rxn_c217cf352bd0
Ar+ + SO- -> Ar + SO,Ion-ion mutual neutralization,ion,mutual_neutralization,mechanical,5,pass,unknown,unknown,unknown,unknown,,,,,true,,rxn_0f2641b9e849
ArF+ + O2F2- -> Ar + F + O2F2,Ion-ion mutual neutralization,ion,mutual_neutralization,mechanical,5,pass,unknown,unknown,unknown,unknown,,,,,true,,rxn_b7cfb696efec
ArF+ + OF2- -> Ar + F + OF2,Ion-ion mutual neutralization,ion,mutual_neutralization,mechanical,5,pass,unknown,unknown,unknown,unknown,,,,,true,,rxn_2c971123577a
ArF+ + SO- -> Ar + F + SO,Ion-ion mutual neutralization,ion,mutual_neutralization,mechanical,5,pass,unknown,unknown,unknown,unknown,,,,,true,,rxn_2a0005bcb0d9
F+ + O2F2- -> F + O2F2,Ion-ion mutual neutralization,ion,mutual_neutralization,mechanical,5,pass,unknown,unknown,unknown,unknown,,,,,true,,rxn_82cacb6db64c
F+ + OF2- -> F + OF2,Ion-ion mutual neutralization,ion,mutual_neutralization,mechanical,5,pass,unknown,unknown,unknown,unknown,,,,,true,,rxn_d5bfa2519e41
F+ + SO- -> F + SO,Ion-ion mutual neutralization,ion,mutual_neutralization,mechanical,5,pass,unknown,unknown,unknown,unknown,,,,,true,,rxn_863b7dd8313c
F2+ + O2F2- -> F2 + O2F2,Ion-ion mutual neutralization,ion,mutual_neutralization,mechanical,5,pass,unknown,unknown,unknown,unknown,,,,,true,,rxn_716ae5ce82db
F2+ + OF2- -> F2 + OF2,Ion-ion mutual neutralization,ion,mutual_neutralization,mechanical,5,pass,unknown,unknown,unknown,unknown,,,,,true,,rxn_3561cdaf0642
F2+ + SO- -> F2 + SO,Ion-ion mutual neutralization,ion,mutual_neutralization,mechanical,5,pass,unknown,unknown,unknown,unknown,,,,,true,,rxn_47efec185d89
O+ + O2F2- -> O + O2F2,Ion-ion mutual neutralization,ion,mutual_neutralization,mechanical,5,pass,unknown,unknown,unknown,unknown,,,,,true,,rxn_b2a3828390cc
O+ + OF2- -> O + OF2,Ion-ion mutual neutralization,ion,mutual_neutralization,mechanical,5,pass,unknown,unknown,unknown,unknown,,,,,true,,rxn_9fd570671861
O+ + SO- -> O + SO,Ion-ion mutual neutralization,ion,mutual_neutralization,mechanical,5,pass,unknown,unknown,unknown,unknown,,,,,true,,rxn_67a11fa8e73f
O2+ + O2F2- -> O2 + O2F2,Ion-ion mutual neutralization,ion,mutual_neutralization,mechanical,5,pass,unknown,unknown,unknown,unknown,,,,,true,,rxn_21cac907e29e
O2+ + OF2- -> O2 + OF2,Ion-ion mutual neutralization,ion,mutual_neutralization,mechanical,5,pass,unknown,unknown,unknown,unknown,,,,,true,,rxn_c74c5862d719
O2+ + SO- -> O2 + SO,Ion-ion mutual neutralization,ion,mutual_neutralization,mechanical,5,pass,unknown,unknown,unknown,unknown,,,,,true,,rxn_a212cbb4c201
O2F+ + O2F2- -> O2F + O2F2,Ion-ion mutual neutralization,ion,mutual_neutralization,mechanical,5,pass,unknown,unknown,unknown,unknown,,,,,true,,rxn_89cd18377d80
O2F+ + OF2- -> O2F + OF2,Ion-ion mutual neutralization,ion,mutual_neutralization,mechanical,5,pass,unknown,unknown,unknown,unknown,,,,,true,,rxn_dc9f3c06f62f
O2F+ + SO- -> O2F + SO,Ion-ion mutual neutralization,ion,mutual_neutralization,mechanical,5,pass,unknown,unknown,unknown,unknown,,,,,true,,rxn_a63d8f4ec663
O2F2+ + Ar- -> Ar + O2F2,Ion-ion mutual neutralization,ion,mutual_neutralization,mechanical,5,pass,fail,unknown,unknown,unknown,,,,,true,,rxn_7ca5cc3100a7
O2F2+ + ArF- -> Ar + F + O2F2,Ion-ion mutual neutralization,ion,mutual_neutralization,mechanical,5,pass,unknown,unknown,unknown,unknown,,,,,true,,rxn_8bfa1b0fd896
O2F2+ + F- -> F + O2F2,Ion-ion mutual neutralization,ion,mutual_neutralization,mechanical,5,pass,unknown,unknown,unknown,unknown,,,,,true,,rxn_18aad99edc0b
O2F2+ + F2- -> F2 + O2F2,Ion-ion mutual neutralization,ion,mutual_neutralization,mechanical,5,pass,unknown,unknown,unknown,unknown,,,,,true,,rxn_16e52bd16c6a
O2F2+ + O- -> O + O2F2,Ion-ion mutual neutralization,ion,mutual_neutralization,mechanical,5,pass,unknown,unknown,unknown,unknown,,,,,true,,rxn_45a4c49cbe9b
O2F2+ + O2- -> O2 + O2F2,Ion-ion mutual neutralization,ion,mutual_neutralization,mechanical,5,pass,unknown,unknown,unknown,unknown,,,,,true,,rxn_c37046f2bd4f
O2F2+ + O2F- -> O2F + O2F2,Ion-ion mutual neutralization,ion,mutual_neutralization,mechanical,5,pass,unknown,unknown,unknown,unknown,,,,,true,,rxn_8ec8527df4c7
O2F2+ + O2F2- -> 2 O2F2,Ion-ion mutual neutralization,ion,mutual_neutralization,mechanical,5,pass,unknown,unknown,unknown,unknown,,,,,true,,rxn_82ee999f854d
O2F2+ + OF- -> OF + O2F2,Ion-ion mutual neutralization,ion,mutual_neutralization,mechanical,5,pass,unknown,unknown,unknown,unknown,,,,,true,,rxn_5e81299e2db6
O2F2+ + OF2- -> O2F2 + OF2,Ion-ion mutual neutralization,ion,mutual_neutralization,mechanical,5,pass,unknown,unknown,unknown,unknown,,,,,true,,rxn_f0c983ece838
O2F2+ + S- -> S + O2F2,Ion-ion mutual neutralization,ion,mutual_neutralization,mechanical,5,pass,unknown,unknown,unknown,unknown,,,,,true,,rxn_6e7448b56ccf
O2F2+ + SF- -> SF + O2F2,Ion-ion mutual neutralization,ion,mutual_neutralization,mechanical,5,pass,unknown,unknown,unknown,unknown,,,,,true,,rxn_5bac39ec9b9e
O2F2+ + SF2- -> SF2 + O2F2,Ion-ion mutual neutralization,ion,mutual_neutralization,mechanical,5,pass,unknown,unknown,unknown,unknown,,,,,true,,rxn_d78df43984bb
O2F2+ + SF3- -> SF3 + O2F2,Ion-ion mutual neutralization,ion,mutual_neutralization,mechanical,5,pass,unknown,unknown,unknown,unknown,,,,,true,,rxn_6f3d226aaa70
O2F2+ + SF4- -> SF4 + O2F2,Ion-ion mutual neutralization,ion,mutual_neutralization,mechanical,5,pass,unknown,unknown,unknown,unknown,,,,,true,,rxn_9063b76874b6
O2F2+ + SF5- -> SF5 + O2F2,Ion-ion mutual neutralization,ion,mutual_neutralization,mechanical,5,pass,unknown,unknown,unknown,unknown,,,,,true,,rxn_3de6fecbcb5d
O2F2+ + SF6- -> O2F2 + SF6,Ion-ion mutual neutralization,ion,mutual_neutralization,mechanical,5,pass,unknown,unknown,unknown,unknown,,,,,true,,rxn_acc94d9e76c0
O2F2+ + SO- -> O2F2 + SO,Ion-ion mutual neutralization,ion,mutual_neutralization,mechanical,5,pass,unknown,unknown,unknown,unknown,,,,,true,,rxn_0a1bf2e65f0b
O2F2+ + SOF- -> SOF + O2F2,Ion-ion mutual neutralization,ion,mutual_neutralization,mechanical,5,pass,unknown,unknown,unknown,unknown,,,,,true,,rxn_0ff71240ed76
O2F2+ + SOF3- -> SOF3 + O2F2,Ion-ion mutual neutralization,ion,mutual_neutralization,mechanical,5,pass,unknown,unknown,unknown,unknown,,,,,true,,rxn_45908c032f68
O2F2+ + SOF4- -> O2F2 + SOF4,Ion-ion mutual neutralization,ion,mutual_neutralization,mechanical,5,pass,unknown,unknown,unknown,unknown,,,,,true,,rxn_5a86bc532850
O2F2+ + SOF5- -> SOF5 + O2F2,Ion-ion mutual neutralization,ion,mutual_neutralization,mechanical,5,pass,unknown,unknown,unknown,unknown,,,,,true,,rxn_6ad7d0b0697c
OF+ + O2F2- -> OF + O2F2,Ion-ion mutual neutralization,ion,mutual_neutralization,mechanical,5,pass,unknown,unknown,unknown,unknown,,,,,true,,rxn_b0f26103c698
OF+ + OF2- -> OF + OF2,Ion-ion mutual neutralization,ion,mutual_neutralization,mechanical,5,pass,unknown,unknown,unknown,unknown,,,,,true,,rxn_3a2caf7111d4
OF+ + SO- -> OF + SO,Ion-ion mutual neutralization,ion,mutual_neutralization,mechanical,5,pass,unknown,unknown,unknown,unknown,,,,,true,,rxn_91da6e629240
OF2+ + Ar- -> Ar + OF2,Ion-ion mutual neutralization,ion,mutual_neutralization,mechanical,5,pass,fail,unknown,unknown,unknown,,,,,true,,rxn_bf472b2b008f
OF2+ + ArF- -> Ar + F + OF2,Ion-ion mutual neutralization,ion,mutual_neutralization,mechanical,5,pass,unknown,unknown,unknown,unknown,,,,,true,,rxn_28d7bb7bbfed
OF2+ + F- -> F + OF2,Ion-ion mutual neutralization,ion,mutual_neutralization,mechanical,5,pass,unknown,unknown,unknown,unknown,,,,,true,,rxn_e48488d575f5
OF2+ + F2- -> F2 + OF2,Ion-ion mutual neutralization,ion,mutual_neutralization,mechanical,5,pass,unknown,unknown,unknown,unknown,,,,,true,,rxn_53b360119f44
OF2+ + O- -> O + OF2,Ion-ion mutual neutralization,ion,mutual_neutralization,mechanical,5,pass,unknown,unknown,unknown,unknown,,,,,true,,rxn_1677a6ff2763
OF2+ + O2- -> O2 + OF2,Ion-ion mutual neutralization,ion,mutual_neutralization,mechanical,5,pass,unknown,unknown,unknown,unknown,,,,,true,,rxn_89d2d1966f54
OF2+ + O2F- -> O2F + OF2,Ion-ion mutual neutralization,ion,mutual_neutralization,mechanical,5,pass,unknown,unknown,unknown,unknown,,,,,true,,rxn_df7c096a2ac0
OF2+ + O2F2- -> O2F2 + OF2,Ion-ion mutual neutralization,ion,mutual_neutralization,mechanical,5,pass,unknown,unknown,unknown,unknown,,,,,true,,rxn_439e1c6ef4d1
OF2+ + OF- -> OF + OF2,Ion-ion mutual neutralization,ion,mutual_neutralization,mechanical,5,pass,unknown,unknown,unknown,unknown,,,,,true,,rxn_4dfcb48140e2
OF2+ + OF2- -> 2 OF2,Ion-ion mutual neutralization,ion,mutual_neutralization,mechanical,5,pass,unknown,unknown,unknown,unknown,,,,,true,,rxn_ff945de84b5f
OF2+ + S- -> S + OF2,Ion-ion mutual neutralization,ion,mutual_neutralization,mechanical,5,pass,unknown,unknown,unknown,unknown,,,,,true,,rxn_6870012efbfb
OF2+ + SF- -> SF + OF2,Ion-ion mutual neutralization,ion,mutual_neutralization,mechanical,5,pass,unknown,unknown,unknown,unknown,,,,,true,,rxn_856ce98576a0
OF2+ + SF2- -> SF2 + OF2,Ion-ion mutual neutralization,ion,mutual_neutralization,mechanical,5,pass,unknown,unknown,unknown,unknown,,,,,true,,rxn_5857e230f965
OF2+ + SF3- -> SF3 + OF2,Ion-ion mutual neutralization,ion,mutual_neutralization,mechanical,5,pass,unknown,unknown,unknown,unknown,,,,,true,,rxn_973bbf45464f
OF2+ + SF4- -> SF4 + OF2,Ion-ion mutual neutralization,ion,mutual_neutralization,mechanical,5,pass,unknown,unknown,unknown,unknown,,,,,true,,rxn_256066aecdf3
OF2+ + SF5- -> SF5 + OF2,Ion-ion mutual neutralization,ion,mutual_neutralization,mechanical,5,pass,unknown,unknown,unknown,unknown,,,,,true,,rxn_12623c15708f
OF2+ + SF6- -> OF2 + SF6,Ion-ion mutual neutralization,ion,mutual_neutralization,mechanical,5,pass,unknown,unknown,unknown,unknown,,,,,true,,rxn_d35a9ce42e2b
OF2+ + SO- -> OF2 + SO,Ion-ion mutual neutralization,ion,mutual_neutralization,mechanical,5,pass,unknown,unknown,unknown,unknown,,,,,true,,rxn_817b53ce8937
OF2+ + SOF- -> SOF + OF2,Ion-ion mutual neutralization,ion,mutual_neutralization,mechanical,5,pass,unknown,unknown,unknown,unknown,,,,,true,,rxn_f9d8779d7161
OF2+ + SOF3- -> SOF3 + OF2,Ion-ion mutual neutralization,ion,mutual_neutralization,mechanical,5,pass,unknown,unknown,unknown,unknown,,,,,true,,rxn_5c9a3f6d99f0
OF2+ + SOF4- -> OF2 + SOF4,Ion-ion mutual neutralization,ion,mutual_neutralization,mechanical,5,pass,unknown,unknown,unknown,unknown,,,,,true,,rxn_e8b91e54b6f6
OF2+ + SOF5- -> SOF5 + OF2,Ion-ion mutual neutralization,ion,mutual_neutralization,mechanical,5,pass,unknown,unknown,unknown,unknown,,,,,true,,rxn_3f341bcba83e
S+ + O2F2- -> S + O2F2,Ion-ion mutual neutralization,ion,mutual_neutralization,mechanical,5,pass,unknown,unknown,unknown,unknown,,,,,true,,rxn_1e8b4348ea23
S+ + OF2- -> S + OF2,Ion-ion mutual neutralization,ion,mutual_neutralization,mechanical,5,pass,unknown,unknown,unknown,unknown,,,,,true,,rxn_fa579c6e2245
S+ + SO- -> S + SO,Ion-ion mutual neutralization,ion,mutual_neutralization,mechanical,5,pass,unknown,unknown,unknown,unknown,,,,,true,,rxn_0c002a40d60a
SF+ + O2F2- -> SF + O2F2,Ion-ion mutual neutralization,ion,mutual_neutralization,mechanical,5,pass,unknown,unknown,unknown,unknown,,,,,true,,rxn_ad281447c2ec
SF+ + OF2- -> SF + OF2,Ion-ion mutual neutralization,ion,mutual_neutralization,mechanical,5,pass,unknown,unknown,unknown,unknown,,,,,true,,rxn_c9f020f4f028
SF+ + SO- -> SF + SO,Ion-ion mutual neutralization,ion,mutual_neutralization,mechanical,5,pass,unknown,unknown,unknown,unknown,,,,,true,,rxn_50545861cb76
SF2+ + O2F2- -> SF2 + O2F2,Ion-ion mutual neutralization,ion,mutual_neutralization,mechanical,5,pass,unknown,unknown,unknown,unknown,,,,,true,,rxn_f22107d23e7b
SF2+ + OF2- -> SF2 + OF2,Ion-ion mutual neutralization,ion,mutual_neutralization,mechanical,5,pass,unknown,unknown,unknown,unknown,,,,,true,,rxn_034b041343e0
SF2+ + SO- -> SF2 + SO,Ion-ion mutual neutralization,ion,mutual_neutralization,mechanical,5,pass,unknown,unknown,unknown,unknown,,,,,true,,rxn_87db3db8ce96
SF3+ + O2F2- -> SF3 + O2F2,Ion-ion mutual neutralization,ion,mutual_neutralization,mechanical,5,pass,unknown,unknown,unknown,unknown,,,,,true,,rxn_70a995e7d8cb
SF3+ + OF2- -> SF3 + OF2,Ion-ion mutual neutralization,ion,mutual_neutralization,mechanical,5,pass,unknown,unknown,unknown,unknown,,,,,true,,rxn_817ba5b81213
SF3+ + SO- -> SF3 + SO,Ion-ion mutual neutralization,ion,mutual_neutralization,mechanical,5,pass,unknown,unknown,unknown,unknown,,,,,true,,rxn_e759b22210ff
SF4+ + O2F2- -> SF4 + O2F2,Ion-ion mutual neutralization,ion,mutual_neutralization,mechanical,5,pass,unknown,unknown,unknown,unknown,,,,,true,,rxn_2b6302e36236
SF4+ + OF2- -> SF4 + OF2,Ion-ion mutual neutralization,ion,mutual_neutralization,mechanical,5,pass,unknown,unknown,unknown,unknown,,,,,true,,rxn_315c76cdc071
SF4+ + SO- -> SF4 + SO,Ion-ion mutual neutralization,ion,mutual_neutralization,mechanical,5,pass,unknown,unknown,unknown,unknown,,,,,true,,rxn_5804543c5a77
SF5+ + O2F2- -> SF5 + O2F2,Ion-ion mutual neutralization,ion,mutual_neutralization,mechanical,5,pass,unknown,unknown,unknown,unknown,,,,,true,,rxn_ff3e96b124ee
SF5+ + OF2- -> SF5 + OF2,Ion-ion mutual neutralization,ion,mutual_neutralization,mechanical,5,pass,unknown,unknown,unknown,unknown,,,,,true,,rxn_cf73409fc220
SF5+ + SO- -> SF5 + SO,Ion-ion mutual neutralization,ion,mutual_neutralization,mechanical,5,pass,unknown,unknown,unknown,unknown,,,,,true,,rxn_c45b5c14dc2d
SF6+ + O2F2- -> O2F2 + SF6,Ion-ion mutual neutralization,ion,mutual_neutralization,mechanical,5,pass,unknown,unknown,unknown,unknown,,,,,true,,rxn_39a56e204fbe
SF6+ + OF2- -> OF2 + SF6,Ion-ion mutual neutralization,ion,mutual_neutralization,mechanical,5,pass,unknown,unknown,unknown,unknown,,,,,true,,rxn_17adf6758368
SF6+ + SO- -> SF6 + SO,Ion-ion mutual neutralization,ion,mutual_neutralization,mechanical,5,pass,unknown,unknown,unknown,unknown,,,,,true,,rxn_6e5decba01b6
SO+ + Ar- -> Ar + SO,Ion-ion mutual neutralization,ion,mutual_neutralization,mechanical,5,pass,fail,unknown,unknown,unknown,,,,,true,,rxn_3765edd50c1c
SO+ + ArF- -> Ar + F + SO,Ion-ion mutual neutralization,ion,mutual_neutralization,mechanical,5,pass,unknown,unknown,unknown,unknown,,,,,true,,rxn_091fe137218b
SO+ + F- -> F + SO,Ion-ion mutual neutralization,ion,mutual_neutralization,mechanical,5,pass,unknown,unknown,unknown,unknown,,,,,true,,rxn_81e7ddf94996
SO+ + F2- -> F2 + SO,Ion-ion mutual neutralization,ion,mutual_neutralization,mechanical,5,pass,unknown,unknown,unknown,unknown,,,,,true,,rxn_c56d22507543
SO+ + O- -> O + SO,Ion-ion mutual neutralization,ion,mutual_neutralization,mechanical,5,pass,unknown,unknown,unknown,unknown,,,,,true,,rxn_eb0ab3dd09b3
SO+ + O2- -> O2 + SO,Ion-ion mutual neutralization,ion,mutual_neutralization,mechanical,5,pass,unknown,unknown,unknown,unknown,,,,,true,,rxn_2509af3db66d
SO+ + O2F- -> O2F + SO,Ion-ion mutual neutralization,ion,mutual_neutralization,mechanical,5,pass,unknown,unknown,unknown,unknown,,,,,true,,rxn_b977b989f253
SO+ + O2F2- -> O2F2 + SO,Ion-ion mutual neutralization,ion,mutual_neutralization,mechanical,5,pass,unknown,unknown,unknown,unknown,,,,,true,,rxn_0136ae40a145
SO+ + OF- -> OF + SO,Ion-ion mutual neutralization,ion,mutual_neutralization,mechanical,5,pass,unknown,unknown,unknown,unknown,,,,,true,,rxn_adcd380f065a
SO+ + OF2- -> OF2 + SO,Ion-ion mutual neutralization,ion,mutual_neutralization,mechanical,5,pass,unknown,unknown,unknown,unknown,,,,,true,,rxn_59a6cd3a8d2c
SO+ + S- -> S + SO,Ion-ion mutual neutralization,ion,mutual_neutralization,mechanical,5,pass,unknown,unknown,unknown,unknown,,,,,true,,rxn_5e8ec9bc28d4
SO+ + SF- -> SF + SO,Ion-ion mutual neutralization,ion,mutual_neutralization,mechanical,5,pass,unknown,unknown,unknown,unknown,,,,,true,,rxn_9c00bf13140a
SO+ + SF2- -> SF2 + SO,Ion-ion mutual neutralization,ion,mutual_neutralization,mechanical,5,pass,unknown,unknown,unknown,unknown,,,,,true,,rxn_50dbcd72b141
SO+ + SF3- -> SF3 + SO,Ion-ion mutual neutralization,ion,mutual_neutralization,mechanical,5,pass,unknown,unknown,unknown,unknown,,,,,true,,rxn_d3c037d64b08
SO+ + SF4- -> SF4 + SO,Ion-ion mutual neutralization,ion,mutual_neutralization,mechanical,5,pass,unknown,unknown,unknown,unknown,,,,,true,,rxn_d118a8ea777f
SO+ + SF5- -> SF5 + SO,Ion-ion mutual neutralization,ion,mutual_neutralization,mechanical,5,pass,unknown,unknown,unknown,unknown,,,,,true,,rxn_ead884264e10
SO+ + SF6- -> SF6 + SO,Ion-ion mutual neutralization,ion,mutual_neutralization,mechanical,5,pass,unknown,unknown,unknown,unknown,,,,,true,,rxn_d8c803c7870c
SO+ + SO- -> 2 SO,Ion-ion mutual neutralization,ion,mutual_neutralization,mechanical,5,pass,unknown,unknown,unknown,unknown,,,,,true,,rxn_17bb45986f47
SO+ + SOF- -> SOF + SO,Ion-ion mutual neutralization,ion,mutual_neutralization,mechanical,5,pass,unknown,unknown,unknown,unknown,,,,,true,,rxn_4620d6ad172d
SO+ + SOF3- -> SOF3 + SO,Ion-ion mutual neutralization,ion,mutual_neutralization,mechanical,5,pass,unknown,unknown,unknown,unknown,,,,,true,,rxn_0484905bbafa
SO+ + SOF4- -> SO + SOF4,Ion-ion mutual neutralization,ion,mutual_neutralization,mechanical,5,pass,unknown,unknown,unknown,unknown,,,,,true,,rxn_64447b80c48e
SO+ + SOF5- -> SOF5 + SO,Ion-ion mutual neutralization,ion,mutual_neutralization,mechanical,5,pass,unknown,unknown,unknown,unknown,,,,,true,,rxn_cf1a30ac1074
SOF+ + O2F2- -> SOF + O2F2,Ion-ion mutual neutralization,ion,mutual_neutralization,mechanical,5,pass,unknown,unknown,unknown,unknown,,,,,true,,rxn_b7d378d04211
SOF+ + OF2- -> SOF + OF2,Ion-ion mutual neutralization,ion,mutual_neutralization,mechanical,5,pass,unknown,unknown,unknown,unknown,,,,,true,,rxn_15fd6bf7b64f
SOF+ + SO- -> SOF + SO,Ion-ion mutual neutralization,ion,mutual_neutralization,mechanical,5,pass,unknown,unknown,unknown,unknown,,,,,true,,rxn_8e0eff7cbd7b
SOF3+ + O2F2- -> SOF3 + O2F2,Ion-ion mutual neutralization,ion,mutual_neutralization,mechanical,5,pass,unknown,unknown,unknown,unknown,,,,,true,,rxn_a1f131469f6c
SOF3+ + OF2- -> SOF3 + OF2,Ion-ion mutual neutralization,ion,mutual_neutralization,mechanical,5,pass,unknown,unknown,unknown,unknown,,,,,true,,rxn_1a83a98afbb9
SOF3+ + SO- -> SOF3 + SO,Ion-ion mutual neutralization,ion,mutual_neutralization,mechanical,5,pass,unknown,unknown,unknown,unknown,,,,,true,,rxn_3a161636c4d5
SOF4+ + O2F2- -> O2F2 + SOF4,Ion-ion mutual neutralization,ion,mutual_neutralization,mechanical,5,pass,unknown,unknown,unknown,unknown,,,,,true,,rxn_725de9687e24
SOF4+ + OF2- -> OF2 + SOF4,Ion-ion mutual neutralization,ion,mutual_neutralization,mechanical,5,pass,unknown,unknown,unknown,unknown,,,,,true,,rxn_6f4a5600bcc9
SOF4+ + SO- -> SO + SOF4,Ion-ion mutual neutralization,ion,mutual_neutralization,mechanical,5,pass,unknown,unknown,unknown,unknown,,,,,true,,rxn_91d40a6e9826
SOF5+ + O2F2- -> SOF5 + O2F2,Ion-ion mutual neutralization,ion,mutual_neutralization,mechanical,5,pass,unknown,unknown,unknown,unknown,,,,,true,,rxn_659e52b6be7b
SOF5+ + OF2- -> SOF5 + OF2,Ion-ion mutual neutralization,ion,mutual_neutralization,mechanical,5,pass,unknown,unknown,unknown,unknown,,,,,true,,rxn_ad433963112e
SOF5+ + SO- -> SOF5 + SO,Ion-ion mutual neutralization,ion,mutual_neutralization,mechanical,5,pass,unknown,unknown,unknown,unknown,,,,,true,,rxn_4ee8880362df
OF2+ + Ar -> O+ + Ar + F2,Projectile-ion dissociation,ion,projectile_dissociation,mechanical,5,pass,unknown,unknown,unknown,unknown,,,,,true,,rxn_dd177bdbe6a2
OF2+ + Ar -> OF+ + Ar + F,Projectile-ion dissociation,ion,projectile_dissociation,mechanical,5,pass,unknown,unknown,unknown,unknown,,,,,true,,rxn_bd486c24b8b8
OF2+ + F -> O+ + F + F2,Projectile-ion dissociation,ion,projectile_dissociation,mechanical,5,pass,unknown,unknown,unknown,unknown,,,,,true,,rxn_c78a0c748171
OF2+ + F -> OF+ + 2 F,Projectile-ion dissociation,ion,projectile_dissociation,mechanical,5,pass,unknown,unknown,unknown,unknown,,,,,true,,rxn_537a232fc447
OF2+ + O -> O+ + O + F2,Projectile-ion dissociation,ion,projectile_dissociation,mechanical,5,pass,unknown,unknown,unknown,unknown,,,,,true,,rxn_6019c81994df
OF2+ + O -> OF+ + F + O,Projectile-ion dissociation,ion,projectile_dissociation,mechanical,5,pass,unknown,unknown,unknown,unknown,,,,,true,,rxn_ff5cb3c2d34d
OF2+ + O2 -> O+ + F2 + O2,Projectile-ion dissociation,ion,projectile_dissociation,mechanical,5,pass,unknown,unknown,unknown,unknown,,,,,true,,rxn_88673cdff3ca
OF2+ + O2 -> OF+ + F + O2,Projectile-ion dissociation,ion,projectile_dissociation,mechanical,5,pass,unknown,unknown,unknown,unknown,,,,,true,,rxn_e5d398b539de
OF2+ + O2F -> O+ + O2F + F2,Projectile-ion dissociation,ion,projectile_dissociation,mechanical,5,pass,unknown,unknown,unknown,unknown,,,,,true,,rxn_9cbd5d2a8a9d
OF2+ + O2F -> OF+ + F + O2F,Projectile-ion dissociation,ion,projectile_dissociation,mechanical,5,pass,unknown,unknown,unknown,unknown,,,,,true,,rxn_582372527ee6
OF2+ + OF -> O+ + OF + F2,Projectile-ion dissociation,ion,projectile_dissociation,mechanical,5,pass,unknown,unknown,unknown,unknown,,,,,true,,rxn_87368169e332
OF2+ + OF -> OF+ + F + OF,Projectile-ion dissociation,ion,projectile_dissociation,mechanical,5,pass,unknown,unknown,unknown,unknown,,,,,true,,rxn_9d4d02a3a583
OF2+ + OF2 -> O+ + F2 + OF2,Projectile-ion dissociation,ion,projectile_dissociation,mechanical,5,pass,unknown,unknown,unknown,unknown,,,,,true,,rxn_f885e125836f
OF2+ + OF2 -> OF+ + F + OF2,Projectile-ion dissociation,ion,projectile_dissociation,mechanical,5,pass,unknown,unknown,unknown,unknown,,,,,true,,rxn_400d7aa918ed
OF2+ + S -> O+ + S + F2,Projectile-ion dissociation,ion,projectile_dissociation,mechanical,5,pass,unknown,unknown,unknown,unknown,,,,,true,,rxn_bc185d2b0e27
OF2+ + S -> OF+ + F + S,Projectile-ion dissociation,ion,projectile_dissociation,mechanical,5,pass,unknown,unknown,unknown,unknown,,,,,true,,rxn_f7cb0760e382
OF2+ + SF -> O+ + SF + F2,Projectile-ion dissociation,ion,projectile_dissociation,mechanical,5,pass,unknown,unknown,unknown,unknown,,,,,true,,rxn_54d2dc489b7c
OF2+ + SF -> OF+ + F + SF,Projectile-ion dissociation,ion,projectile_dissociation,mechanical,5,pass,unknown,unknown,unknown,unknown,,,,,true,,rxn_d15ec0aed26c
OF2+ + SF2 -> O+ + SF2 + F2,Projectile-ion dissociation,ion,projectile_dissociation,mechanical,5,pass,unknown,unknown,unknown,unknown,,,,,true,,rxn_866da50f3ccd
OF2+ + SF2 -> OF+ + F + SF2,Projectile-ion dissociation,ion,projectile_dissociation,mechanical,5,pass,unknown,unknown,unknown,unknown,,,,,true,,rxn_a10f43bc40bf
OF2+ + SF3 -> O+ + SF3 + F2,Projectile-ion dissociation,ion,projectile_dissociation,mechanical,5,pass,unknown,unknown,unknown,unknown,,,,,true,,rxn_08d9c9a7ce70
OF2+ + SF3 -> OF+ + F + SF3,Projectile-ion dissociation,ion,projectile_dissociation,mechanical,5,pass,unknown,unknown,unknown,unknown,,,,,true,,rxn_a94b6512b04c
OF2+ + SF4 -> O+ + SF4 + F2,Projectile-ion dissociation,ion,projectile_dissociation,mechanical,5,pass,unknown,unknown,unknown,unknown,,,,,true,,rxn_134bdc7984bb
OF2+ + SF4 -> OF+ + F + SF4,Projectile-ion dissociation,ion,projectile_dissociation,mechanical,5,pass,unknown,unknown,unknown,unknown,,,,,true,,rxn_7cea74a85910
OF2+ + SF5 -> O+ + SF5 + F2,Projectile-ion dissociation,ion,projectile_dissociation,mechanical,5,pass,unknown,unknown,unknown,unknown,,,,,true,,rxn_3dc5eddf3b10
OF2+ + SF5 -> OF+ + F + SF5,Projectile-ion dissociation,ion,projectile_dissociation,mechanical,5,pass,unknown,unknown,unknown,unknown,,,,,true,,rxn_dd8aaf22564c
OF2+ + SF6 -> O+ + F2 + SF6,Projectile-ion dissociation,ion,projectile_dissociation,mechanical,5,pass,unknown,unknown,unknown,unknown,,,,,true,,rxn_f331b0dceb59
OF2+ + SF6 -> OF+ + F + SF6,Projectile-ion dissociation,ion,projectile_dissociation,mechanical,5,pass,unknown,unknown,unknown,unknown,,,,,true,,rxn_5f38ca2ddfe6
OF2- + Ar -> O- + Ar + F2,Projectile-ion dissociation,ion,projectile_dissociation,mechanical,5,pass,unknown,unknown,unknown,unknown,,,,,true,,rxn_e0e6044c16e7
OF2- + Ar -> OF- + Ar + F,Projectile-ion dissociation,ion,projectile_dissociation,mechanical,5,pass,unknown,unknown,unknown,unknown,,,,,true,,rxn_91860d8915fe
OF2- + F -> O- + F + F2,Projectile-ion dissociation,ion,projectile_dissociation,mechanical,5,pass,unknown,unknown,unknown,unknown,,,,,true,,rxn_1b3aa6cc7345
OF2- + F -> OF- + 2 F,Projectile-ion dissociation,ion,projectile_dissociation,mechanical,5,pass,unknown,unknown,unknown,unknown,,,,,true,,rxn_0880c092a79c
OF2- + O -> O- + O + F2,Projectile-ion dissociation,ion,projectile_dissociation,mechanical,5,pass,unknown,unknown,unknown,unknown,,,,,true,,rxn_64d480dcb8ce
OF2- + O -> OF- + F + O,Projectile-ion dissociation,ion,projectile_dissociation,mechanical,5,pass,unknown,unknown,unknown,unknown,,,,,true,,rxn_10f7594cf264
OF2- + O2 -> O- + F2 + O2,Projectile-ion dissociation,ion,projectile_dissociation,mechanical,5,pass,unknown,unknown,unknown,unknown,,,,,true,,rxn_4b7c69f1b30b
OF2- + O2 -> OF- + F + O2,Projectile-ion dissociation,ion,projectile_dissociation,mechanical,5,pass,unknown,unknown,unknown,unknown,,,,,true,,rxn_0b7946abf573
OF2- + O2F -> O- + O2F + F2,Projectile-ion dissociation,ion,projectile_dissociation,mechanical,5,pass,unknown,unknown,unknown,unknown,,,,,true,,rxn_56b62a615318
OF2- + O2F -> OF- + F + O2F,Projectile-ion dissociation,ion,projectile_dissociation,mechanical,5,pass,unknown,unknown,unknown,unknown,,,,,true,,rxn_4950e7bad11b
OF2- + OF -> O- + OF + F2,Projectile-ion dissociation,ion,projectile_dissociation,mechanical,5,pass,unknown,unknown,unknown,unknown,,,,,true,,rxn_87b3435e7bf8
OF2- + OF -> OF- + F + OF,Projectile-ion dissociation,ion,projectile_dissociation,mechanical,5,pass,unknown,unknown,unknown,unknown,,,,,true,,rxn_d407a0d4a314
OF2- + OF2 -> O- + F2 + OF2,Projectile-ion dissociation,ion,projectile_dissociation,mechanical,5,pass,unknown,unknown,unknown,unknown,,,,,true,,rxn_11727bec5e20
OF2- + OF2 -> OF- + F + OF2,Projectile-ion dissociation,ion,projectile_dissociation,mechanical,5,pass,unknown,unknown,unknown,unknown,,,,,true,,rxn_f42936277457
OF2- + S -> O- + S + F2,Projectile-ion dissociation,ion,projectile_dissociation,mechanical,5,pass,unknown,unknown,unknown,unknown,,,,,true,,rxn_6ca620300db1
OF2- + S -> OF- + F + S,Projectile-ion dissociation,ion,projectile_dissociation,mechanical,5,pass,unknown,unknown,unknown,unknown,,,,,true,,rxn_af670d1d3a56
OF2- + SF -> O- + SF + F2,Projectile-ion dissociation,ion,projectile_dissociation,mechanical,5,pass,unknown,unknown,unknown,unknown,,,,,true,,rxn_cf0e2a8b3a07
OF2- + SF -> OF- + F + SF,Projectile-ion dissociation,ion,projectile_dissociation,mechanical,5,pass,unknown,unknown,unknown,unknown,,,,,true,,rxn_b060ced84162
OF2- + SF2 -> O- + SF2 + F2,Projectile-ion dissociation,ion,projectile_dissociation,mechanical,5,pass,unknown,unknown,unknown,unknown,,,,,true,,rxn_8e55f3eb7b64
OF2- + SF2 -> OF- + F + SF2,Projectile-ion dissociation,ion,projectile_dissociation,mechanical,5,pass,unknown,unknown,unknown,unknown,,,,,true,,rxn_637cdbc33f81
OF2- + SF3 -> O- + SF3 + F2,Projectile-ion dissociation,ion,projectile_dissociation,mechanical,5,pass,unknown,unknown,unknown,unknown,,,,,true,,rxn_dd63e3472346
OF2- + SF3 -> OF- + F + SF3,Projectile-ion dissociation,ion,projectile_dissociation,mechanical,5,pass,unknown,unknown,unknown,unknown,,,,,true,,rxn_957089562150
OF2- + SF4 -> O- + SF4 + F2,Projectile-ion dissociation,ion,projectile_dissociation,mechanical,5,pass,unknown,unknown,unknown,unknown,,,,,true,,rxn_faab7120a8e0
OF2- + SF4 -> OF- + F + SF4,Projectile-ion dissociation,ion,projectile_dissociation,mechanical,5,pass,unknown,unknown,unknown,unknown,,,,,true,,rxn_1eb0cfacf52a
OF2- + SF5 -> O- + SF5 + F2,Projectile-ion dissociation,ion,projectile_dissociation,mechanical,5,pass,unknown,unknown,unknown,unknown,,,,,true,,rxn_9c5fa8d63738
OF2- + SF5 -> OF- + F + SF5,Projectile-ion dissociation,ion,projectile_dissociation,mechanical,5,pass,unknown,unknown,unknown,unknown,,,,,true,,rxn_18bab32f9f69
OF2- + SF6 -> O- + F2 + SF6,Projectile-ion dissociation,ion,projectile_dissociation,mechanical,5,pass,unknown,unknown,unknown,unknown,,,,,true,,rxn_d19975953c2c
OF2- + SF6 -> OF- + F + SF6,Projectile-ion dissociation,ion,projectile_dissociation,mechanical,5,pass,unknown,unknown,unknown,unknown,,,,,true,,rxn_951aa095f781
SO+ + Ar -> S+ + Ar + O,Projectile-ion dissociation,ion,projectile_dissociation,mechanical,5,pass,unknown,unknown,unknown,unknown,,,,,true,,rxn_f85f464af581
SO+ + F -> S+ + F + O,Projectile-ion dissociation,ion,projectile_dissociation,mechanical,5,pass,unknown,unknown,unknown,unknown,,,,,true,,rxn_19819a53ee9d
SO+ + O -> S+ + 2 O,Projectile-ion dissociation,ion,projectile_dissociation,mechanical,5,pass,unknown,unknown,unknown,unknown,,,,,true,,rxn_f0451559a585
SO+ + O2 -> S+ + O + O2,Projectile-ion dissociation,ion,projectile_dissociation,mechanical,5,pass,unknown,unknown,unknown,unknown,,,,,true,,rxn_4e4143d7095c
SO+ + O2F -> S+ + O2F + O,Projectile-ion dissociation,ion,projectile_dissociation,mechanical,5,pass,unknown,unknown,unknown,unknown,,,,,true,,rxn_e6675afb1828
SO+ + OF -> S+ + O + OF,Projectile-ion dissociation,ion,projectile_dissociation,mechanical,5,pass,unknown,unknown,unknown,unknown,,,,,true,,rxn_b266c4fae337
SO+ + S -> S+ + O + S,Projectile-ion dissociation,ion,projectile_dissociation,mechanical,5,pass,unknown,unknown,unknown,unknown,,,,,true,,rxn_da3cf6caffa9
SO+ + SF -> S+ + O + SF,Projectile-ion dissociation,ion,projectile_dissociation,mechanical,5,pass,unknown,unknown,unknown,unknown,,,,,true,,rxn_b0fd6a494b19
SO+ + SF2 -> S+ + O + SF2,Projectile-ion dissociation,ion,projectile_dissociation,mechanical,5,pass,unknown,unknown,unknown,unknown,,,,,true,,rxn_c1e61abe3764
SO+ + SF3 -> S+ + O + SF3,Projectile-ion dissociation,ion,projectile_dissociation,mechanical,5,pass,unknown,unknown,unknown,unknown,,,,,true,,rxn_ac8c75b8795d
SO+ + SF4 -> S+ + O + SF4,Projectile-ion dissociation,ion,projectile_dissociation,mechanical,5,pass,unknown,unknown,unknown,unknown,,,,,true,,rxn_5934f61287cc
SO+ + SF5 -> S+ + O + SF5,Projectile-ion dissociation,ion,projectile_dissociation,mechanical,5,pass,unknown,unknown,unknown,unknown,,,,,true,,rxn_a42d079b61de
SO+ + SF6 -> S+ + O + SF6,Projectile-ion dissociation,ion,projectile_dissociation,mechanical,5,pass,unknown,unknown,unknown,unknown,,,,,true,,rxn_d8fd554d6fc5
SO+ + SO -> S+ + O + SO,Projectile-ion dissociation,ion,projectile_dissociation,mechanical,5,pass,unknown,unknown,unknown,unknown,,,,,true,,rxn_e6405fb60464
SO- + Ar -> S- + Ar + O,Projectile-ion dissociation,ion,projectile_dissociation,mechanical,5,pass,unknown,unknown,unknown,unknown,,,,,true,,rxn_465270975d8f
SO- + F -> S- + F + O,Projectile-ion dissociation,ion,projectile_dissociation,mechanical,5,pass,unknown,unknown,unknown,unknown,,,,,true,,rxn_7a792da147b8
SO- + O -> S- + 2 O,Projectile-ion dissociation,ion,projectile_dissociation,mechanical,5,pass,unknown,unknown,unknown,unknown,,,,,true,,rxn_b4e6426b8e1b
SO- + O2 -> S- + O + O2,Projectile-ion dissociation,ion,projectile_dissociation,mechanical,5,pass,unknown,unknown,unknown,unknown,,,,,true,,rxn_ba3f0251d9a8
SO- + O2F -> S- + O2F + O,Projectile-ion dissociation,ion,projectile_dissociation,mechanical,5,pass,unknown,unknown,unknown,unknown,,,,,true,,rxn_7f52b215b738
SO- + OF -> S- + O + OF,Projectile-ion dissociation,ion,projectile_dissociation,mechanical,5,pass,unknown,unknown,unknown,unknown,,,,,true,,rxn_3cb483d1b98f
SO- + S -> S- + O + S,Projectile-ion dissociation,ion,projectile_dissociation,mechanical,5,pass,unknown,unknown,unknown,unknown,,,,,true,,rxn_0007705451a4
SO- + SF -> S- + O + SF,Projectile-ion dissociation,ion,projectile_dissociation,mechanical,5,pass,unknown,unknown,unknown,unknown,,,,,true,,rxn_8e5d4b37315f
SO- + SF2 -> S- + O + SF2,Projectile-ion dissociation,ion,projectile_dissociation,mechanical,5,pass,unknown,unknown,unknown,unknown,,,,,true,,rxn_b8780db7a912
SO- + SF3 -> S- + O + SF3,Projectile-ion dissociation,ion,projectile_dissociation,mechanical,5,pass,unknown,unknown,unknown,unknown,,,,,true,,rxn_bd7144f4e912
SO- + SF4 -> S- + O + SF4,Projectile-ion dissociation,ion,projectile_dissociation,mechanical,5,pass,unknown,unknown,unknown,unknown,,,,,true,,rxn_f72ac424d3f7
SO- + SF5 -> S- + O + SF5,Projectile-ion dissociation,ion,projectile_dissociation,mechanical,5,pass,unknown,unknown,unknown,unknown,,,,,true,,rxn_bfca1e264036
SO- + SF6 -> S- + O + SF6,Projectile-ion dissociation,ion,projectile_dissociation,mechanical,5,pass,unknown,unknown,unknown,unknown,,,,,true,,rxn_661a08a75d34
SO- + SO -> S- + O + SO,Projectile-ion dissociation,ion,projectile_dissociation,mechanical,5,pass,unknown,unknown,unknown,unknown,,,,,true,,rxn_f76ad0127ee4
O2F2+ + O2F2 -> O2F2+ + O2F2,Resonant charge exchange,ion,resonant_charge_exchange,mechanical,5,pass,unknown,pass,unknown,unknown,,,,,true,,rxn_4daf6c8781ae
O2F2- + O2F2 -> O2F2- + O2F2,Resonant charge exchange,ion,resonant_charge_exchange,mechanical,5,pass,unknown,pass,unknown,unknown,,,,,true,,rxn_95a421b87991
OF2+ + OF2 -> OF2+ + OF2,Resonant charge exchange,ion,resonant_charge_exchange,mechanical,5,pass,unknown,pass,unknown,unknown,,,,,true,,rxn_ca1f0cbcff06
OF2- + OF2 -> OF2- + OF2,Resonant charge exchange,ion,resonant_charge_exchange,mechanical,5,pass,unknown,pass,unknown,unknown,,,,,true,,rxn_4ce87daadfac
SO+ + SO -> SO+ + SO,Resonant charge exchange,ion,resonant_charge_exchange,mechanical,5,pass,unknown,pass,unknown,unknown,,,,,true,,rxn_b25d389cae18
SO- + SO -> SO- + SO,Resonant charge exchange,ion,resonant_charge_exchange,mechanical,5,pass,unknown,pass,unknown,unknown,,,,,true,,rxn_8d4a9be8e343
SOF+ + SOF -> SOF+ + SOF,Resonant charge exchange,ion,resonant_charge_exchange,mechanical,5,pass,unknown,pass,unknown,unknown,,,,,true,,rxn_035dfd8a0884
SOF- + SOF -> SOF- + SOF,Resonant charge exchange,ion,resonant_charge_exchange,mechanical,5,pass,unknown,pass,unknown,unknown,,,,,true,,rxn_64b432bf8033
